invoice_id,job_id,invoice_number,item,type,qty,unit_price_usd,amount_usd
invoice_7072f18119d446b9ab2b47faa9352b80,job_c614884e2bca48e8a9a97949e1e6a0d5,5421,System Installation,labor,1.0,1410.0,1410.0
invoice_7072f18119d446b9ab2b47faa9352b80,job_c614884e2bca48e8a9a97949e1e6a0d5,5421,Guarantees,labor,1.0,0.0,0.0
invoice_7072f18119d446b9ab2b47faa9352b80,job_c614884e2bca48e8a9a97949e1e6a0d5,5421,STANDARD 15 - Trane 3 Ton 15.2 Seer2 (16 SEER) Heat Pump System,material,1.0,11201.25,11201.25
invoice_7072f18119d446b9ab2b47faa9352b80,job_c614884e2bca48e8a9a97949e1e6a0d5,5421,Concrete Pad,material,1.0,233.0,233.0
invoice_7072f18119d446b9ab2b47faa9352b80,job_c614884e2bca48e8a9a97949e1e6a0d5,5421,Drain package,material,1.0,306.0,306.0
invoice_7072f18119d446b9ab2b47faa9352b80,job_c614884e2bca48e8a9a97949e1e6a0d5,5421,Add Ons - Attic Install,material,1.0,515.0,515.0
invoice_7072f18119d446b9ab2b47faa9352b80,job_c614884e2bca48e8a9a97949e1e6a0d5,5421,Add Ons - Trim Removal,material,1.0,258.0,258.0
invoice_581e03bb5c1243d28f0dd9734645b0d0,job_42631568907f486d878f6957f408e306,5420,Diagnostic/dispatch fees - Service & Repair Fee - Standard,labor,1.0,92.0,92.0
invoice_581e03bb5c1243d28f0dd9734645b0d0,job_42631568907f486d878f6957f408e306,5420,Service Calls - Repairs & Part Installation - Tier 3 Repair - Clear Drain Line,labor,1.0,165.0,165.0
invoice_581e03bb5c1243d28f0dd9734645b0d0,job_42631568907f486d878f6957f408e306,5420,Service Calls - Repairs & Part Installation - Tier 1 Repair - Vacuum drain pan,labor,1.0,53.0,53.0
invoice_b785c034528b42e5a99ad80c227d8f82,job_a5c5e4747682407395d2e1c931e31548,5419,Diagnostic/dispatch fees - Service & Repair Fee - Standard,labor,1.0,92.0,92.0
invoice_b785c034528b42e5a99ad80c227d8f82,job_a5c5e4747682407395d2e1c931e31548,5419,Service Calls - Repairs & Part Installation - Tier 3 Repair - Clear Drain Line,labor,1.0,165.0,165.0
invoice_c13bac15cb264fffbfb70cccd2b96d32,job_66fbf34dfa664ffe82236d2eebc16db2,5417,Jet Mainline Drain,labor,1.0,646.0,646.0
invoice_2169fd90d82843a6944c3330f6ba17f0,job_f4515747b105411ebfcb4c640392fd63,5415,Service & Repair Fee - Standard,labor,1.0,102.0,102.0
invoice_2169fd90d82843a6944c3330f6ba17f0,job_f4515747b105411ebfcb4c640392fd63,5415,Service Calls - Repairs & Part Installation - Tier 5 Repair - Condensate Pump Installation (New) Labor Only,labor,2.0,349.0,698.0
invoice_2169fd90d82843a6944c3330f6ba17f0,job_f4515747b105411ebfcb4c640392fd63,5415,MISC Labor - Repair Air Handler Insulation,labor,1.0,181.0,181.0
invoice_2169fd90d82843a6944c3330f6ba17f0,job_f4515747b105411ebfcb4c640392fd63,5415,MISC Labor - Re-Tape & Mastic Certain Spots of Supply & Return,labor,1.0,179.0,179.0
invoice_2169fd90d82843a6944c3330f6ba17f0,job_f4515747b105411ebfcb4c640392fd63,5415,Generic Parts / Service - Condensate pump,material,2.0,153.0,306.0
invoice_2169fd90d82843a6944c3330f6ba17f0,job_f4515747b105411ebfcb4c640392fd63,5415,Generic Parts / Service - I-Flo Drain Cleaner,material,3.0,471.0,1413.0
invoice_2169fd90d82843a6944c3330f6ba17f0,job_f4515747b105411ebfcb4c640392fd63,5415,Generic Parts / Service - Safety Switch,material,1.0,73.0,73.0
invoice_ba1abd305bb54307b99835cd6e370067,job_5c0eacac637a4c1586180c8d9217997e,5414,Install New IceMaker Box,labor,1.0,590.75,590.75
invoice_363450889a504467b94ffd340dc3269f,job_0e281b387ff947469acdf2a2718797a4,5413,HVAC Inspection,labor,1.0,142.0,142.0
invoice_f480e354ca8b4dcfb98b5a37ebd8e60a,job_dff06285f8cf43e5b248305c188c30fc,5412,Diagnostic/dispatch fees - Service & Repair Fee - Standard,labor,1.0,92.0,92.0
invoice_f480e354ca8b4dcfb98b5a37ebd8e60a,job_dff06285f8cf43e5b248305c188c30fc,5412,Service Calls - Repairs & Part Installation - Tier 3 Repair - Clear Drain Line,labor,1.0,165.0,165.0
invoice_2e91557019e44c7493cdd5883b2bc83a,job_cddd95727d5c42ada5ac96ca917e812f,5411,Diagnostic/dispatch fees - Service & Repair Fee - Standard,labor,1.0,92.0,92.0
invoice_f8395f3f26544eb0bcb06adb7775799c,job_ab9f882fc9754544959ceadb6f125738,5410,Service & Repair Fee - Standard,labor,1.0,102.0,102.0
invoice_f8395f3f26544eb0bcb06adb7775799c,job_ab9f882fc9754544959ceadb6f125738,5410,Tier 3 Repair - Clear Drain Line,labor,1.0,188.0,188.0
invoice_f8395f3f26544eb0bcb06adb7775799c,job_ab9f882fc9754544959ceadb6f125738,5410,Generic Parts / Service - Wet Switch,material,1.0,207.0,207.0
invoice_04a6a38a89a14a31bc0f0cc819e14ee7,job_950f9a2dfe964cf3a1b32368284d3efc,5409,General Labor,labor,2.0,77.0,154.0
invoice_04a6a38a89a14a31bc0f0cc819e14ee7,job_950f9a2dfe964cf3a1b32368284d3efc,5409,"Duct board, Insulation, Rosales tape, Mastic",material,4.0,72.0,288.0
invoice_855bc134221c4609b0eb664b4e767ffd,job_d002a7402a3845b185f191c4ad751faf,5408,Diagnostic/dispatch fees - Service & Repair Fee - Commercial,labor,1.0,183.0,183.0
invoice_855bc134221c4609b0eb664b4e767ffd,job_d002a7402a3845b185f191c4ad751faf,5408,Service Calls - Repairs & Part Installation - Tier 3 Repair - Cool Compressor,labor,1.0,77.0,77.0
invoice_855bc134221c4609b0eb664b4e767ffd,job_d002a7402a3845b185f191c4ad751faf,5408,Service Calls - Repairs & Part Installation - Tier 2 Repair - Leak Detection Tidewater Hospitality (Bubbles / Electronic),labor,1.0,96.0,96.0
invoice_855bc134221c4609b0eb664b4e767ffd,job_d002a7402a3845b185f191c4ad751faf,5408,Service Calls - Repairs & Part Installation - Tier 3 Repair - Reset Kitchen RTU,labor,2.0,77.0,154.0
invoice_7ae4c86c2d1c40878dac2412af39a63f,job_580032568fe441da8bd20a28f4ff785c,5407,Diagnostic/dispatch fees - Starfish Hospitality Service & Repair Fee - Standard,labor,1.0,77.0,77.0
invoice_2a69577cd8ac465484cf61192a20f435,job_c3b92eeae014487f87fd655b57014b7b,5406,Essency Tank heater,labor,1.0,6266.75,6266.75
invoice_f9d3a490100541bfaa694711bce82d4a,job_1ac14fd849ce4d6bab5af4711401e2f4,5405,New System Installation - Dehumidifier Installation,labor,1.0,824.0,824.0
invoice_f9d3a490100541bfaa694711bce82d4a,job_1ac14fd849ce4d6bab5af4711401e2f4,5405,"Duct Tidewater Hospitality / Repair - Duct Board Replacement - 1.5"" for Non-Insulated and Commercial",labor,4.0,179.0,716.0
invoice_f9d3a490100541bfaa694711bce82d4a,job_1ac14fd849ce4d6bab5af4711401e2f4,5405,Duct Tidewater Hospitality - Reattach Supplies,labor,5.0,73.0,365.0
invoice_f9d3a490100541bfaa694711bce82d4a,job_1ac14fd849ce4d6bab5af4711401e2f4,5405,Aprilaire E80 Dehumidifier,material,1.0,3708.0,3708.0
invoice_f9d3a490100541bfaa694711bce82d4a,job_1ac14fd849ce4d6bab5af4711401e2f4,5405,New Construction - Flex Duct - Generic,material,1.0,388.0,388.0
invoice_f9d3a490100541bfaa694711bce82d4a,job_1ac14fd849ce4d6bab5af4711401e2f4,5405,Add Ons - Drain package,material,1.0,280.0,280.0
invoice_8b4786d1251c46289928734ef5669dbd,job_c56b0b6f50844112ab3759f03918a9e2,5404,Diagnostic/dispatch fees - Service & Repair Fee - Standard,labor,1.0,92.0,92.0
invoice_8b4786d1251c46289928734ef5669dbd,job_c56b0b6f50844112ab3759f03918a9e2,5404,Service Calls - Repairs & Part Installation - Tier 7 Repair - Compressor Replacement,labor,1.0,1032.0,1032.0
invoice_8b4786d1251c46289928734ef5669dbd,job_c56b0b6f50844112ab3759f03918a9e2,5404,Compressor,material,1.0,582.0,582.0
invoice_8b4786d1251c46289928734ef5669dbd,job_c56b0b6f50844112ab3759f03918a9e2,5404,Generic Parts / Service - R410a refrigerant,material,8.0,132.0,1056.0
invoice_4eccbea1cd0b4930a63e97fb0a6cf914,job_3b8e7fb2f1804fe5a52d13d3283c1dc8,5403,Duct Tidewater Hospitality / Repair - Replace Supply - Flex Only,labor,6.0,475.0,2850.0
invoice_4eccbea1cd0b4930a63e97fb0a6cf914,job_3b8e7fb2f1804fe5a52d13d3283c1dc8,5403,Add Ons - Attic Install,material,1.0,515.0,515.0
invoice_8ae76cdb619e4ef4b82d7cea4ea4f564,job_2a8ff3ca0c094fdd98705f734261b260,5402,Diagnostic/dispatch fees - Service & Repair Fee - Commercial,labor,1.0,183.0,183.0
invoice_f75e8b4eb56d4c769d1690c57f101456,job_968144acccce47a695abed0a7bf3f7a2,5401,Service Calls - Repairs & Part Installation - Tier 1 Repair - Vacuum drain pan,labor,1.0,53.0,53.0
invoice_f75e8b4eb56d4c769d1690c57f101456,job_968144acccce47a695abed0a7bf3f7a2,5401,Diagnostic/dispatch fees - Service & Repair Fee - Standard,labor,1.0,92.0,92.0
invoice_f75e8b4eb56d4c769d1690c57f101456,job_968144acccce47a695abed0a7bf3f7a2,5401,Service Calls - Repairs & Part Installation - Tier 3 Repair - Clear Drain Line,labor,2.0,165.0,330.0
invoice_f75e8b4eb56d4c769d1690c57f101456,job_968144acccce47a695abed0a7bf3f7a2,5401,Generic Parts / Service - Ecobee 6 Thermostat,material,1.0,499.25,499.25
invoice_69e5b6972bf44cfcb8b6632128499a1f,job_1af8d0402b0246488ab64a7b2c5d4648,5400,Preventative Maintenance - Preventative Maintenance,labor,1.0,188.0,188.0
invoice_69e5b6972bf44cfcb8b6632128499a1f,job_1af8d0402b0246488ab64a7b2c5d4648,5400,Service Calls - Repairs & Part Installation - Tier 7 Repair(blower wheel and Coil),labor,1.0,1482.0,1482.0
invoice_69e5b6972bf44cfcb8b6632128499a1f,job_1af8d0402b0246488ab64a7b2c5d4648,5400,Add Ons - Blu QR UV Stick Horton,material,2.0,212.0,424.0
invoice_69e5b6972bf44cfcb8b6632128499a1f,job_1af8d0402b0246488ab64a7b2c5d4648,5400,Generic Parts / Service - Reme Halo Zero,material,2.0,969.0,1938.0
invoice_69e5b6972bf44cfcb8b6632128499a1f,job_1af8d0402b0246488ab64a7b2c5d4648,5400,Generic Parts / Service - Bio-Fresh Duct Cleaning,material,1.0,321.0,321.0
invoice_69e5b6972bf44cfcb8b6632128499a1f,job_1af8d0402b0246488ab64a7b2c5d4648,5400,Generic Parts / Service - Filter dryer,material,1.0,103.0,103.0
invoice_6087e05027db44c5aa580097853826ed,job_8cbae2bd384645d6afe865b6826dbb9a,5399,Hahn Group Preventative Maintenance,labor,1.0,1442.0,1442.0
invoice_41339c94f0c346f0b33af9ab12f10c27,job_8ceaf0fcbac94fe7b709a32218033132,5398,General Labor,labor,2.0,77.0,154.0
invoice_41339c94f0c346f0b33af9ab12f10c27,job_8ceaf0fcbac94fe7b709a32218033132,5398,"Duct board, Insulation, Rosales tape, Mastic",material,4.0,72.0,288.0
invoice_9431fa1308e146df8953a0700bcf234c,job_9726fb27ff7e4f4abd061016135e4b15,5397,Diagnostic/dispatch fees - Service & Repair Fee - Commercial,labor,1.0,183.0,183.0
invoice_9431fa1308e146df8953a0700bcf234c,job_9726fb27ff7e4f4abd061016135e4b15,5397,Generic Parts / Service - Honeywell FocusPro N100,material,1.0,194.0,194.0
invoice_ad76cf1084044d58b3a3a51459516696,job_9726fb27ff7e4f4abd061016135e4b15,5396,Diagnostic/dispatch fees - Service & Repair Fee - Commercial,labor,1.0,183.0,183.0
invoice_ad76cf1084044d58b3a3a51459516696,job_9726fb27ff7e4f4abd061016135e4b15,5396,Generic Parts / Service - Honeywell FocusPro N100,material,1.0,194.0,194.0
invoice_26bdd4517fcb42798837053914f788f7,job_ac0f59b415ab4ee8b2855ab02f42691d,5395,Diagnostic/dispatch fees - Service & Repair Fee - Commercial,labor,1.0,183.0,183.0
invoice_26bdd4517fcb42798837053914f788f7,job_ac0f59b415ab4ee8b2855ab02f42691d,5395,Generic Parts / Service - Honeywell FocusPro N100,material,1.0,194.0,194.0
invoice_c9668a3884924adeb08292ac642fa57e,job_c77d577f5ac04eac9c16a003e362c91c,5394,Duct Tidewater Hospitality / Repair - Replace Return - Andre's Office,labor,1.0,489.0,489.0
invoice_c9668a3884924adeb08292ac642fa57e,job_c77d577f5ac04eac9c16a003e362c91c,5394,Generic Parts / Service - Honeywell FocusPro N100,material,1.0,194.0,194.0
invoice_06892044439c494b81ba97cb60dae2ca,job_187ab7b608e4472abf24eebf35db0dcd,5393,Preventative Maintenance - Preventative Maintenance,labor,1.0,92.0,92.0
invoice_7d2621a1c1204127885de6e804f377dd,job_cd251df74e684df897b4dc0fa2043b58,5392,Essency Tank heater,labor,1.0,6166.25,6166.25
invoice_91c316b941f449c9a2c6d36296308de0,job_b872e7e2a6084094ae32d4ed5ce67635,5391,Service Calls - Repairs & Part Installation - Tier 5 Repair - Condensate Pump Installation (New) Labor Only,labor,1.0,349.0,349.0
invoice_91c316b941f449c9a2c6d36296308de0,job_b872e7e2a6084094ae32d4ed5ce67635,5391,Generic Parts / Service - Condensate pump,material,1.0,153.0,153.0
invoice_a1add80c12c8444b990d45b9b1710f97,job_1256b15e33a0431f8f5edee5fcaadbb3,5390,Diagnostic/dispatch fees - Service & Repair Fee - Standard,labor,1.0,92.0,92.0
invoice_a1add80c12c8444b990d45b9b1710f97,job_1256b15e33a0431f8f5edee5fcaadbb3,5390,Service Calls - Repairs & Part Installation - Tier 3 Repair - Capacitor Replacement,labor,1.0,165.0,165.0
invoice_4d4284fb56fb4496be4b6837eadafa2f,job_5cc3e949cf524acea2f5a080792ecf47,5389,Visit #3,labor,1.0,250.0,250.0
invoice_ff4a7609653d405d95bc5c94917723d3,job_12792e5f7ebf4149a6abaecaa4253d4d,5388,Service & Repair Fee - After-Hours,labor,1.0,167.0,167.0
invoice_ff4a7609653d405d95bc5c94917723d3,job_12792e5f7ebf4149a6abaecaa4253d4d,5388,Generic Parts / Service - R410a refrigerant,material,2.0,132.0,264.0
invoice_778a4afd240e4282a1f1624ee6c4b3fc,job_13d7c056856e496ebcaad6f347de85ea,5387,Service & Repair Fee - Standard,labor,1.0,102.0,102.0
invoice_e69ecff9046440cbac5a2d9a22a5aa69,job_97164293a9e14089a31c46c42fb12ea0,5386,Diagnostic/dispatch fees - Service & Repair Fee - After-Hours,labor,1.0,184.0,184.0
invoice_e69ecff9046440cbac5a2d9a22a5aa69,job_97164293a9e14089a31c46c42fb12ea0,5386,Service Calls - Repairs & Part Installation - Tier 2 Repair - Leak Detection Tidewater Hospitality (Bubbles / Electronic),labor,1.0,96.0,96.0
invoice_e69ecff9046440cbac5a2d9a22a5aa69,job_97164293a9e14089a31c46c42fb12ea0,5386,Generic Parts / Service - R410a refrigerant,material,1.5,132.0,198.0
invoice_073e33703ce046dabea3470a5505ad5a,job_ab9f882fc9754544959ceadb6f125738,5385,Service & Repair Fee - Standard,labor,1.0,102.0,102.0
invoice_073e33703ce046dabea3470a5505ad5a,job_ab9f882fc9754544959ceadb6f125738,5385,Tier 3 Repair - Clear Drain Line,labor,1.0,188.0,188.0
invoice_1177abadd93a435fa72b196bccad475a,job_9d1197598c934e90ad15c81cf0a39134,5384,Preventative Maintenance - Residential Preventative Maintenance,labor,1.0,92.0,92.0
invoice_1177abadd93a435fa72b196bccad475a,job_9d1197598c934e90ad15c81cf0a39134,5384,Service Calls - Repairs & Part Installation - Tier 3 Repair - Capacitor Replacement,labor,1.0,165.0,165.0
invoice_cf8f7ecdce964cb397b75123a617ba1b,job_a5f4ba7071004661b57448f400f3b3e5,5383,MISC Labor - Installing New Fan Tech Exhaust Fans,labor,1.0,3880.0,3880.0
invoice_cf8f7ecdce964cb397b75123a617ba1b,job_a5f4ba7071004661b57448f400f3b3e5,5383,Generic Parts / Service - (9) Fan-Tech Bathroom Exhaust Fans,material,1.0,2614.0,2614.0
invoice_cb4a33e5058243d195cbad7aa0b190b4,job_365842949a114de0aac5f1a21a58e642,5382,Jet Branchline Drain,labor,1.0,429.25,429.25
invoice_886d44a4f801453290c896829b823411,job_ee8196f859dd4aa4906340a951140b95,5380,System Installation,labor,1.0,1410.0,1410.0
invoice_886d44a4f801453290c896829b823411,job_ee8196f859dd4aa4906340a951140b95,5380,Guarantees,labor,1.0,0.0,0.0
invoice_886d44a4f801453290c896829b823411,job_ee8196f859dd4aa4906340a951140b95,5380,2 Ton - STANDARD CHOICE 15 - Trane 2 Ton 15.2 Seer2 (16 SEER) Heat Pump System,material,1.0,10103.5,10103.5
invoice_886d44a4f801453290c896829b823411,job_ee8196f859dd4aa4906340a951140b95,5380,Concrete Pad,material,1.0,233.0,233.0
invoice_886d44a4f801453290c896829b823411,job_ee8196f859dd4aa4906340a951140b95,5380,Drain package,material,1.0,306.0,306.0
invoice_372b5caeee4b4c7c8d4c11858a9af7c1,job_1c0a3a7371864700977097dfe6a12edf,5379,Diagnostic/dispatch fees - Service & Repair Fee - Standard,labor,1.0,92.0,92.0
invoice_372b5caeee4b4c7c8d4c11858a9af7c1,job_1c0a3a7371864700977097dfe6a12edf,5379,Service Calls - Repairs & Part Installation - Tier 3 Repair - Clear Drain Line,labor,1.0,165.0,165.0
invoice_db1397623fa642979c1bfc7e3589bf11,job_141391143e9e4c699107a395ceadd497,5378,Service Calls - Repairs & Part Installation - Tier 7 Repair,labor,1.0,946.0,946.0
invoice_db1397623fa642979c1bfc7e3589bf11,job_141391143e9e4c699107a395ceadd497,5378,Generic Parts / Service - Filter dryer,material,1.0,103.0,103.0
invoice_db1397623fa642979c1bfc7e3589bf11,job_141391143e9e4c699107a395ceadd497,5378,Generic Parts / Service - R410a refrigerant,material,1.0,132.0,132.0
invoice_72c02af8edf54a6a8e56b57091ca865e,job_53c2564f353a4e639afb192f63dd6d57,5377,Diagnostic/dispatch fees - Service & Repair Fee - Standard,labor,1.0,92.0,92.0
invoice_72c02af8edf54a6a8e56b57091ca865e,job_53c2564f353a4e639afb192f63dd6d57,5377,Service Calls - Repairs & Part Installation - Tier 3 Repair - Capacitor Replacement,labor,1.0,165.0,165.0
invoice_ad1698c39e93462c8c57fc6242228f39,job_96bdc6e7b8a34fbbaf5f6b0f84a032c9,5376,Service & Repair Fee - Standard,labor,1.0,102.0,102.0
invoice_0048cc66ada04014bc646ae0fdcfba81,job_97164293a9e14089a31c46c42fb12ea0,5375,Diagnostic/dispatch fees - Service & Repair Fee - After-Hours,labor,1.0,184.0,184.0
invoice_0048cc66ada04014bc646ae0fdcfba81,job_97164293a9e14089a31c46c42fb12ea0,5375,Service Calls - Repairs & Part Installation - Tier 2 Repair - Leak Detection Tidewater Hospitality (Bubbles / Electronic),labor,1.0,96.0,96.0
invoice_0048cc66ada04014bc646ae0fdcfba81,job_97164293a9e14089a31c46c42fb12ea0,5375,Generic Parts / Service - R410a refrigerant,material,1.5,132.0,198.0
invoice_e69fb23241eb4acc9bfbd8123a20ec9b,job_daa098f06c474dcc82a16811a07ed249,5374,Diagnostic/dispatch fees - Service & Repair Fee - Standard,labor,1.0,92.0,92.0
invoice_8b0c432d97f94fbab36075ab32184062,job_a4513c873743435c99fd791ceca398d2,5373,Service & Repair Fee - Standard,labor,1.0,102.0,102.0
invoice_8b0c432d97f94fbab36075ab32184062,job_a4513c873743435c99fd791ceca398d2,5373,Service Calls - Repairs & Part Installation - Tier 2 Repair - Leak Detection Tidewater Hospitality (Bubbles / Electronic),labor,1.0,96.0,96.0
invoice_8b0c432d97f94fbab36075ab32184062,job_a4513c873743435c99fd791ceca398d2,5373,Generic Parts / Service - R410a refrigerant,material,2.0,132.0,264.0
invoice_aa9015aaa54e4644abede6f801f6f0e3,job_7265768caf564ffeb396a1c8a4fed3e7,5372,Service & Repair Fee - Standard,labor,1.0,102.0,102.0
invoice_b0ba3f7bbab547908c024319ecbb0ce8,job_61f202e1c13e407882ff1c5887c488fd,5371,Diagnostic/dispatch fees - Service & Repair Fee - Standard,labor,1.0,92.0,92.0
invoice_0411f325978b4b4598dcf9b6ab70f983,job_254c2ca58bdb465e8f24cf9109ae4f39,5370,Diagnostic/dispatch fees - Service & Repair Fee - Standard,labor,1.0,92.0,92.0
invoice_0411f325978b4b4598dcf9b6ab70f983,job_254c2ca58bdb465e8f24cf9109ae4f39,5370,Service Calls - Repairs & Part Installation - Tier 6 Repair,labor,1.0,523.0,523.0
invoice_0411f325978b4b4598dcf9b6ab70f983,job_254c2ca58bdb465e8f24cf9109ae4f39,5370,Generic Parts / Service - R410a refrigerant,material,3.0,132.0,396.0
invoice_81ba620cbf774a26afe82367498ca627,job_0c19b7f496d34f1cb4a55058aa47b0ed,5369,Diagnostic/dispatch fees - Service & Repair Fee - Standard,labor,1.0,92.0,92.0
invoice_ed240979dc0347afb6b0e32b250e9143,job_76c7329d029846f9bb295df7f1117ac8,5368,Visit #1,labor,1.0,188.0,188.0
invoice_e791812b52a64db38b617551b7a73659,job_ee0e72802ba0410a99ee53382c836c9a,5367,Diagnostic/dispatch fees - Service & Repair Fee - Standard,labor,1.0,92.0,92.0
invoice_e791812b52a64db38b617551b7a73659,job_ee0e72802ba0410a99ee53382c836c9a,5367,Service Calls - Repairs & Part Installation - Tier 2 Repair - Leak Detection Tidewater Hospitality (Bubbles / Electronic),labor,1.0,96.0,96.0
invoice_02896fc855884689a4a6c49c800ca920,job_9c987f6c30fe4a9faeb268b7d3ec5b43,5366,Service Calls - Repairs & Part Installation - Tier 6 Repair - High/ Low Pressure Switch + Filter Dryer,labor,1.0,572.0,572.0
invoice_02896fc855884689a4a6c49c800ca920,job_9c987f6c30fe4a9faeb268b7d3ec5b43,5366,Generic Parts / Service - Filter dryer,material,1.0,103.0,103.0
invoice_02896fc855884689a4a6c49c800ca920,job_9c987f6c30fe4a9faeb268b7d3ec5b43,5366,Unit Specific Parts - High & Low Pressure Switch,material,1.0,336.0,336.0
invoice_02896fc855884689a4a6c49c800ca920,job_9c987f6c30fe4a9faeb268b7d3ec5b43,5366,Generic Parts / Service - R410a refrigerant,material,2.0,132.0,264.0
invoice_eed6622a2ddf47ab866e2731730db4e9,job_c15a05bdb3ac492fa3c3704fcedf0db5,5365,Service Calls - Repairs & Part Installation - Tier 3 Repair - Installation of Temperature Sensor,labor,1.0,166.0,166.0
invoice_eed6622a2ddf47ab866e2731730db4e9,job_c15a05bdb3ac492fa3c3704fcedf0db5,5365,Visit #4,labor,1.0,484.0,484.0
invoice_eed6622a2ddf47ab866e2731730db4e9,job_c15a05bdb3ac492fa3c3704fcedf0db5,5365,30x20x1 Return Grille with filter,material,1.0,95.0,95.0
invoice_eed6622a2ddf47ab866e2731730db4e9,job_c15a05bdb3ac492fa3c3704fcedf0db5,5365,WARRANTY Parts / Service - WARRANTY - Temperature Sesnor,material,1.0,0.0,0.0
invoice_b56e05b3959645dd952e2dd948314ca0,job_11522391e7b94a899ebd32dc8e654569,5364,Visit #1,labor,1.0,317.0,317.0
invoice_f7c6ebc76d5e4ffb80a6bc1fa8830aba,job_ee12bbe610b44a39926da6863adad126,5363,Diagnostic/dispatch fees - Service & Repair Fee - After-Hours,labor,1.0,184.0,184.0
invoice_f7c6ebc76d5e4ffb80a6bc1fa8830aba,job_ee12bbe610b44a39926da6863adad126,5363,Service Calls - Repairs & Part Installation - Rescue Motor,material,1.0,676.0,676.0
invoice_d8a6e067461747519255f43f008422c0,job_eee5fa26f6bd48848204913114823e89,5362,Diagnostic/dispatch fees - Service & Repair Fee - After-Hours,labor,1.0,184.0,184.0
invoice_d8a6e067461747519255f43f008422c0,job_eee5fa26f6bd48848204913114823e89,5362,Service Calls - Repairs & Part Installation - Tier 2 Repair - Replace fuse,labor,1.0,97.0,97.0
invoice_c4f3c1fabc764edeb3f4782822934007,job_9f3c3b4572c145a488de379616228fcc,5361,Diagnostic/dispatch fees - Service & Repair Fee - After-Hours,labor,1.0,184.0,184.0
invoice_c4f3c1fabc764edeb3f4782822934007,job_9f3c3b4572c145a488de379616228fcc,5361,Service Calls - Repairs & Part Installation - Tier 3 Repair - Clear Drain Line,labor,1.0,165.0,165.0
invoice_f975d03ef0b94b3a8623f09a1bf0c8c3,job_6a64b319d7274207ba58f07b589b9a90,5360,Visit #3,labor,1.0,97.0,97.0
invoice_46ff564ad05640ac9247789d9e794092,job_f7d868bb3ebf40a2a08592382899f32e,5359,Diagnostic/dispatch fees - Service & Repair Fee - Standard,labor,1.0,92.0,92.0
invoice_46ff564ad05640ac9247789d9e794092,job_f7d868bb3ebf40a2a08592382899f32e,5359,Service Calls - Repairs & Part Installation - Tier 3 Repair - Clear Drain Line,labor,1.0,165.0,165.0
invoice_46ff564ad05640ac9247789d9e794092,job_f7d868bb3ebf40a2a08592382899f32e,5359,Service Calls - Repairs & Part Installation - Tier 2 Repair - Reprogram Thermostat,labor,1.0,104.0,104.0
invoice_7120976a75994144aaeca73ae7fdb86d,job_4dfa0f50323d44af9d62e41bc068807c,5358,Preventative Maintenance - Residential Preventative Maintenance,labor,1.0,92.0,92.0
invoice_7120976a75994144aaeca73ae7fdb86d,job_4dfa0f50323d44af9d62e41bc068807c,5358,Service Calls - Repairs & Part Installation - Tier 3 Repair - Capacitor Replacement,labor,1.0,165.0,165.0
invoice_73ff03ce58ab453ebdda3f5748248e33,job_e06f7fa8f06d415d9f99eb96cd8af973,5357,Diagnostic/dispatch fees - Service & Repair Fee - Standard,labor,1.0,92.0,92.0
invoice_73ff03ce58ab453ebdda3f5748248e33,job_e06f7fa8f06d415d9f99eb96cd8af973,5357,Service Calls - Repairs & Part Installation - Tier 3 Repair - Clear Drain Line,labor,1.0,165.0,165.0
invoice_957449bc6fe14f68a80f94067aea489c,job_3a3b7cc03f674ddc917c51043b17be31,5356,Diagnostic/dispatch fees - Service & Repair Fee - After-Hours,labor,1.0,184.0,184.0
invoice_957449bc6fe14f68a80f94067aea489c,job_3a3b7cc03f674ddc917c51043b17be31,5356,Service Calls - Repairs & Part Installation - Tier 3 Repair - Clear Drain Line,labor,1.0,165.0,165.0
invoice_09efdc1fa8984d718d3be1137ff54542,job_34a9343c00864917adab89c6fcbb7677,5355,Diagnostic/dispatch fees - Service & Repair Fee - Standard,labor,1.0,92.0,92.0
invoice_09efdc1fa8984d718d3be1137ff54542,job_34a9343c00864917adab89c6fcbb7677,5355,Service Calls - Repairs & Part Installation - Tier 1 Repair - Clear Exhaust Vents,labor,1.0,52.0,52.0
invoice_4dab67eb32ed4fbc852dc1813bcc4863,job_a31fd84ef5f24a50a619fbf74d8394cd,5354,Service & Repair Fee - Standard,labor,1.0,102.0,102.0
invoice_4dab67eb32ed4fbc852dc1813bcc4863,job_a31fd84ef5f24a50a619fbf74d8394cd,5354,Service Calls - Repairs & Part Installation - Tier 3 Repair - Clear Drain Line,labor,1.0,165.0,165.0
invoice_51b4e1a8664d4c2986cd404b98f884cf,job_2490183878c5449cadd1bfe78c84f490,5353,Service & Repair Fee - Standard,labor,1.0,102.0,102.0
invoice_51b4e1a8664d4c2986cd404b98f884cf,job_2490183878c5449cadd1bfe78c84f490,5353,Service Calls - Repairs & Part Installation - Tier 2 Repair - Static Pressure Tidewater Hospitality,labor,1.0,264.0,264.0
invoice_51b4e1a8664d4c2986cd404b98f884cf,job_2490183878c5449cadd1bfe78c84f490,5353,Service Calls - Repairs & Part Installation - Tier 1 Repair - Lower Speed Tabs,labor,1.0,51.0,51.0
invoice_ec4c8ac3aee64d3abcbfbe3d3467dfd6,job_9634e09f10cf45f9ac5d97a2d6e7c7d0,5352,System Installation,labor,1.0,1410.0,1410.0
invoice_ec4c8ac3aee64d3abcbfbe3d3467dfd6,job_9634e09f10cf45f9ac5d97a2d6e7c7d0,5352,Service Calls - Repairs & Part Installation - Guarantees,labor,1.0,0.0,0.0
invoice_ec4c8ac3aee64d3abcbfbe3d3467dfd6,job_9634e09f10cf45f9ac5d97a2d6e7c7d0,5352,Carrier Heat Pump - 3 Ton Condenser - 15 SEER,material,1.0,5167.0,5167.0
invoice_ec4c8ac3aee64d3abcbfbe3d3467dfd6,job_9634e09f10cf45f9ac5d97a2d6e7c7d0,5352,Comfort Series Front Return - 3 Ton,material,1.0,2348.0,2348.0
invoice_ec4c8ac3aee64d3abcbfbe3d3467dfd6,job_9634e09f10cf45f9ac5d97a2d6e7c7d0,5352,Electric Heater - 8kW 240 Volt-Single Phase with Terminal Block,material,1.0,269.0,269.0
invoice_ec4c8ac3aee64d3abcbfbe3d3467dfd6,job_9634e09f10cf45f9ac5d97a2d6e7c7d0,5352,Honeywell Home FocusPRO® N100,material,1.0,190.0,190.0
invoice_ec4c8ac3aee64d3abcbfbe3d3467dfd6,job_9634e09f10cf45f9ac5d97a2d6e7c7d0,5352,Add Ons - Drain package,material,1.0,280.0,280.0
invoice_00149f4e88fb479b96c253a347c3814b,job_fb89edbb860047a5bd737a2009a98b31,5351,50 Gallon Electric Water Heater 6 Yr,labor,1.0,2332.25,2332.25
invoice_2992649643fc47ffab4cf43fadcbacec,job_2018ca186a964716a888c4451d0e8198,5350,Diagnostic/dispatch fees - Service & Repair Fee - Standard,labor,1.0,92.0,92.0
invoice_2992649643fc47ffab4cf43fadcbacec,job_2018ca186a964716a888c4451d0e8198,5350,Service Calls - Repairs & Part Installation - Tier 3 Repair - Clear Drain Line,labor,1.0,165.0,165.0
invoice_ea0e89a57f1c4b118c66b3a56856a908,job_5b9c00ae29384678aeffc34dc6ff84c8,5349,Diagnostic/dispatch fees - Service & Repair Fee - Standard,labor,1.0,92.0,92.0
invoice_ea0e89a57f1c4b118c66b3a56856a908,job_5b9c00ae29384678aeffc34dc6ff84c8,5349,Service Calls - Repairs & Part Installation - Tier 3 Repair - Capacitor Replacement,labor,1.0,165.0,165.0
invoice_1142ef2d7d734819aac245162c025961,job_9a6dff87159f4dd2a960a58f0278951d,5348,Diagnostic/dispatch fees - Service & Repair Fee - Standard,labor,1.0,92.0,92.0
invoice_1142ef2d7d734819aac245162c025961,job_9a6dff87159f4dd2a960a58f0278951d,5348,Service Calls - Repairs & Part Installation - Tier 2 Repair - Replace fuse,labor,1.0,97.0,97.0
invoice_1142ef2d7d734819aac245162c025961,job_9a6dff87159f4dd2a960a58f0278951d,5348,Service Calls - Repairs & Part Installation - **Tier 1 Repair - Repair Wiring,labor,1.0,48.0,48.0
invoice_cb40dda0abf2401f9492a12e4fb7aaed,job_12b0702dacd24a2aa428ef45e3fa237a,5347,Generic Parts / Service - Bio-Fresh Duct Cleaning,material,2.0,321.0,642.0
invoice_e661b04544e846938b6710855cd91986,job_4271cf0061344e35bc7375021d86f8fb,5346,Visit #1,labor,1.0,88.0,88.0
invoice_25d17bdf3982478ab5a44208219c090c,job_02e4438f3e4f4e54ac5a39b7ea5af302,5345,Service & Repair Fee - Standard,labor,1.0,102.0,102.0
invoice_c2b1059ae4ab40679f3d77f9872c000e,job_025b60354457443ab5185cf26c2a3488,5343,Rescue Motor,labor,1.0,731.0,731.0
invoice_c2b1059ae4ab40679f3d77f9872c000e,job_025b60354457443ab5185cf26c2a3488,5343,Service & Repair Fee - After-Hours,labor,1.0,167.0,167.0
invoice_afd65cdc5ac0456883edf0c162246127,job_61b72065340046fd9867faa2c358c876,5342,Visit #3,labor,1.0,185.0,185.0
invoice_06baa1068a3c4a7d86755b3944a2ec90,job_ad0317a60fa442efa64c2c78cd36a902,5341,Service & Repair Fee - Standard,labor,1.0,102.0,102.0
invoice_7ea2751af3bf407ba3467361a0feae4f,job_1eaa9e8463cd4565885369788585803a,5340,Service Calls - Repairs & Part Installation - Tier 6 Repair - Control Board Replacement,labor,1.0,485.0,485.0
invoice_7ea2751af3bf407ba3467361a0feae4f,job_1eaa9e8463cd4565885369788585803a,5340,Diagnostic/dispatch fees - Service & Repair Fee - After-Hours,labor,1.0,184.0,184.0
invoice_7ea2751af3bf407ba3467361a0feae4f,job_1eaa9e8463cd4565885369788585803a,5340,Unit Specific Parts - Blower Control Board,material,1.0,146.0,146.0
invoice_2a060c38d8974bccbc334d90902dcdc9,job_df7af7afd5fa47de99a441f31b86ce9e,5339,Service & Repair Fee - Standard,labor,1.0,102.0,102.0
invoice_7bca49348ea44253bf03305d13535718,job_9fa4f9630378483091887c70a92c5aa8,5338,Diagnostic/dispatch fees - Service & Repair Fee - Standard,labor,1.0,92.0,92.0
invoice_515c0fb277c649e4bfe3c6c66472e03e,job_4931699482424b7ab638deae2a14fcbc,5337,AO Kirby 30 Gallon Electric Water Heater (Low Boy),labor,1.0,2618.0,2618.0
invoice_c9887fe2d4d9422c84556b2cdd458f7f,job_7c9999fdef7640829defef91f7252f41,5336,Plenum / Duct Board Replacement - Plenum Only,labor,1.0,464.0,464.0
invoice_c9887fe2d4d9422c84556b2cdd458f7f,job_7c9999fdef7640829defef91f7252f41,5336,Replace Supply - Flex and Boot,labor,1.0,514.5,514.5
invoice_c9887fe2d4d9422c84556b2cdd458f7f,job_7c9999fdef7640829defef91f7252f41,5336,Diagnostic/dispatch fees - Service & Repair Fee - Standard,labor,1.0,92.0,92.0
invoice_28d5c1f91df442c49e9bcf24e103f7a7,job_ecf97e2334714e1bb9270eb6be5d39ec,5335,Duct Tidewater Hospitality / Repair - Replace Supply - Flex and Boot,labor,1.0,426.0,426.0
invoice_28d5c1f91df442c49e9bcf24e103f7a7,job_ecf97e2334714e1bb9270eb6be5d39ec,5335,Add Supply - Labor,labor,2.0,41.0,82.0
invoice_28d5c1f91df442c49e9bcf24e103f7a7,job_ecf97e2334714e1bb9270eb6be5d39ec,5335,Supply Grille,labor,1.0,51.0,51.0
invoice_23aaa34298544f32aa3563b1df452085,job_9ffe079d8f0c4bb18ae95ababfd88963,5334,Service Calls - Repairs & Part Installation - Tier 1 Repair - Patching,labor,2.0,76.0,152.0
invoice_28e27c5b5e784b88b68492b2dfcd1774,job_03e1ee88717d4a7ea92a5296f7ceadff,5333,Service & Repair Fee - Standard,labor,1.0,102.0,102.0
invoice_4b462b5bd7fe4a2da5597e41424e23d1,job_bb9b85e0caba4308be442d419668104b,5332,Diagnostic/dispatch fees - Service & Repair Fee - Standard,labor,1.0,92.0,92.0
invoice_4b462b5bd7fe4a2da5597e41424e23d1,job_bb9b85e0caba4308be442d419668104b,5332,Service Calls - Repairs & Part Installation - Tier 2 Repair - Coil clean in place,labor,1.0,94.0,94.0
invoice_3a682cfa8eb14d59999a57d375d850c2,job_08c6631df59547ba91769a96e820af26,5331,Service Calls - Repairs & Part Installation - Tier 3 Repair - Capacitor Replacement,labor,2.0,165.0,330.0
invoice_3a682cfa8eb14d59999a57d375d850c2,job_08c6631df59547ba91769a96e820af26,5331,Visit #4,labor,1.0,267.0,267.0
invoice_889105ca482d4a4b8d3a2332b917ce76,job_dd7d2351251a4d0591b719b670ac5818,5330,Service Calls - Repairs & Part Installation - Tier 6 Repair - TXV/Piston Repair + Filter Drier,labor,1.0,609.0,609.0
invoice_889105ca482d4a4b8d3a2332b917ce76,job_dd7d2351251a4d0591b719b670ac5818,5330,Generic Parts / Service - Filter dryer,material,1.0,103.0,103.0
invoice_889105ca482d4a4b8d3a2332b917ce76,job_dd7d2351251a4d0591b719b670ac5818,5330,Unit Specific Parts - TXV/ Piston,material,1.0,121.0,121.0
invoice_889105ca482d4a4b8d3a2332b917ce76,job_dd7d2351251a4d0591b719b670ac5818,5330,Generic Parts / Service - R410a refrigerant,material,3.0,132.0,396.0
invoice_e8606bcbb7a44e21995186b68319ab62,job_b1dc2f14f255471e9db0e7f89fc0a5fa,5329,Service Calls - Repairs & Part Installation - Tier 6 Repair - Filter Drier,labor,1.0,562.0,562.0
invoice_e8606bcbb7a44e21995186b68319ab62,job_b1dc2f14f255471e9db0e7f89fc0a5fa,5329,Generic Parts / Service - Filter dryer,material,1.0,103.0,103.0
invoice_e8606bcbb7a44e21995186b68319ab62,job_b1dc2f14f255471e9db0e7f89fc0a5fa,5329,Generic Parts / Service - R410a refrigerant,material,2.0,132.0,264.0
invoice_e8606bcbb7a44e21995186b68319ab62,job_b1dc2f14f255471e9db0e7f89fc0a5fa,5329,Weekend Install,material,1.0,106.0,106.0
invoice_f814355d735d416987cffd28af3d5148,job_6efe24bece9d4971a88ab2e36441bbc6,5328,Duct Tidewater Hospitality / Repair - Replace Supply - Flex Only,labor,4.0,334.0,1336.0
invoice_f814355d735d416987cffd28af3d5148,job_6efe24bece9d4971a88ab2e36441bbc6,5328,Duct Tidewater Hospitality / Repair - Plenum / Duct Board Replacement - Plenum Only,labor,1.0,436.0,436.0
invoice_f814355d735d416987cffd28af3d5148,job_6efe24bece9d4971a88ab2e36441bbc6,5328,"Duct Tidewater Hospitality / Repair - Duct Board Replacement - 1"" for Insulated Residential",labor,8.0,174.5,1396.0
invoice_f814355d735d416987cffd28af3d5148,job_6efe24bece9d4971a88ab2e36441bbc6,5328,Duct Tidewater Hospitality / Repair - Replace Supply - Flex and Boot,labor,2.0,503.25,1006.5
invoice_f814355d735d416987cffd28af3d5148,job_6efe24bece9d4971a88ab2e36441bbc6,5328,Duct Tidewater Hospitality / Repair - Replace Supply - Flex Only,labor,2.0,526.0,1052.0
invoice_f814355d735d416987cffd28af3d5148,job_6efe24bece9d4971a88ab2e36441bbc6,5328,Diagnostic/dispatch fees - Service & Repair Fee - Standard,labor,1.0,92.0,92.0
invoice_f814355d735d416987cffd28af3d5148,job_6efe24bece9d4971a88ab2e36441bbc6,5328,Add Ons - Blu QR UV Stick Horton,material,1.0,212.0,212.0
invoice_f814355d735d416987cffd28af3d5148,job_6efe24bece9d4971a88ab2e36441bbc6,5328,Generic Parts / Service - Reme Halo Zero,material,1.0,969.0,969.0
invoice_b039883e17a945fd83b851804d40d32f,job_24daf17df5844090954d39583feb21dc,5327,Diagnostic/dispatch fees - Service & Repair Fee - After-Hours,labor,1.0,184.0,184.0
invoice_b039883e17a945fd83b851804d40d32f,job_24daf17df5844090954d39583feb21dc,5327,New System Installation - System Installation,labor,1.0,1584.0,1584.0
invoice_b039883e17a945fd83b851804d40d32f,job_24daf17df5844090954d39583feb21dc,5327,"Install of 10"" Automatic Damper",labor,1.0,206.0,206.0
invoice_b039883e17a945fd83b851804d40d32f,job_24daf17df5844090954d39583feb21dc,5327,3 Ton - BUDGET 14 - Trane 3 Ton 14.3 Seer2 (15 SEER) Heat Pump System,material,1.0,9269.0,9269.0
invoice_b039883e17a945fd83b851804d40d32f,job_24daf17df5844090954d39583feb21dc,5327,Add Ons - Metal Air Handler Stand,material,1.0,119.0,119.0
invoice_b039883e17a945fd83b851804d40d32f,job_24daf17df5844090954d39583feb21dc,5327,Add Ons - Drain package,material,1.0,280.0,280.0
invoice_b039883e17a945fd83b851804d40d32f,job_24daf17df5844090954d39583feb21dc,5327,Generic Parts / Service - Ecobee 6 Thermostat,material,1.0,499.25,499.25
invoice_b039883e17a945fd83b851804d40d32f,job_24daf17df5844090954d39583feb21dc,5327,"10"" Glasswort Terrace Automatic Damper",material,1.0,257.0,257.0
invoice_ddd5ae32e9fd4f65aba33268c5b00340,job_57bb6f0900694701a6eade2b78553f3e,5326,Visit #1,labor,1.0,0.0,0.0
invoice_04f5da7f381e409786b0c8e348646ce3,job_23c489c2d386436799cbfc4903cdf348,5325,Visit #20,labor,1.0,101.0,101.0
invoice_34d62e3ad482485386703769f4111f48,job_c614884e2bca48e8a9a97949e1e6a0d5,5323,System Installation,labor,1.0,1410.0,1410.0
invoice_34d62e3ad482485386703769f4111f48,job_c614884e2bca48e8a9a97949e1e6a0d5,5323,Guarantees,labor,1.0,0.0,0.0
invoice_34d62e3ad482485386703769f4111f48,job_c614884e2bca48e8a9a97949e1e6a0d5,5323,STANDARD 15 - Trane 3 Ton 15.2 Seer2 (16 SEER) Heat Pump System,material,1.0,11201.25,11201.25
invoice_34d62e3ad482485386703769f4111f48,job_c614884e2bca48e8a9a97949e1e6a0d5,5323,Concrete Pad,material,1.0,233.0,233.0
invoice_34d62e3ad482485386703769f4111f48,job_c614884e2bca48e8a9a97949e1e6a0d5,5323,Drain package,material,1.0,306.0,306.0
invoice_34d62e3ad482485386703769f4111f48,job_c614884e2bca48e8a9a97949e1e6a0d5,5323,Add Ons - Attic Install,material,1.0,515.0,515.0
invoice_34d62e3ad482485386703769f4111f48,job_c614884e2bca48e8a9a97949e1e6a0d5,5323,Add Ons - Trim Removal,material,1.0,258.0,258.0
invoice_3e0b07aa099c4319b6b1c6be6cf65ac2,job_6f420bf1b333408d80ab9d98dca19e4a,5322,Diagnostic/dispatch fees - Service & Repair Fee - Standard,labor,1.0,92.0,92.0
invoice_3e0b07aa099c4319b6b1c6be6cf65ac2,job_6f420bf1b333408d80ab9d98dca19e4a,5322,Service Calls - Repairs & Part Installation - Tier 3 Repair - Capacitor Replacement,labor,1.0,165.0,165.0
invoice_3e0b07aa099c4319b6b1c6be6cf65ac2,job_6f420bf1b333408d80ab9d98dca19e4a,5322,Service Calls - Repairs & Part Installation - Tier 1 Repair - Cool Compressor,labor,1.0,49.0,49.0
invoice_e82bff0aa43b4458a12ab34f8f468429,job_2c267be2b0c347a0a9cbb0bae62d06b4,5321,Diagnostic/dispatch fees - Service & Repair Fee - Standard,labor,1.0,92.0,92.0
invoice_192b746990904ecb96162cd02cbbb33e,job_7527dba4a40541129f995da6411080a1,5320,Diagnostic/dispatch fees - Service & Repair Fee - After-Hours,labor,1.0,184.0,184.0
invoice_192b746990904ecb96162cd02cbbb33e,job_7527dba4a40541129f995da6411080a1,5320,Service Calls - Repairs & Part Installation - Tier 2 Repair - Reset Control Board,labor,1.0,48.0,48.0
invoice_f23a0fc279fa4819b4497c1282e5a739,job_d1dcf573f1dd4c7b86ba55a14e2f9157,5319,Tier 3 Repair - Capacitor Replacement,labor,1.0,182.0,182.0
invoice_f23a0fc279fa4819b4497c1282e5a739,job_d1dcf573f1dd4c7b86ba55a14e2f9157,5319,Service Calls - Repairs & Part Installation - Tier 2 Repair - Elbow Installation for P-Trap,labor,1.0,48.0,48.0
invoice_f23a0fc279fa4819b4497c1282e5a739,job_d1dcf573f1dd4c7b86ba55a14e2f9157,5319,Visit #1,labor,1.0,88.0,88.0
invoice_c112f8d4d690442d82be069cf3abf517,job_ae977af26b864c2aa17d1f5b4ad171b6,5318,Visit #1,labor,1.0,188.0,188.0
invoice_44aea16414854c5e833d1cfe0a98000d,job_2867701c673b44798e3bb059f7207970,5317,Visit #4,labor,1.0,180.0,180.0
invoice_53981ea2b3e940e79dcff806dc1fc7b3,job_5741bc1765074e328baa302294d65fea,5316,Service Calls - Repairs & Part Installation - Tier 1 Repair - De-thaw Frozen Coil,labor,1.0,51.0,51.0
invoice_53981ea2b3e940e79dcff806dc1fc7b3,job_5741bc1765074e328baa302294d65fea,5316,Service & Repair Fee - Standard,labor,1.0,102.0,102.0
invoice_c9ce219735044177b589041c75e6cde6,job_b4939802eab7451ca38381e65ee1f45c,5315,Service Calls - Repairs & Part Installation - Tier 7 Repair(Mini Split Blower Wheel),labor,1.0,776.0,776.0
invoice_3327dc7ea6544fcb9a5be74e9d7443a5,job_9a40d7378498464187f9aa85402165b6,5314,Diagnostic/dispatch fees - Service & Repair Fee - Commercial,labor,1.0,183.0,183.0
invoice_3327dc7ea6544fcb9a5be74e9d7443a5,job_9a40d7378498464187f9aa85402165b6,5314,Service Calls - Repairs & Part Installation - Tier 3 Repair - Reset Kitchen RTU unit,labor,1.0,77.0,77.0
invoice_245b522a65734297ae433a50f6dedaba,job_1613339ed99e4cbfa9f5a7fc7764bcf4,5313,Diagnostic/dispatch fees - Service & Repair Fee - Standard,labor,1.0,92.0,92.0
invoice_d09a2466c3d84b3681b510b57f5ce63d,job_f01223b180e24f96b80038d0d0c91bab,5312,Diagnostic/dispatch fees - Service & Repair Fee - Standard,labor,1.0,92.0,92.0
invoice_d09a2466c3d84b3681b510b57f5ce63d,job_f01223b180e24f96b80038d0d0c91bab,5312,Service Calls - Repairs & Part Installation - Tier 3 Repair - Clear Drain Line,labor,1.0,165.0,165.0
invoice_2891fe64ec95434fac5450f507ac3926,job_add0ca3cec314559a481e3efb9ee8189,5311,Service Calls - Repairs & Part Installation - Tier 6 Repair - Control Board & Sensor Replacement,labor,1.0,619.0,619.0
invoice_2891fe64ec95434fac5450f507ac3926,job_add0ca3cec314559a481e3efb9ee8189,5311,Unit Specific Parts - Indoor Control Board,material,1.0,24.0,24.0
invoice_2891fe64ec95434fac5450f507ac3926,job_add0ca3cec314559a481e3efb9ee8189,5311,Unit Specific Parts - Water Sensor,material,1.0,268.0,268.0
invoice_fbdfb1def75148a38c10cc6bc450eadb,job_94d0b50e386946ccb65be6566ea0af72,5310,Diagnostic/dispatch fees - Service & Repair Fee - After-Hours,labor,1.0,184.0,184.0
invoice_fbdfb1def75148a38c10cc6bc450eadb,job_94d0b50e386946ccb65be6566ea0af72,5310,Service Calls - Repairs & Part Installation - Tier 3 Repair - Clear Drain Line,labor,1.0,165.0,165.0
invoice_fbdfb1def75148a38c10cc6bc450eadb,job_94d0b50e386946ccb65be6566ea0af72,5310,Service Calls - Repairs & Part Installation - Tier 2 Repair - Replace safety switch,labor,1.0,106.0,106.0
invoice_fbdfb1def75148a38c10cc6bc450eadb,job_94d0b50e386946ccb65be6566ea0af72,5310,Add Ons - Drain package,material,1.0,280.0,280.0
invoice_d3c4e56e612346faae5a30f305534992,job_260d1639522048bf8792ccd1f48b6bfa,5309,Diagnostic/dispatch fees - Service & Repair Fee - Standard,labor,1.0,92.0,92.0
invoice_d3c4e56e612346faae5a30f305534992,job_260d1639522048bf8792ccd1f48b6bfa,5309,Service Calls - Repairs & Part Installation - Tier 2 Repair - Seal breaches in plenum,labor,1.0,108.0,108.0
invoice_59ffd10e44eb474681260d50d263d80f,job_2f2a656e48c34d418408d10491d8af5d,5308,Preventative Maintenance - Residential Inspection Report,labor,1.0,772.0,772.0
invoice_3a058ba82a724156b80b19a873913a51,job_774fae1c082d463fa4f1af3a71431a3c,5307,Service & Repair Fee - Standard,labor,1.0,102.0,102.0
invoice_3a058ba82a724156b80b19a873913a51,job_774fae1c082d463fa4f1af3a71431a3c,5307,Service Calls - Repairs & Part Installation - Tier 3 Repair - Capacitor Replacement,labor,1.0,165.0,165.0
invoice_2af6e6404f15463bab999340fa87b043,job_dcaec0d257cb4453b82116e1d0b7ea63,5306,Replace breaker,labor,1.0,364.5,364.5
invoice_3921d98ed1a3493dbe3adb97fd136db9,job_9c87e802b5944522827c999c355c1bcb,5304,Diagnostic/dispatch fees - Service & Repair Fee - Standard,labor,1.0,92.0,92.0
invoice_3921d98ed1a3493dbe3adb97fd136db9,job_9c87e802b5944522827c999c355c1bcb,5304,Generic Parts / Service - Capacitor,material,1.0,53.0,53.0
invoice_4753d612359b46b9bb129cfd5fa8a2c3,job_618abdd84caa4d6b92083a21bdcb58c6,5303,Service Calls - Repairs & Part Installation - Tier 2 Repair - Coil clean in place,labor,1.0,94.0,94.0
invoice_4753d612359b46b9bb129cfd5fa8a2c3,job_618abdd84caa4d6b92083a21bdcb58c6,5303,Service & Repair Fee - Standard,labor,1.0,102.0,102.0
invoice_6692db8df23b484fa8d191f2f94c946c,job_d9d219d9f82441a399240a180ac71a0a,5302,"Repair on PEX Line up to 1""",labor,1.0,290.75,290.75
invoice_ddb332d5cbce495ab052614f00de9ae3,job_99337fbdf64c49afaf7677b3809e900a,5301,Diagnostic/dispatch fees - Service & Repair Fee - Standard,labor,1.0,92.0,92.0
invoice_ddb332d5cbce495ab052614f00de9ae3,job_99337fbdf64c49afaf7677b3809e900a,5301,New System Installation - System Installation,labor,1.0,1584.0,1584.0
invoice_ddb332d5cbce495ab052614f00de9ae3,job_99337fbdf64c49afaf7677b3809e900a,5301,Carrier - Carrier 1 Ton Water Source HVAC Heat Pump,material,1.0,5847.0,5847.0
invoice_22c1effa0f5a4c81b82b408fa5fa16bd,job_5c82d6076bd24f948e54082c8a1ca1d7,5300,AO Kirby 50(48) Gallon Electric Water Heater (Low Boy),labor,1.0,2821.0,2821.0
invoice_c2224c5813cd43a39a4b2a9d32226d08,job_038ac65b9e444887ab55a61002283314,5299,Residential Preventative Maintenance,labor,1.0,91.0,91.0
invoice_fdd31d3698ea400f95c2d792d4b2cbb6,job_7087c43bf89e46fca8671397766f06af,5298,"Repair on PVC or CPVC up to 1""",labor,1.0,418.5,418.5
invoice_43602aa2b9374fb4a8cdec2d0c9dc7f9,job_14d7b025cff842dcabb88f0b15649d07,5297,Diagnostic/dispatch fees - Service & Repair Fee - Standard,labor,1.0,92.0,92.0
invoice_43602aa2b9374fb4a8cdec2d0c9dc7f9,job_14d7b025cff842dcabb88f0b15649d07,5297,Service Calls - Repairs & Part Installation - Tier 3 Repair - Capacitor Replacement,labor,1.0,165.0,165.0
invoice_8e3d8205b40646ca86679a4ccb7dd6fe,job_05e953b9163449a681461a1ea2b3c41d,5295,Service & Repair Fee - Standard,labor,1.0,102.0,102.0
invoice_8e3d8205b40646ca86679a4ccb7dd6fe,job_05e953b9163449a681461a1ea2b3c41d,5295,Service Calls - Repairs & Part Installation - Tier 3 Repair - Clear Drain Line,labor,1.0,165.0,165.0
invoice_8e3d8205b40646ca86679a4ccb7dd6fe,job_05e953b9163449a681461a1ea2b3c41d,5295,Generic Parts / Service - Honeywell FocusPro N100,material,1.0,194.0,194.0
invoice_a2fa7f4526214c6f858ddd01fc80ace6,job_b6506ba74aa0462ba1b33f30c5a516a2,5294,Diagnostic/dispatch fees - Service & Repair Fee - Standard,labor,1.0,92.0,92.0
invoice_a2fa7f4526214c6f858ddd01fc80ace6,job_b6506ba74aa0462ba1b33f30c5a516a2,5294,Service Calls - Repairs & Part Installation - Tier 7 Repair,labor,1.0,946.0,946.0
invoice_a2fa7f4526214c6f858ddd01fc80ace6,job_b6506ba74aa0462ba1b33f30c5a516a2,5294,Service Calls - Repairs & Part Installation - Tier 2 Repair - Leak Detection Tidewater Hospitality (Bubbles / Electronic),labor,1.0,96.0,96.0
invoice_a2fa7f4526214c6f858ddd01fc80ace6,job_b6506ba74aa0462ba1b33f30c5a516a2,5294,Generic Parts / Service - R410a refrigerant,material,1.5,132.0,198.0
invoice_a2fa7f4526214c6f858ddd01fc80ace6,job_b6506ba74aa0462ba1b33f30c5a516a2,5294,Generic Parts / Service - Filter dryer,material,1.0,103.0,103.0
invoice_a2fa7f4526214c6f858ddd01fc80ace6,job_b6506ba74aa0462ba1b33f30c5a516a2,5294,Generic Parts / Service - R410a refrigerant,material,3.0,132.0,396.0
invoice_a2fa7f4526214c6f858ddd01fc80ace6,job_b6506ba74aa0462ba1b33f30c5a516a2,5294,Unit Specific Parts - Evaporator Coil & TXV,material,1.0,1133.0,1133.0
invoice_5ab7a68559ce4160a1ed6c8457471680,job_94f57da56c354636bc6b184796a44d25,5293,Service & Repair Fee - Standard,labor,1.0,102.0,102.0
invoice_2cf5e39af74943e49b7897f356234e04,job_e88d2dbd06ae4f5e818e3d7e689c2392,5292,Service & Repair Fee - Standard,labor,1.0,102.0,102.0
invoice_2cf5e39af74943e49b7897f356234e04,job_e88d2dbd06ae4f5e818e3d7e689c2392,5292,Service Calls - Repairs & Part Installation - Tier 3 Repair - Clear Drain Line,labor,1.0,165.0,165.0
invoice_d2c5c134f40e4b30b298a978ee85c778,job_5c40a87c1dc84092b9d5b83280508784,5291,Duct Tidewater Hospitality / Repair - Replace Supply - Flex and Boot,labor,1.0,503.25,503.25
invoice_4168c8d446934e6eb44a932ac52f9022,job_42cb4d53cdb74e279fcb775ef5b57827,5290,Replace AO Kirby 100 Gallon Natural Gas Cyclone,labor,1.0,23983.0,23983.0
invoice_d9c6b270e46b4cd8b5f51b4296f64efa,job_f4a0534e1aeb466aad51647b2db1fb32,5289,Diagnostic/dispatch fees - Service & Repair Fee - Standard,labor,1.0,92.0,92.0
invoice_d9c6b270e46b4cd8b5f51b4296f64efa,job_f4a0534e1aeb466aad51647b2db1fb32,5289,Service Calls - Repairs & Part Installation - Tier 3 Repair - Clear Drain Line,labor,1.0,165.0,165.0
invoice_b6e0b4de0d2249d28ecee60814c3c93d,job_20aab94d8f6b4b709d40f522559929b5,5288,Generic Parts / Service - Ecobee 6 Thermostat,material,1.0,499.25,499.25
invoice_cd810b2745ea4e75b5eceb16893ea556,job_700e61c9a22a4a559ba85a8607c96ea2,5287,Diagnostic/dispatch fees - Service & Repair Fee - Standard,labor,1.0,92.0,92.0
invoice_cd810b2745ea4e75b5eceb16893ea556,job_700e61c9a22a4a559ba85a8607c96ea2,5287,Tier 2 Repair - Rewire Thermostat,labor,1.0,94.0,94.0
invoice_cd810b2745ea4e75b5eceb16893ea556,job_700e61c9a22a4a559ba85a8607c96ea2,5287,R410a refrigerant,material,2.0,125.0,250.0
invoice_1b4f4ac275de46378b21e34e1cb01f9e,job_63c1142ffafc44cfba481c4745a1c891,5286,Visit #1,labor,1.0,88.0,88.0
invoice_a6441a92ce104e0095753d7fe6e0a533,job_14d7b025cff842dcabb88f0b15649d07,5285,Diagnostic/dispatch fees - Service & Repair Fee - Standard,labor,1.0,92.0,92.0
invoice_a6441a92ce104e0095753d7fe6e0a533,job_14d7b025cff842dcabb88f0b15649d07,5285,Service Calls - Repairs & Part Installation - Tier 3 Repair - Capacitor Replacement,labor,1.0,165.0,165.0
invoice_ea99ebb03b734a5695abdae0dc71950b,job_e1d2a623480c4ed7b1cf8e1536725c16,5284,Service Calls - Repairs & Part Installation - Tier 5 Repair - Blower Motor + Control Board Installation Labor Only,labor,1.0,539.0,539.0
invoice_ea99ebb03b734a5695abdae0dc71950b,job_e1d2a623480c4ed7b1cf8e1536725c16,5284,Diagnostic/dispatch fees - Service & Repair Fee - After-Hours,labor,1.0,184.0,184.0
invoice_ea99ebb03b734a5695abdae0dc71950b,job_e1d2a623480c4ed7b1cf8e1536725c16,5284,Unit Specific Parts - Indoor Blower motor & Control Board,material,1.0,2452.0,2452.0
invoice_137afb5fd26f4402a951cfc2b722e8f0,job_5e7afa344adb4854adb7cb17e2a847ab,5283,Service Calls - Repairs & Part Installation - Tier 3 Repair - Clear Drain Line,labor,1.0,165.0,165.0
invoice_137afb5fd26f4402a951cfc2b722e8f0,job_5e7afa344adb4854adb7cb17e2a847ab,5283,Diagnostic/dispatch fees - Service & Repair Fee - Standard,labor,1.0,92.0,92.0
invoice_40fd03ef3b4c48249be7fe7abb20f043,job_5758e02001d641fa904ca3b3d176c0f8,5282,Diagnostic/dispatch fees - Service & Repair Fee - Standard,labor,1.0,92.0,92.0
invoice_40fd03ef3b4c48249be7fe7abb20f043,job_5758e02001d641fa904ca3b3d176c0f8,5282,Service Calls - Repairs & Part Installation - Tier 6 Repair,labor,1.0,609.0,609.0
invoice_40fd03ef3b4c48249be7fe7abb20f043,job_5758e02001d641fa904ca3b3d176c0f8,5282,Generic Parts / Service - R410a refrigerant,material,6.0,132.0,792.0
invoice_b27295b02ffd4033b2f288ed83fc0ba1,job_189c51ddc715441d94cd7433c9b2fb64,5281,Service & Repair Fee - Standard,labor,1.0,102.0,102.0
invoice_b27295b02ffd4033b2f288ed83fc0ba1,job_189c51ddc715441d94cd7433c9b2fb64,5281,Service Calls - Repairs & Part Installation - Tier 5 Repair - Condensate Pump Installation (New) Labor Only,labor,1.0,349.0,349.0
invoice_b27295b02ffd4033b2f288ed83fc0ba1,job_189c51ddc715441d94cd7433c9b2fb64,5281,Generic Parts / Service - Condensate pump,material,1.0,153.0,153.0
invoice_dbe4de1527da4ccda3ac5bdb29d82867,job_67bbbdfb5ac445d4ac8f0f0dc500d23f,5280,Diagnostic/dispatch fees - Service & Repair Fee - After-Hours,labor,1.0,184.0,184.0
invoice_dbe4de1527da4ccda3ac5bdb29d82867,job_67bbbdfb5ac445d4ac8f0f0dc500d23f,5280,Service Calls - Repairs & Part Installation - Tier 3 Repair - Clear Drain Line,labor,1.0,165.0,165.0
invoice_917baaacc66c4029b01f48e7c535a0d4,job_dcf9b3f772fd4787bf7eb9e3300d2ecf,5279,Diagnostic/dispatch fees - Service & Repair Fee - After-Hours,labor,1.0,184.0,184.0
invoice_917baaacc66c4029b01f48e7c535a0d4,job_dcf9b3f772fd4787bf7eb9e3300d2ecf,5279,Service Calls - Repairs & Part Installation - Tier 3 Repair - Clear Drain Line,labor,1.0,165.0,165.0
invoice_8a1a11158e0547398a5bbc1ca30dcda0,job_fe55f666bab94d3fad35e3f1cded3a4d,5278,Service Calls - Repairs & Part Installation - Tier 6 Repair - TXV Repair + Filter Drier,labor,1.0,636.0,636.0
invoice_8a1a11158e0547398a5bbc1ca30dcda0,job_fe55f666bab94d3fad35e3f1cded3a4d,5278,Diagnostic/dispatch fees - Service & Repair Fee - After-Hours,labor,1.0,184.0,184.0
invoice_8a1a11158e0547398a5bbc1ca30dcda0,job_fe55f666bab94d3fad35e3f1cded3a4d,5278,Service Calls - Repairs & Part Installation - Tier 2 Repair - Replace fuse,labor,1.0,97.0,97.0
invoice_8a1a11158e0547398a5bbc1ca30dcda0,job_fe55f666bab94d3fad35e3f1cded3a4d,5278,Service Calls - Repairs & Part Installation - Tier 2 Repair - Replace safety switch,labor,1.0,106.0,106.0
invoice_8a1a11158e0547398a5bbc1ca30dcda0,job_fe55f666bab94d3fad35e3f1cded3a4d,5278,Generic Parts / Service - Filter dryer,material,1.0,103.0,103.0
invoice_8a1a11158e0547398a5bbc1ca30dcda0,job_fe55f666bab94d3fad35e3f1cded3a4d,5278,Unit Specific Parts - TXV(Rheem 2022),material,1.0,254.0,254.0
invoice_8a1a11158e0547398a5bbc1ca30dcda0,job_fe55f666bab94d3fad35e3f1cded3a4d,5278,Generic Parts / Service - R410a refrigerant,material,2.0,132.0,264.0
invoice_ad7604a25334457dafc34d2d65ba3b06,job_444fdc443e8041e39f6058418354a39b,5277,Diagnostic/dispatch fees - Service & Repair Fee - Standard,labor,1.0,92.0,92.0
invoice_ad7604a25334457dafc34d2d65ba3b06,job_444fdc443e8041e39f6058418354a39b,5277,Service Calls - Repairs & Part Installation - Tier 1 Repair - Change Filters,labor,1.0,53.0,53.0
invoice_c4a6a4109e0a4d0b96f9da07e0ad4dbf,job_5de3e49443954efb97af6d9840298673,5276,Diagnostic/dispatch fees - Service & Repair Fee - Standard,labor,1.0,92.0,92.0
invoice_c4a6a4109e0a4d0b96f9da07e0ad4dbf,job_5de3e49443954efb97af6d9840298673,5276,Service Calls - Repairs & Part Installation - Tier 2 Repair - TXV Repair,labor,1.0,104.0,104.0
invoice_328f561288364bfd9d9bc8e44617659c,job_ec7fdb259bc440f5a28925286058daad,5275,Diagnostic/dispatch fees - Service & Repair Fee - After-Hours,labor,1.0,184.0,184.0
invoice_328f561288364bfd9d9bc8e44617659c,job_ec7fdb259bc440f5a28925286058daad,5275,Service Calls - Repairs & Part Installation - Tier 6 Repair - TXV Repair + Filter Drier,labor,1.0,636.0,636.0
invoice_328f561288364bfd9d9bc8e44617659c,job_ec7fdb259bc440f5a28925286058daad,5275,WARRANTY Parts / Service - WARRANTY - TXV,material,1.0,0.0,0.0
invoice_328f561288364bfd9d9bc8e44617659c,job_ec7fdb259bc440f5a28925286058daad,5275,Generic Parts / Service - R410a refrigerant,material,1.0,132.0,132.0
invoice_328f561288364bfd9d9bc8e44617659c,job_ec7fdb259bc440f5a28925286058daad,5275,Generic Parts / Service - Filter dryer,material,1.0,103.0,103.0
invoice_46ebd492962a4424976988c3561a6815,job_f933a388a1cb4c4fb33d429d60e26c21,5274,Service & Repair Fee - Standard,labor,1.0,102.0,102.0
invoice_46ebd492962a4424976988c3561a6815,job_f933a388a1cb4c4fb33d429d60e26c21,5274,Repair - Installation of Honeywell 2-Zone Zone Board,labor,1.0,783.0,783.0
invoice_46ebd492962a4424976988c3561a6815,job_f933a388a1cb4c4fb33d429d60e26c21,5274,Add Ons - Disconnect box,material,1.0,383.5,383.5
invoice_ab16f8a41a5c429782efe6805915eab9,job_486167e6d48a43c2a514d953190c6bc1,5273,Service & Repair Fee - Standard,labor,1.0,102.0,102.0
invoice_ab16f8a41a5c429782efe6805915eab9,job_486167e6d48a43c2a514d953190c6bc1,5273,Service Calls - Repairs & Part Installation - Tier 3 Repair - Capacitor Replacement,labor,1.0,165.0,165.0
invoice_3412ce0d04334b248ebdb1ca085aa47a,job_200899bcb92e47f0a03d3bce656c3eb6,5272,Diagnostic/dispatch fees - Service & Repair Fee - Standard,labor,1.0,92.0,92.0
invoice_3412ce0d04334b248ebdb1ca085aa47a,job_200899bcb92e47f0a03d3bce656c3eb6,5272,Service Calls - Repairs & Part Installation - Tier 3 Repair - Capacitor Replacement,labor,1.0,165.0,165.0
invoice_9976dad7cb3b452386f4921bae495803,job_3d46216c53f54a6b92517b967e82fa28,5271,Diagnostic/dispatch fees - Service & Repair Fee - Standard,labor,1.0,92.0,92.0
invoice_9976dad7cb3b452386f4921bae495803,job_3d46216c53f54a6b92517b967e82fa28,5271,Service Calls - Repairs & Part Installation - Tier 3 Repair - Clear Drain Line,labor,1.0,165.0,165.0
invoice_21576d6f86394e4aaa2b5629450c8ca5,job_bb294c23cc894f45a5a47166cf8c6638,5270,Diagnostic/dispatch fees - Service & Repair Fee - Standard,labor,1.0,92.0,92.0
invoice_21576d6f86394e4aaa2b5629450c8ca5,job_bb294c23cc894f45a5a47166cf8c6638,5270,Service Calls - Repairs & Part Installation - Tier 3 Repair - Capacitor Replacement,labor,1.0,165.0,165.0
invoice_21576d6f86394e4aaa2b5629450c8ca5,job_bb294c23cc894f45a5a47166cf8c6638,5270,Service Calls - Repairs & Part Installation - Tier 5 Repair,labor,1.0,386.0,386.0
invoice_21576d6f86394e4aaa2b5629450c8ca5,job_bb294c23cc894f45a5a47166cf8c6638,5270,Unit Specific Parts - Indoor Blower motor,material,1.0,0.0,0.0
invoice_0d2223cabd224632931c88d95ece0b2f,job_01cbeecce142403b962ad8b4dd893bb9,5269,Diagnostic/dispatch fees - Service & Repair Fee - Standard,labor,1.0,92.0,92.0
invoice_0d2223cabd224632931c88d95ece0b2f,job_01cbeecce142403b962ad8b4dd893bb9,5269,Service Calls - Repairs & Part Installation - Tier 3 Repair - Clear Drain Line,labor,1.0,165.0,165.0
invoice_e56e070a6bd84e49aa9c0ac89d87bb2c,job_9eb80c7fb88a4c48aa3ba518898d08c2,5268,Service & Repair Fee - Standard,labor,1.0,102.0,102.0
invoice_e56e070a6bd84e49aa9c0ac89d87bb2c,job_9eb80c7fb88a4c48aa3ba518898d08c2,5268,Tier 1 Repair - Vacuum drain pan,labor,1.0,53.0,53.0
invoice_465451a9884c4a4cb20052fcacf917f5,job_77e04c4cfc4a4852a71ab8312d77376a,5267,Diagnostic/dispatch fees - Service & Repair Fee - Standard,labor,1.0,80.0,80.0
invoice_465451a9884c4a4cb20052fcacf917f5,job_77e04c4cfc4a4852a71ab8312d77376a,5267,Service Calls - Repairs & Part Installation - Tier 6 Repair - TXV Repair + Filter Drier,labor,1.0,636.0,636.0
invoice_465451a9884c4a4cb20052fcacf917f5,job_77e04c4cfc4a4852a71ab8312d77376a,5267,Service Calls - Repairs & Part Installation - Tier 4 Repair,labor,1.0,232.0,232.0
invoice_465451a9884c4a4cb20052fcacf917f5,job_77e04c4cfc4a4852a71ab8312d77376a,5267,Unit Specific Parts - TXV(Indoor),material,1.0,728.0,728.0
invoice_465451a9884c4a4cb20052fcacf917f5,job_77e04c4cfc4a4852a71ab8312d77376a,5267,Generic Parts / Service - R410a refrigerant,material,2.0,132.0,264.0
invoice_465451a9884c4a4cb20052fcacf917f5,job_77e04c4cfc4a4852a71ab8312d77376a,5267,Generic Parts / Service - Filter dryer,material,1.0,103.0,103.0
invoice_d397ac918e794756833494fc55cc837f,job_ee3cf98c18ea41ec89352a276e3b3860,5266,Generic Parts / Service - Ecobee 6 Thermostat,material,1.0,499.25,499.25
invoice_a6b3bcefe98e4d498028f831d465c06b,job_e50fcbc81bcd413a92f61c96cf3ea15d,5265,Service & Repair Fee - Standard,labor,1.0,102.0,102.0
invoice_a6b3bcefe98e4d498028f831d465c06b,job_e50fcbc81bcd413a92f61c96cf3ea15d,5265,Tier 3 Repair - Reconfigure PVC,labor,1.0,165.0,165.0
invoice_a49b1ee5f2c443bd867cd41beeb61ccb,job_d293bec67fbe4b91a387e43b8648cb5b,5264,Diagnostic/dispatch fees - Service & Repair Fee - Standard,labor,1.0,92.0,92.0
invoice_a49b1ee5f2c443bd867cd41beeb61ccb,job_d293bec67fbe4b91a387e43b8648cb5b,5264,Service Calls - Repairs & Part Installation - Tier 3 Repair - Clear Drain Line,labor,1.0,165.0,165.0
invoice_a49b1ee5f2c443bd867cd41beeb61ccb,job_d293bec67fbe4b91a387e43b8648cb5b,5264,Service Calls - Repairs & Part Installation - Tier 3 Repair - Reconfigure PVC,labor,1.0,188.0,188.0
invoice_a49b1ee5f2c443bd867cd41beeb61ccb,job_d293bec67fbe4b91a387e43b8648cb5b,5264,Add Ons - Drain package,material,1.0,280.0,280.0
invoice_044f8dd8a2364542b0f7b5e85fe2c504,job_9f44ea09d88c408b9970fde07afbabe6,5263,Preventative Maintenance - Preventative Maintenance,labor,1.0,242.0,242.0
invoice_43a23348680d4348b171ea41ce4ddc7c,job_1e39b60fafe24cb3bd7d4abc06aba172,5262,Diagnostic/dispatch fees - Service & Repair Fee - After-Hours,labor,1.0,184.0,184.0
invoice_43a23348680d4348b171ea41ce4ddc7c,job_1e39b60fafe24cb3bd7d4abc06aba172,5262,Service Calls - Repairs & Part Installation - Tier 5 Repair - Blower Motor Installation Labor Only,labor,1.0,384.0,384.0
invoice_43a23348680d4348b171ea41ce4ddc7c,job_1e39b60fafe24cb3bd7d4abc06aba172,5262,WARRANTY Parts / Service - WARRANTY - Indoor Blower Motor,material,1.0,0.0,0.0
invoice_044de7dc5e3744be93b63ccdf4fc8f3d,job_6d296bfc09a2400dbac9e19caf1997f1,5261,Diagnostic/dispatch fees - Service & Repair Fee - After-Hours,labor,1.0,184.0,184.0
invoice_044de7dc5e3744be93b63ccdf4fc8f3d,job_6d296bfc09a2400dbac9e19caf1997f1,5261,Service Calls - Repairs & Part Installation - Tier 3 Repair - Clear Drain Line,labor,1.0,165.0,165.0
invoice_f523fc82686145c0b1bbfff548d43fa6,job_697bbb2843a446c29de94e4541696c42,5260,Diagnostic/dispatch fees - Service & Repair Fee - After-Hours,labor,1.0,184.0,184.0
invoice_ef1ef9804c3a46f299e7a8dd8c4b8a9d,job_f4515747b105411ebfcb4c640392fd63,5259,Service & Repair Fee - Standard,labor,1.0,102.0,102.0
invoice_ef1ef9804c3a46f299e7a8dd8c4b8a9d,job_f4515747b105411ebfcb4c640392fd63,5259,Service Calls - Repairs & Part Installation - Tier 5 Repair - Condensate Pump Installation (New) Labor Only,labor,3.0,349.0,1047.0
invoice_ef1ef9804c3a46f299e7a8dd8c4b8a9d,job_f4515747b105411ebfcb4c640392fd63,5259,MISC Labor - Repair Air Handler Insulation,labor,1.0,181.0,181.0
invoice_ef1ef9804c3a46f299e7a8dd8c4b8a9d,job_f4515747b105411ebfcb4c640392fd63,5259,MISC Labor - Re-Tape & Mastic Certain Spots of Supply & Return,labor,1.0,179.0,179.0
invoice_ef1ef9804c3a46f299e7a8dd8c4b8a9d,job_f4515747b105411ebfcb4c640392fd63,5259,Generic Parts / Service - Condensate pump,material,3.0,153.0,459.0
invoice_ef1ef9804c3a46f299e7a8dd8c4b8a9d,job_f4515747b105411ebfcb4c640392fd63,5259,Generic Parts / Service - I-Flo Drain Cleaner,material,3.0,471.0,1413.0
invoice_ef1ef9804c3a46f299e7a8dd8c4b8a9d,job_f4515747b105411ebfcb4c640392fd63,5259,Generic Parts / Service - Safety Switch,material,1.0,73.0,73.0
invoice_2b66e4eb35ce44868ed69718ac7a744a,job_00eb0eee85b6456c974ff6f3238aebae,5258,Diagnostic/dispatch fees - Service & Repair Fee - Standard,labor,1.0,92.0,92.0
invoice_2b66e4eb35ce44868ed69718ac7a744a,job_00eb0eee85b6456c974ff6f3238aebae,5258,Service Calls - Repairs & Part Installation - Tier 1 Repair - Replace thermostat batteries,labor,1.0,47.0,47.0
invoice_37dd6aac036f444ab6dd8390bffedaad,job_c0f0fe37a5bc4d598738255bb157f5f0,5257,Diagnostic/dispatch fees - Service & Repair Fee - Standard,labor,1.0,92.0,92.0
invoice_37dd6aac036f444ab6dd8390bffedaad,job_c0f0fe37a5bc4d598738255bb157f5f0,5257,Service Calls - Repairs & Part Installation - Tier 3 Repair - Clear Drain Line,labor,1.0,165.0,165.0
invoice_e5b0d2b4a6ac4b278b668715f9646325,job_4fc52eae1c2046b1961b2e3b34ee3c80,5256,Preventative Maintenance - Preventative Maintenance,labor,1.0,188.0,188.0
invoice_12fdb0918eb645d58e340da01bc16491,job_93841d4685f94a4a8a413bb95b29c8da,5255,Diagnostic/dispatch fees - Service & Repair Fee - Standard,labor,1.0,92.0,92.0
invoice_12fdb0918eb645d58e340da01bc16491,job_93841d4685f94a4a8a413bb95b29c8da,5255,Service Calls - Repairs & Part Installation - Tier 2 Repair - Move / Rewire UV Horton,labor,1.0,104.0,104.0
invoice_deef509dc1c74b3cbcd23955dc0c677e,job_8eab3ab67a494074b4d53f58f8eb81b4,5254,Service & Repair Fee - Standard,labor,1.0,102.0,102.0
invoice_deef509dc1c74b3cbcd23955dc0c677e,job_8eab3ab67a494074b4d53f58f8eb81b4,5254,System Installation,labor,1.0,1410.0,1410.0
invoice_deef509dc1c74b3cbcd23955dc0c677e,job_8eab3ab67a494074b4d53f58f8eb81b4,5254,Service Calls - Repairs & Part Installation - Guarantees,labor,1.0,0.0,0.0
invoice_deef509dc1c74b3cbcd23955dc0c677e,job_8eab3ab67a494074b4d53f58f8eb81b4,5254,3 Ton - SUPERIOR - PRIORITY 17 - Trane 3 Ton 17 Seer2 (18 SEER) Heat Pump System (Inv Multi-Speed 24 V),material,1.0,14698.0,14698.0
invoice_deef509dc1c74b3cbcd23955dc0c677e,job_8eab3ab67a494074b4d53f58f8eb81b4,5254,Add Ons - Concrete Pad,material,1.0,256.0,256.0
invoice_deef509dc1c74b3cbcd23955dc0c677e,job_8eab3ab67a494074b4d53f58f8eb81b4,5254,Add Ons - Drain package,material,1.0,280.0,280.0
invoice_deef509dc1c74b3cbcd23955dc0c677e,job_8eab3ab67a494074b4d53f58f8eb81b4,5254,Add Ons - Attic Install,material,1.0,515.0,515.0
invoice_deef509dc1c74b3cbcd23955dc0c677e,job_8eab3ab67a494074b4d53f58f8eb81b4,5254,trim removal,material,1.0,536.0,536.0
invoice_258fe82b404e4d28b7af2385623c7560,job_1ac14fd849ce4d6bab5af4711401e2f4,5253,New System Installation - Dehumidifier Installation,labor,1.0,824.0,824.0
invoice_258fe82b404e4d28b7af2385623c7560,job_1ac14fd849ce4d6bab5af4711401e2f4,5253,"Duct Tidewater Hospitality / Repair - Duct Board Replacement - 1.5"" for Non-Insulated and Commercial",labor,4.0,179.0,716.0
invoice_258fe82b404e4d28b7af2385623c7560,job_1ac14fd849ce4d6bab5af4711401e2f4,5253,Duct Tidewater Hospitality - Reattach Supplies,labor,5.0,73.0,365.0
invoice_258fe82b404e4d28b7af2385623c7560,job_1ac14fd849ce4d6bab5af4711401e2f4,5253,Aprilaire E80 Dehumidifier,material,1.0,3708.0,3708.0
invoice_258fe82b404e4d28b7af2385623c7560,job_1ac14fd849ce4d6bab5af4711401e2f4,5253,New Construction - Flex Duct - Generic,material,1.0,388.0,388.0
invoice_258fe82b404e4d28b7af2385623c7560,job_1ac14fd849ce4d6bab5af4711401e2f4,5253,Add Ons - Drain package,material,1.0,280.0,280.0
invoice_51d1d52ad436443fb6ce96b817ac2ce1,job_6c39f2d6bf96490ebc265b5d5f3f94cd,5252,System Installation,labor,1.0,1410.0,1410.0
invoice_51d1d52ad436443fb6ce96b817ac2ce1,job_6c39f2d6bf96490ebc265b5d5f3f94cd,5252,Service Calls - Repairs & Part Installation - Guarantees,labor,1.0,0.0,0.0
invoice_51d1d52ad436443fb6ce96b817ac2ce1,job_6c39f2d6bf96490ebc265b5d5f3f94cd,5252,BUDGET 14 - Trane 2 Ton 14.3 Seer2 (15 SEER) Heat Pump System,material,1.0,8153.0,8153.0
invoice_51c47d6484334f819e84ee8764cad33d,job_c15f866513404fecb628ebc0fc452142,5251,New System Installation - System Installation,labor,1.0,1584.0,1584.0
invoice_51c47d6484334f819e84ee8764cad33d,job_c15f866513404fecb628ebc0fc452142,5251,Carrier - Carrier 1 Ton Water Source HVAC Heat Pump,material,1.0,5847.0,5847.0
invoice_51c47d6484334f819e84ee8764cad33d,job_c15f866513404fecb628ebc0fc452142,5251,Generic Parts / Service - Ecobee 7 Thermostat,material,1.0,305.0,305.0
invoice_d08bb648f0f94e69b3741a197676c5c6,job_df79ce560cfd41e3b33f3fd2f49a10ee,5250,Dual port angle stop replacement,labor,1.0,256.75,256.75
invoice_46cba68fe6884a19bb40550207b2d9da,job_6ad4f8354a0f4338807b1b4dfd2578bf,5249,Diagnostic/dispatch fees - Service & Repair Fee - After-Hours $175,labor,1.0,180.0,180.0
invoice_46cba68fe6884a19bb40550207b2d9da,job_6ad4f8354a0f4338807b1b4dfd2578bf,5249,Service Calls - Repairs & Part Installation - Tier 3 Repair - Clear Drain Line - $175,labor,1.0,171.0,171.0
invoice_46cba68fe6884a19bb40550207b2d9da,job_6ad4f8354a0f4338807b1b4dfd2578bf,5249,Service Calls - Repairs & Part Installation - Tier 1 Repair - Change Filters $50,labor,1.0,52.0,52.0
invoice_45877563950d45ccb82b4df6136e69e7,job_2414da12b7684db7b9dfa5ac1eda4bd8,5248,Diagnostic/dispatch fees - Service & Repair Fee - Standard,labor,1.0,92.0,92.0
invoice_cadf529c5baa4e9ba04e6a0e174c7660,job_4d2b5c3175a347b981456322585178ae,5247,Diagnostic/dispatch fees - Service & Repair Fee - After-Hours,labor,1.0,184.0,184.0
invoice_cadf529c5baa4e9ba04e6a0e174c7660,job_4d2b5c3175a347b981456322585178ae,5247,Service Calls - Repairs & Part Installation - Tier 3 Repair - Clear Drain Line,labor,1.0,165.0,165.0
invoice_88730439de7a49d795590ab38ebf7d1f,job_e2818a55a54d4cc78ae13d7dd0eb97d4,5246,Diagnostic/dispatch fees - Service & Repair Fee - After-Hours,labor,1.0,184.0,184.0
invoice_88730439de7a49d795590ab38ebf7d1f,job_e2818a55a54d4cc78ae13d7dd0eb97d4,5246,Service Calls - Repairs & Part Installation - Tier 2 Repair - Rewire Thermostat,labor,1.0,97.0,97.0
invoice_ba78f3f317de4abba00ecb7eb1acc07b,job_d1c4b1dba3504fbc807938f4fdef98c1,5245,Customer Supplied - Customer Supplied Toilet,labor,2.0,500.0,1000.0
invoice_abbaee2f770c4c22819dbf0030d59a36,job_aaaa1aaef5474fbd95ba2fddbede380c,5244,Diagnostic/dispatch fees - Service & Repair Fee - After-Hours,labor,1.0,184.0,184.0
invoice_abbaee2f770c4c22819dbf0030d59a36,job_aaaa1aaef5474fbd95ba2fddbede380c,5244,Service Calls - Repairs & Part Installation - Tier 3 Repair - Clear Drain Line,labor,1.0,165.0,165.0
invoice_288357e5e6324e3d8a0f8ca033a5fe22,job_2ebdce56ebce404daf581e1153bc4eab,5243,Diagnostic/dispatch fees - Starfish Hospitality Service & Repair Fee - After Hours,labor,1.0,129.0,129.0
invoice_288357e5e6324e3d8a0f8ca033a5fe22,job_2ebdce56ebce404daf581e1153bc4eab,5243,Service Calls - Repairs & Part Installation - Tier 3 Repair - Clear Drain Line,labor,1.0,165.0,165.0
invoice_9c151f198b2640baa816c40816f24602,job_9bc9debe17df4de7ab971669d103cddf,5242,Visit #4,labor,1.0,180.0,180.0
invoice_c26a46061861475c8c99dac0d61fb671,job_9c87e802b5944522827c999c355c1bcb,5241,Diagnostic/dispatch fees - Service & Repair Fee - After-Hours,labor,1.0,184.0,184.0
invoice_c26a46061861475c8c99dac0d61fb671,job_9c87e802b5944522827c999c355c1bcb,5241,Service Calls - Repairs & Part Installation - Tier 3 Repair - Capacitor Replacement,labor,1.0,165.0,165.0
invoice_f605c311e75f4f158aff5a21023520e5,job_001a73e79cd24b7c87efa2787c36af85,5240,Diagnostic/dispatch fees - Service & Repair Fee - Standard,labor,1.0,92.0,92.0
invoice_f605c311e75f4f158aff5a21023520e5,job_001a73e79cd24b7c87efa2787c36af85,5240,Service Calls - Repairs & Part Installation - Rescue Motor,material,1.0,718.0,718.0
invoice_0229a3792c2e4ec99219aee8ef48dcf6,job_ac0f59b415ab4ee8b2855ab02f42691d,5239,Diagnostic/dispatch fees - Service & Repair Fee - Commercial,labor,1.0,183.0,183.0
invoice_0229a3792c2e4ec99219aee8ef48dcf6,job_ac0f59b415ab4ee8b2855ab02f42691d,5239,Generic Parts / Service - Honeywell FocusPro N100,material,1.0,194.0,194.0
invoice_756ca58189004acf90701534a5b49233,job_187ab7b608e4472abf24eebf35db0dcd,5238,Preventative Maintenance - Preventative Maintenance,labor,1.0,92.0,92.0
invoice_ede70ba22a994345bade45a79604b09a,job_8ee3704245654cdba512c033fdaf8e7a,5236,Preventative Maintenance - Residential Preventative Maintenance,labor,1.0,92.0,92.0
invoice_6b3548f882f64af6900833e3e9810c9c,job_53cc2a494ece4bde96ba3a12947f8315,5235,Tub Repair - Install New Tub Shoe Kit,labor,1.0,618.75,618.75
invoice_5333270595184f449a538c2fd9245e0b,job_97164293a9e14089a31c46c42fb12ea0,5234,Service & Repair Fee - Standard,labor,1.0,102.0,102.0
invoice_fd1fbc5b02424f9b807c40fa4a60c75c,job_97164293a9e14089a31c46c42fb12ea0,5233,Service & Repair Fee - Standard,labor,1.0,102.0,102.0
invoice_40383a1782324bafbb3c26ea03a0790f,job_296511233558489ea523efb7a2e6a432,5232,Repair on 1 Copper Line,labor,1.0,541.5,541.5
invoice_40383a1782324bafbb3c26ea03a0790f,job_296511233558489ea523efb7a2e6a432,5232,"1"" Home Owner Cut Off Valve",labor,1.0,244.0,244.0
invoice_f8d644bba87d48e9b8239707685d9b34,job_0ed54a1c88444aef9e2383e5cdca1972,5231,Pressure Reducing Valve,labor,1.0,1033.75,1033.75
invoice_d160f10d1aa146d6b88ba229291800a2,job_391af4fe101f44bda7b8c2b4c6100b05,5230,Toilet Replacement - Builder Grade Elongated Comfort Height,labor,1.0,812.0,812.0
invoice_d160f10d1aa146d6b88ba229291800a2,job_391af4fe101f44bda7b8c2b4c6100b05,5230,Install Badger 5 1/2 HP Disposal,labor,1.0,509.25,509.25
invoice_914dfbff80e04f99b21ed1e28a99a23c,job_f30eb0a613f04a9a9acaaa0ebda32797,5229,AO Kirby 40 (38) Gallon Electric Water Heater (Low Boy),labor,1.0,2497.0,2497.0
invoice_ea1f5ae80b3741bf9cccfb2e7130bc1d,job_d1c4b1dba3504fbc807938f4fdef98c1,5228,Customer Supplied - Customer Supplied Toilet,labor,2.0,500.0,1000.0
invoice_ea1f5ae80b3741bf9cccfb2e7130bc1d,job_d1c4b1dba3504fbc807938f4fdef98c1,5228,Replace PVC Toilet Flange,labor,1.0,486.75,486.75
invoice_2793e33a31e94652bf91484a62f95b44,job_d1c4b1dba3504fbc807938f4fdef98c1,5227,Customer Supplied - Customer Supplied Toilet,labor,2.0,500.0,1000.0
invoice_2793e33a31e94652bf91484a62f95b44,job_d1c4b1dba3504fbc807938f4fdef98c1,5227,Replace PVC Toilet Flange,labor,1.0,486.75,486.75
invoice_b6a6d2989f1e4aacaf7035a2e70c7e9d,job_06ac23e80c3141608a46c10e02074810,5225,Service & Repair Fee - Standard,labor,1.0,102.0,102.0
invoice_5eb23d2358fb483da6a9ea4d0a77e8f0,job_e3c5fc0326304d20b133186b65024095,5224,Service & Repair Fee - Standard,labor,1.0,102.0,102.0
invoice_5eb23d2358fb483da6a9ea4d0a77e8f0,job_e3c5fc0326304d20b133186b65024095,5224,Service Calls - Repairs & Part Installation - Tier 2 Repair - Leak Detection Tidewater Hospitality (Bubbles / Electronic),labor,1.0,96.0,96.0
invoice_5eb23d2358fb483da6a9ea4d0a77e8f0,job_e3c5fc0326304d20b133186b65024095,5224,System Installation,labor,1.0,1552.0,1552.0
invoice_5eb23d2358fb483da6a9ea4d0a77e8f0,job_e3c5fc0326304d20b133186b65024095,5224,Generic Parts / Service - R410a refrigerant,material,2.0,132.0,264.0
invoice_5eb23d2358fb483da6a9ea4d0a77e8f0,job_e3c5fc0326304d20b133186b65024095,5224,Carrier Coastal Heat Pump - 2.5 Ton Condenser - 15 SEER,material,1.0,5595.75,5595.75
invoice_5eb23d2358fb483da6a9ea4d0a77e8f0,job_e3c5fc0326304d20b133186b65024095,5224,"Comfort Series Fan Coil Multipoise, ECM Motor for Puron Advance - 2.5 Ton",material,1.0,2492.75,2492.75
invoice_5eb23d2358fb483da6a9ea4d0a77e8f0,job_e3c5fc0326304d20b133186b65024095,5224,Electric Heater - 8kW 240 Volt-Single Phase with Terminal Block,material,1.0,258.5,258.5
invoice_5eb23d2358fb483da6a9ea4d0a77e8f0,job_e3c5fc0326304d20b133186b65024095,5224,Honeywell Home FocusPRO® N100,material,1.0,190.0,190.0
invoice_5eb23d2358fb483da6a9ea4d0a77e8f0,job_e3c5fc0326304d20b133186b65024095,5224,Add Ons - Drain package,material,1.0,280.0,280.0
invoice_5eb23d2358fb483da6a9ea4d0a77e8f0,job_e3c5fc0326304d20b133186b65024095,5224,Add Ons - Metal Air Handler Stand,material,1.0,119.0,119.0
invoice_67204f39929a4f75aa9c42769d279006,job_1115362960e54a3990fcea6820e4954e,5223,Diagnostic/dispatch fees - Service & Repair Fee - Standard,labor,1.0,92.0,92.0
invoice_67204f39929a4f75aa9c42769d279006,job_1115362960e54a3990fcea6820e4954e,5223,General Labor,labor,2.0,47.0,94.0
invoice_67204f39929a4f75aa9c42769d279006,job_1115362960e54a3990fcea6820e4954e,5223,Service Calls - Repairs & Part Installation - Service Calls - Repairs & Part Installation - **Tier 3 Repair - Thermostat Installation,labor,2.0,145.0,290.0
invoice_67204f39929a4f75aa9c42769d279006,job_1115362960e54a3990fcea6820e4954e,5223,Service Calls - Repairs & Part Installation - Tier 1 Repair - Patching,labor,2.0,76.0,152.0
invoice_67204f39929a4f75aa9c42769d279006,job_1115362960e54a3990fcea6820e4954e,5223,Filter-Backed Return Grilles,material,2.0,128.0,256.0
invoice_67204f39929a4f75aa9c42769d279006,job_1115362960e54a3990fcea6820e4954e,5223,Generic Parts / Service - Ecobee 6 Thermostat,material,2.0,422.0,844.0
invoice_5829f8deba444e8e94c97b07777ce869,job_d58074d7b27c43fb95e0cc34508b1c18,5221,Elongated Comfort Height toilet replacement,labor,1.0,512.0,512.0
invoice_17d1771eca064ccfb0a2e3e25f5d12de,job_296b81a43a9841d9af8a76ea523e1212,5220,Service Calls - Repairs & Part Installation - Tier 7 Repair,labor,1.0,946.0,946.0
invoice_17d1771eca064ccfb0a2e3e25f5d12de,job_296b81a43a9841d9af8a76ea523e1212,5220,Generic Parts / Service - Filter dryer,material,1.0,103.0,103.0
invoice_c8879e7d027d4832a2955accf840a381,job_8a56ec8bf99b4c419faabb254b16e2fb,5219,Service & Repair Fee - Standard,labor,1.0,102.0,102.0
invoice_c8879e7d027d4832a2955accf840a381,job_8a56ec8bf99b4c419faabb254b16e2fb,5219,Service Calls - Repairs & Part Installation - Tier 3 Repair - Clear Drain Line,labor,1.0,165.0,165.0
invoice_c295147fd8e94b758c3296fb395b7216,job_c1f2d3ba2f754a449d1ba94d86e58516,5218,Diagnostic/dispatch fees - Service & Repair Fee - After-Hours,labor,1.0,184.0,184.0
invoice_ec3bf063c4404655ae894b34cdf060e9,job_b090fdca22da4584a7235c6291b0931f,5217,Generic Parts / Service - Reme Halo Zero,material,1.0,969.0,969.0
invoice_ec3bf063c4404655ae894b34cdf060e9,job_b090fdca22da4584a7235c6291b0931f,5217,Add Ons - Blu QR UV Stick Horton,material,2.0,212.0,424.0
invoice_485252f854534df19371f5ade7d0ddb6,job_6555c3175c82497eab3ae3e2ba012e84,5216,Service & Repair Fee - Standard,labor,1.0,102.0,102.0
invoice_485252f854534df19371f5ade7d0ddb6,job_6555c3175c82497eab3ae3e2ba012e84,5216,Service Calls - Repairs & Part Installation - Tier 2 Repair - Leak Detection Tidewater Hospitality (Bubbles / Electronic),labor,1.0,96.0,96.0
invoice_485252f854534df19371f5ade7d0ddb6,job_6555c3175c82497eab3ae3e2ba012e84,5216,Service Calls - Repairs & Part Installation - Tier 7 Repair,labor,1.0,946.0,946.0
invoice_485252f854534df19371f5ade7d0ddb6,job_6555c3175c82497eab3ae3e2ba012e84,5216,Generic Parts / Service - R410a refrigerant,material,4.0,132.0,528.0
invoice_485252f854534df19371f5ade7d0ddb6,job_6555c3175c82497eab3ae3e2ba012e84,5216,Generic Parts / Service - Filter dryer,material,1.0,103.0,103.0
invoice_485252f854534df19371f5ade7d0ddb6,job_6555c3175c82497eab3ae3e2ba012e84,5216,WARRANTY Parts / Service - WARRANTY - Evaporator Coil & TXV,material,1.0,318.0,318.0
invoice_485252f854534df19371f5ade7d0ddb6,job_6555c3175c82497eab3ae3e2ba012e84,5216,Generic Parts / Service - R410a refrigerant,material,3.0,132.0,396.0
invoice_485252f854534df19371f5ade7d0ddb6,job_6555c3175c82497eab3ae3e2ba012e84,5216,Generic Parts / Service - R410a refrigerant,material,2.0,132.0,264.0
invoice_4b1a2eedc31447f593782163d3a094df,job_afcc627fd3a440b7839c1a9c287389ab,5215,Service Calls - Repairs & Part Installation - Tier 6 Repair - TXV Repair + Filter Drier,labor,1.0,636.0,636.0
invoice_4b1a2eedc31447f593782163d3a094df,job_afcc627fd3a440b7839c1a9c287389ab,5215,Service & Repair Fee - Standard,labor,1.0,102.0,102.0
invoice_4b1a2eedc31447f593782163d3a094df,job_afcc627fd3a440b7839c1a9c287389ab,5215,Generic Parts / Service - R410a refrigerant,material,1.0,132.0,132.0
invoice_4b1a2eedc31447f593782163d3a094df,job_afcc627fd3a440b7839c1a9c287389ab,5215,WARRANTY Parts / Service - WARRANTY - TXV,material,1.0,0.0,0.0
invoice_4b1a2eedc31447f593782163d3a094df,job_afcc627fd3a440b7839c1a9c287389ab,5215,Generic Parts / Service - Filter dryer,material,1.0,103.0,103.0
invoice_72a506d423d64f51af337c8268b71ba5,job_bdb2e04cd2c84b2a8b82576621fc670f,5214,Service & Repair Fee - Standard,labor,1.0,102.0,102.0
invoice_72a506d423d64f51af337c8268b71ba5,job_bdb2e04cd2c84b2a8b82576621fc670f,5214,Service Calls - Repairs & Part Installation - Tier 7 Repair,labor,1.0,946.0,946.0
invoice_72a506d423d64f51af337c8268b71ba5,job_bdb2e04cd2c84b2a8b82576621fc670f,5214,Service Calls - Repairs & Part Installation - Tier 2 Repair - Leak Detection Tidewater Hospitality (Bubbles / Electronic),labor,1.0,96.0,96.0
invoice_72a506d423d64f51af337c8268b71ba5,job_bdb2e04cd2c84b2a8b82576621fc670f,5214,WARRANTY Parts / Service - WARRANTY - Evaporator Coil,material,1.0,0.0,0.0
invoice_72a506d423d64f51af337c8268b71ba5,job_bdb2e04cd2c84b2a8b82576621fc670f,5214,Generic Parts / Service - R410a refrigerant,material,6.0,132.0,792.0
invoice_61d519656de7479d94094e31cb03f0fc,job_8081225ebf574c8d8b1706279e095cc1,5213,Diagnostic/dispatch fees - Service & Repair Fee - After-Hours,labor,1.0,184.0,184.0
invoice_61d519656de7479d94094e31cb03f0fc,job_8081225ebf574c8d8b1706279e095cc1,5213,Service Calls - Repairs & Part Installation - Tier 4 Repair,labor,1.0,232.0,232.0
invoice_61d519656de7479d94094e31cb03f0fc,job_8081225ebf574c8d8b1706279e095cc1,5213,WARRANTY Parts / Service - WARRANTY - Reversing Valve Solenoid,material,1.0,0.0,0.0
invoice_97397a5673d94d89a151ef0446ef0cbb,job_78d0a738aa584d839743b7c8b67d5679,5212,Diagnostic/dispatch fees - Service & Repair Fee - After-Hours,labor,1.0,184.0,184.0
invoice_97397a5673d94d89a151ef0446ef0cbb,job_78d0a738aa584d839743b7c8b67d5679,5212,Service Calls - Repairs & Part Installation - Tier 3 Repair - Clear Drain Line + Repair Kink in Line,labor,1.0,204.0,204.0
invoice_44adf188353e4177a6abf836cffc4c30,job_9d61344e119f48b6b4d12515747deb37,5211,Service Calls - Repairs & Part Installation - Tier 3 Repair - Capacitor Replacement,labor,1.0,165.0,165.0
invoice_44adf188353e4177a6abf836cffc4c30,job_9d61344e119f48b6b4d12515747deb37,5211,Diagnostic/dispatch fees - Service & Repair Fee - After-Hours,labor,1.0,184.0,184.0
invoice_87b956beea5d419aadfc35cc0cb2b053,job_6a1038c7d3ea4ae39da83967320c09e5,5210,Diagnostic/dispatch fees - Service & Repair Fee - Standard,labor,1.0,92.0,92.0
invoice_87b956beea5d419aadfc35cc0cb2b053,job_6a1038c7d3ea4ae39da83967320c09e5,5210,Service Calls - Repairs & Part Installation - Tier 2 Repair - Adjusted Connections at Disconnect,labor,1.0,107.0,107.0
invoice_adb544481567491c8d0dafb52486c4df,job_1ca29d0977eb41b4b594fb2f3021e47e,5209,Service & Repair Fee - Standard,labor,1.0,102.0,102.0
invoice_adb544481567491c8d0dafb52486c4df,job_1ca29d0977eb41b4b594fb2f3021e47e,5209,Tier 3 Repair - Capacitor Replacement,labor,1.0,182.0,182.0
invoice_4bb7e713364345239860759f5ddca56e,job_133a7c79577e4f6987203eed876bd947,5208,MISC Labor - Installation of (2) Backdraft Dampers,labor,1.0,262.0,262.0
invoice_4bb7e713364345239860759f5ddca56e,job_133a7c79577e4f6987203eed876bd947,5208,"Add Ons - 4"" Backdraft Dampers",material,2.0,78.0,156.0
invoice_6368bded86484348a6f7fa23865c6a76,job_134f7716085841809a294483e65db1e1,5207,Preventative Maintenance - Residential Preventative Maintenance,labor,1.0,272.0,272.0
invoice_1331b9eaa0634d38bae6460580f7afdb,job_a315cc0bef2a4d9684ac9b5c8b595f73,5206,Service & Repair Fee - Standard,labor,1.0,102.0,102.0
invoice_1331b9eaa0634d38bae6460580f7afdb,job_a315cc0bef2a4d9684ac9b5c8b595f73,5206,Service Calls - Repairs & Part Installation - Tier 2 Repair - Reconfigure Dehumidifier Settings,labor,1.0,103.0,103.0
invoice_13ff54323eff49e78ddc5acc74a814f5,job_febcbd1a35e34ff6a86a50bec7619677,5205,Diagnostic/dispatch fees - Service & Repair Fee - Standard,labor,1.0,92.0,92.0
invoice_35bb093982c9432c9b4150194902e324,job_ba0356ae19424a92b2ab8d721d149955,5204,Service & Repair Fee - Standard,labor,1.0,102.0,102.0
invoice_35bb093982c9432c9b4150194902e324,job_ba0356ae19424a92b2ab8d721d149955,5204,Service Calls - Repairs & Part Installation - Tier 6 Repair - Control Board Replacement,labor,1.0,485.0,485.0
invoice_35bb093982c9432c9b4150194902e324,job_ba0356ae19424a92b2ab8d721d149955,5204,Service Calls - Repairs & Part Installation - Tier 3 Repair - Clear Drain Line,labor,1.0,165.0,165.0
invoice_35bb093982c9432c9b4150194902e324,job_ba0356ae19424a92b2ab8d721d149955,5204,Unit Specific Parts - Outdoor Inverter Board,material,1.0,0.0,0.0
invoice_b2a3fe6cf0114163bf309221dbf0020a,job_39f545e0fc284eb0a4f1ad37a2f5ca0e,5203,Diagnostic/dispatch fees - Service & Repair Fee - Standard,labor,1.0,92.0,92.0
invoice_b2a3fe6cf0114163bf309221dbf0020a,job_39f545e0fc284eb0a4f1ad37a2f5ca0e,5203,Generic Parts / Service - R410a refrigerant,material,2.0,132.0,264.0
invoice_e79099f596fe4464a47dc4786c11d1c5,job_c43811c5fa054ef4a05d3e388e484b6e,5202,Diagnostic/dispatch fees - Service & Repair Fee - Standard,labor,1.0,92.0,92.0
invoice_1d6b4dd7cea04a3ab23b3be04b6c0c9d,job_714b5d5180df4235bc3b733160926228,5201,Diagnostic/dispatch fees - Service & Repair Fee - Standard,labor,1.0,92.0,92.0
invoice_1d6b4dd7cea04a3ab23b3be04b6c0c9d,job_714b5d5180df4235bc3b733160926228,5201,Service Calls - Repairs & Part Installation - Tier 3 Repair - Capacitor Replacement,labor,1.0,165.0,165.0
invoice_1d6b4dd7cea04a3ab23b3be04b6c0c9d,job_714b5d5180df4235bc3b733160926228,5201,Service Calls - Repairs & Part Installation - Tier 3 Repair - Clear Drain Line,labor,1.0,165.0,165.0
invoice_6bc15570a53c4c7ab363883807d89001,job_06684feca7e341beb12f8d0829db42cf,5200,Service & Repair Fee - Standard,labor,1.0,102.0,102.0
invoice_6bc15570a53c4c7ab363883807d89001,job_06684feca7e341beb12f8d0829db42cf,5200,Duct Tidewater Hospitality / Repair - Plenum / Duct Board Replacement - Plenum Only,labor,1.0,436.0,436.0
invoice_6bc15570a53c4c7ab363883807d89001,job_06684feca7e341beb12f8d0829db42cf,5200,Generic Parts / Service - Reme Halo Zero,material,1.0,969.0,969.0
invoice_0c95196564e74ba2a52a423621f4204a,job_6a40fe3ae0a242328fa9b3fb9d4be9f6,5199,Service Calls - Repairs & Part Installation - Tier 2 Repair - Coil clean in place (Indoor & Outdoor Coils),labor,2.0,146.0,292.0
invoice_41981c21c21c48ec9ee5aef5b378be82,job_0a433905d9f24a13acc449d039219b42,5198,Diagnostic (Emergency),labor,1.0,206.0,206.0
invoice_6993f844208140fdb1be0287a6328569,job_3e88385360b740d19d571a0eba70b361,5197,Service & Repair Fee - Standard,labor,1.0,0.0,0.0
invoice_28a4d9df1ec54501a1f72c514d3da2f0,job_3736173a3ebb4e5db98627bd0eb8bdbb,5196,Diagnostic/dispatch fees - Service & Repair Fee - After-Hours,labor,1.0,184.0,184.0
invoice_28a4d9df1ec54501a1f72c514d3da2f0,job_3736173a3ebb4e5db98627bd0eb8bdbb,5196,Service Calls - Repairs & Part Installation - Tier 3 Repair - Reconfigure PVC,labor,1.0,188.0,188.0
invoice_28a4d9df1ec54501a1f72c514d3da2f0,job_3736173a3ebb4e5db98627bd0eb8bdbb,5196,Service Calls - Repairs & Part Installation - Tier 1 Repair - Vacuum drain pan,labor,1.0,53.0,53.0
invoice_6668b1bdfae6495492d1be53576de46d,job_13159b754b7b46e3b4757076bba844f0,5195,Moen Shower/Diverter Cartridge Replacement,labor,1.0,312.5,312.5
invoice_34b5a3f7d5a34171b3e30dc44d0fe14e,job_3c82199084554e6fb502f4ae9548e9ed,5194,Preventative Maintenance - Preventative Maintenance,labor,1.0,188.0,188.0
invoice_7cb0666377734d8b9095bf835856ea13,job_46d5159ec064437298b003d2754e1904,5193,Replace Expansion Tank,labor,1.0,373.75,373.75
invoice_2d5b26d84559447f81774a75b6d193ce,job_e6c23be192e9499cbd1fc3328a75ac5a,5192,Moen Chateau black Shower/Bath Trim and Valve,labor,1.0,1877.25,1877.25
invoice_8525137bb7a24c968e8c8b0b9652eb46,job_edc00219695b4b44a08845f8bcd234b9,5191,Visit #4,labor,1.0,180.0,180.0
invoice_8525137bb7a24c968e8c8b0b9652eb46,job_edc00219695b4b44a08845f8bcd234b9,5191,Safety Switch,material,1.0,80.0,80.0
invoice_8525137bb7a24c968e8c8b0b9652eb46,job_edc00219695b4b44a08845f8bcd234b9,5191,Wet Switch,material,1.0,184.0,184.0
invoice_37da20d59dd541ee9ce3aef5e8ccb160,job_ef59ca701ff944bd820ab2105e847d3b,5189,Chemical Drain Line Treatment,labor,1.0,219.5,219.5
invoice_13f77fd5e2f4433dac9b2d90279fe868,job_acd27f53b8d541cf9422d0c1aa560a03,5188,Minor Drain Repair,labor,1.0,156.5,156.5
invoice_51f46c38067247bda6ffebd296877148,job_a475ebb9091343f4a11b9fae1f6b775a,5184,Service Calls - Repairs & Part Installation - Tier 7 Repair,labor,1.0,1299.0,1299.0
invoice_51f46c38067247bda6ffebd296877148,job_a475ebb9091343f4a11b9fae1f6b775a,5184,MISC - Replace Air Handler Insulation,labor,1.0,293.0,293.0
invoice_75f9b39365f040a68d34a3b9d2961911,job_c81fa9ca6b8042dc959566d95bb12f75,5183,Service & Repair Fee - Standard,labor,1.0,102.0,102.0
invoice_75f9b39365f040a68d34a3b9d2961911,job_c81fa9ca6b8042dc959566d95bb12f75,5183,Service Calls - Repairs & Part Installation - Tier 6 Repair - Control Board Replacement,labor,1.0,485.0,485.0
invoice_75f9b39365f040a68d34a3b9d2961911,job_c81fa9ca6b8042dc959566d95bb12f75,5183,Unit Specific Parts - Defrost Control Board,material,1.0,409.0,409.0
invoice_0609b6a350694d6f84011a93891fab0f,job_0d5e7a2273a24db28749d06e51f77781,5182,Service & Repair Fee - Standard,labor,1.0,102.0,102.0
invoice_0609b6a350694d6f84011a93891fab0f,job_0d5e7a2273a24db28749d06e51f77781,5182,Service Calls - Repairs & Part Installation - Tier 3 Repair - Clear Drain Line,labor,1.0,165.0,165.0
invoice_781c92ba60f64d2280513520cc54a311,job_5a9c5afd5c474f52aa2d0df82a1e9103,5181,Attempt to Restore Flow to Branchline Drain,labor,1.0,212.0,212.0
invoice_7899f164f57341b390b70512a0a45c28,job_736886b7c3b34b6bb85d0bbba3676130,5180,Service & Repair Fee - Standard,labor,1.0,102.0,102.0
invoice_7899f164f57341b390b70512a0a45c28,job_736886b7c3b34b6bb85d0bbba3676130,5180,Tier 3 Repair - Clear Drain Line,labor,1.0,188.0,188.0
invoice_676ec0b8cb924ac28b5eac62b2116d6b,job_1fb4f93bea5f428395cd4792b28c48eb,5179,Diagnostic/dispatch fees - Service & Repair Fee - After-Hours,labor,1.0,184.0,184.0
invoice_676ec0b8cb924ac28b5eac62b2116d6b,job_1fb4f93bea5f428395cd4792b28c48eb,5179,Service Calls - Repairs & Part Installation - Tier 3 Repair - Clear Drain Line,labor,1.0,165.0,165.0
invoice_899a3f2e7607422abcad4f6209d4c1cf,job_d118931b21894f0785fb7b7779767e9a,5178,Diagnostic/dispatch fees - Service & Repair Fee - After-Hours,labor,1.0,184.0,184.0
invoice_899a3f2e7607422abcad4f6209d4c1cf,job_d118931b21894f0785fb7b7779767e9a,5178,Service Calls - Repairs & Part Installation - Tier 3 Repair - Clear Drain Line,labor,1.0,165.0,165.0
invoice_445bded2a4934e73887f3c252585fa9b,job_282ad97a5da943f8bcc5636029f52e55,5177,Diagnostic/dispatch fees - Service & Repair Fee - After-Hours,labor,1.0,184.0,184.0
invoice_ecdcbf94714e47de83a2680a8328eaa0,job_3e618ac5ab05424ca97657d4373149b8,5176,Service & Repair Fee - Standard,labor,1.0,102.0,102.0
invoice_ecdcbf94714e47de83a2680a8328eaa0,job_3e618ac5ab05424ca97657d4373149b8,5176,Tier 3 Repair - Capacitor Replacement,labor,1.0,182.0,182.0
invoice_1a677e6a52dc42caa338ece1e4ef49f7,job_167731cd03374c83967535a5662c7cfb,5175,Preventative Maintenance - Residential Preventative Maintenance,labor,2.0,92.0,184.0
invoice_1a677e6a52dc42caa338ece1e4ef49f7,job_167731cd03374c83967535a5662c7cfb,5175,Service Calls - Repairs & Part Installation - Tier 3 Repair - Capacitor Replacement,labor,1.0,165.0,165.0
invoice_464e43e1f7114e44bea022764763b5fd,job_04237bc70b4045aeb1cc9fa5826842a4,5174,Service Calls - Repairs & Part Installation - Service Calls - Repairs & Part Installation - **Tier 3 Repair - Thermostat Installation,labor,1.0,145.0,145.0
invoice_464e43e1f7114e44bea022764763b5fd,job_04237bc70b4045aeb1cc9fa5826842a4,5174,Diagnostic/dispatch fees - Service & Repair Fee - Standard,labor,1.0,92.0,92.0
invoice_464e43e1f7114e44bea022764763b5fd,job_04237bc70b4045aeb1cc9fa5826842a4,5174,Unit Specific Parts - Rheem Communicating Thermostat,material,1.0,143.0,143.0
invoice_84bc78f5490a4b35907aa69d83c2f716,job_b79bca759e26487eac9381c565b1e9b0,5173,Diagnostic/dispatch fees - Service & Repair Fee - After-Hours,labor,1.0,184.0,184.0
invoice_84bc78f5490a4b35907aa69d83c2f716,job_b79bca759e26487eac9381c565b1e9b0,5173,Service Calls - Repairs & Part Installation - Tier 1 Repair - Cool Compressor,labor,1.0,49.0,49.0
invoice_34f5f7db5d7b48f6bb2bc3f3074466ce,job_7c00a129207f41eeaec6ba11222ed05d,5172,Service & Repair Fee - Standard,labor,1.0,102.0,102.0
invoice_818fa7d60b734265aeb65200fe3dafda,job_8ef4d26cd8e64fbb9f814d1eae9d7a41,5171,New System Installation - System Installation,labor,1.0,1928.0,1928.0
invoice_818fa7d60b734265aeb65200fe3dafda,job_8ef4d26cd8e64fbb9f814d1eae9d7a41,5171,2 Ton Mitsubishi Multi Zone Mini-Split-Outdoor unit,material,1.0,6183.0,6183.0
invoice_818fa7d60b734265aeb65200fe3dafda,job_8ef4d26cd8e64fbb9f814d1eae9d7a41,5171,1.5 Ton Mitsubishi Indoor Unit,material,1.0,1053.0,1053.0
invoice_818fa7d60b734265aeb65200fe3dafda,job_8ef4d26cd8e64fbb9f814d1eae9d7a41,5171,.5 Ton Mitsubishi Mini-Split Indoor Unit,material,1.0,653.0,653.0
invoice_818fa7d60b734265aeb65200fe3dafda,job_8ef4d26cd8e64fbb9f814d1eae9d7a41,5171,Add Ons - Line Set Protection,material,1.0,124.0,124.0
invoice_818fa7d60b734265aeb65200fe3dafda,job_8ef4d26cd8e64fbb9f814d1eae9d7a41,5171,Line Hide,material,1.0,235.0,235.0
invoice_818fa7d60b734265aeb65200fe3dafda,job_8ef4d26cd8e64fbb9f814d1eae9d7a41,5171,Passive Air Returns,material,2.0,236.0,472.0
invoice_5e270f95a24f49889182734644d06de6,job_18dc255cfa0b4d54b62efc3e5baf4ec2,5170,Diagnostic/dispatch fees - Service & Repair Fee - Standard,labor,1.0,92.0,92.0
invoice_5e270f95a24f49889182734644d06de6,job_18dc255cfa0b4d54b62efc3e5baf4ec2,5170,New System Installation - System Installation,labor,1.0,1584.0,1584.0
invoice_5e270f95a24f49889182734644d06de6,job_18dc255cfa0b4d54b62efc3e5baf4ec2,5170,Service Calls - Repairs & Part Installation - Guarantees,labor,1.0,0.0,0.0
invoice_5e270f95a24f49889182734644d06de6,job_18dc255cfa0b4d54b62efc3e5baf4ec2,5170,2.5 Ton - BUDGET 14 - Trane 2.5 Ton 14.3 Seer2 (15 SEER) Heat Pump System,material,1.0,8694.0,8694.0
invoice_5e270f95a24f49889182734644d06de6,job_18dc255cfa0b4d54b62efc3e5baf4ec2,5170,Add Ons - Concrete Pad,material,1.0,256.0,256.0
invoice_5e270f95a24f49889182734644d06de6,job_18dc255cfa0b4d54b62efc3e5baf4ec2,5170,Add Ons - Drain package,material,1.0,280.0,280.0
invoice_fa3c5a8044464f07a09957b552b9468e,job_a3e3797f1a1a4eec91fac1123219d77e,5169,New Construction - New Construction,labor,320.0,39.0,12480.0
invoice_fa3c5a8044464f07a09957b552b9468e,job_a3e3797f1a1a4eec91fac1123219d77e,5169,4 Ton - BUILDER 14 - RunTru 4 Ton 14.3 Seer2 (15 SEER) Heat Pump System,material,1.0,6956.0,6956.0
invoice_fa3c5a8044464f07a09957b552b9468e,job_a3e3797f1a1a4eec91fac1123219d77e,5169,3.5 Ton - BUILDER 14 - RunTru 3.5 Ton 14.3 Seer2 (15 SEER) Heat Pump System,material,1.0,5963.0,5963.0
invoice_fa3c5a8044464f07a09957b552b9468e,job_a3e3797f1a1a4eec91fac1123219d77e,5169,2.5 Ton - BUILDER 14 - RunTru 2.5 Ton 14.3 Seer2 (15 SEER) Heat Pump System,material,1.0,5402.0,5402.0
invoice_fa3c5a8044464f07a09957b552b9468e,job_a3e3797f1a1a4eec91fac1123219d77e,5169,New Construction - Rough-In & Trim-Out - 3.5-4T,material,2.0,4495.0,8990.0
invoice_fa3c5a8044464f07a09957b552b9468e,job_a3e3797f1a1a4eec91fac1123219d77e,5169,New Construction - Rough-In & Trim-Out - 2.5-3T,material,1.0,3395.0,3395.0
invoice_fa3c5a8044464f07a09957b552b9468e,job_a3e3797f1a1a4eec91fac1123219d77e,5169,New Construction - Kitchen Ventilation,material,1.0,338.0,338.0
invoice_fa3c5a8044464f07a09957b552b9468e,job_a3e3797f1a1a4eec91fac1123219d77e,5169,New Construction - Laundry Ventilation,material,1.0,366.0,366.0
invoice_53d66f3b8ce24b6ab51b00063f7ce82b,job_927e9588600b4424b0c40313daccf756,5168,Service Calls - Repairs & Part Installation - Tier 2 Repair - Coil clean in place,labor,2.0,94.0,188.0
invoice_35f3f3d2dc324e06b575041bcc3b9efb,job_f21c591534d54df39e8caf95483e400d,5167,Visit #4,labor,1.0,180.0,180.0
invoice_818c6790241744cd8985df5123c68c5a,job_bccf2574c2264111bbd9277a62f66c74,5166,Diagnostic/dispatch fees - Service & Repair Fee - After-Hours,labor,1.0,184.0,184.0
invoice_818c6790241744cd8985df5123c68c5a,job_bccf2574c2264111bbd9277a62f66c74,5166,Service Calls - Repairs & Part Installation - Tier 3 Repair - Clear Drain Line,labor,1.0,165.0,165.0
invoice_4839c84420594852917d9c46878feb39,job_dd201efe6ae24b9281ca56b80162292e,5165,Electric - AO Kirby 50(48) Gallon Electric Water Heater (Low Boy),labor,1.0,2390.0,2390.0
invoice_54fbe49ecabb42a8b6e70ee7c775a0de,job_cfefbe9eab2e4bffae5991dcdc66c36c,5164,Diagnostic/dispatch fees - Service & Repair Fee - After-Hours,labor,1.0,184.0,184.0
invoice_54fbe49ecabb42a8b6e70ee7c775a0de,job_cfefbe9eab2e4bffae5991dcdc66c36c,5164,Service Calls - Repairs & Part Installation - Tier 3 Repair - Clear Drain Line,labor,1.0,165.0,165.0
invoice_c0350676e2cb4a978309a3e3ca252d6d,job_6effe6907f3e43a89efb3f712912fb7c,5163,Diagnostic/dispatch fees - Service & Repair Fee - Standard,labor,1.0,92.0,92.0
invoice_c0350676e2cb4a978309a3e3ca252d6d,job_6effe6907f3e43a89efb3f712912fb7c,5163,Service Calls - Repairs & Part Installation - Tier 2 Repair - Leak Detection Tidewater Hospitality (Bubbles / Electronic),labor,1.0,96.0,96.0
invoice_c0350676e2cb4a978309a3e3ca252d6d,job_6effe6907f3e43a89efb3f712912fb7c,5163,Service Calls - Repairs & Part Installation - Tier 3 Repair - Clear Drain Line,labor,1.0,165.0,165.0
invoice_c0350676e2cb4a978309a3e3ca252d6d,job_6effe6907f3e43a89efb3f712912fb7c,5163,MISC Labor - Tech tightened schrader core,labor,1.0,133.0,133.0
invoice_c0350676e2cb4a978309a3e3ca252d6d,job_6effe6907f3e43a89efb3f712912fb7c,5163,Generic Parts / Service - R410a refrigerant,material,2.0,132.0,264.0
invoice_6ee673da6ae141138143faea950e1223,job_6d60731e82ec4eb69cf2f401fb08b129,5162,Diagnostic/dispatch fees - Starfish Hospitality Service & Repair Fee - After Hours,labor,1.0,129.0,129.0
invoice_6ee673da6ae141138143faea950e1223,job_6d60731e82ec4eb69cf2f401fb08b129,5162,Service Calls - Repairs & Part Installation - Tier 3 Repair - Clear Drain Line (FREE),labor,1.0,0.0,0.0
invoice_6ee673da6ae141138143faea950e1223,job_6d60731e82ec4eb69cf2f401fb08b129,5162,Service Calls - Repairs & Part Installation - Tier 2 Repair - Coil clean in place,labor,1.0,94.0,94.0
invoice_69140aae26d340e39f6062e4ffa994c4,job_025b60354457443ab5185cf26c2a3488,5161,Rescue Motor,labor,1.0,731.0,731.0
invoice_69140aae26d340e39f6062e4ffa994c4,job_025b60354457443ab5185cf26c2a3488,5161,Service & Repair Fee - After-Hours,labor,1.0,167.0,167.0
invoice_fc9e6e7e4a9a49db9f6955b3e8760a22,job_f879f8385f0b44df965005571e192872,5160,Diagnostic/dispatch fees - Service & Repair Fee - After-Hours,labor,1.0,184.0,184.0
invoice_fc9e6e7e4a9a49db9f6955b3e8760a22,job_f879f8385f0b44df965005571e192872,5160,Service Calls - Repairs & Part Installation - Tier 3 Repair - Clear Drain Line,labor,1.0,165.0,165.0
invoice_f8d73177cd754099a922522eeb7c5a55,job_2b919b4cec7146ec834ab183a06ccab9,5159,Diagnostic/dispatch fees - Service & Repair Fee - After-Hours,labor,1.0,184.0,184.0
invoice_f8d73177cd754099a922522eeb7c5a55,job_2b919b4cec7146ec834ab183a06ccab9,5159,Service Calls - Repairs & Part Installation - Tier 3 Repair - Clear Drain Line,labor,1.0,165.0,165.0
invoice_4f2262d07365423e9e9d1708ef0b52f9,job_a0eda9a8dc504f0e93d1c273d5e9922f,5158,Service & Repair Fee - After-Hours,labor,1.0,167.0,167.0
invoice_4f2262d07365423e9e9d1708ef0b52f9,job_a0eda9a8dc504f0e93d1c273d5e9922f,5158,Service Calls - Repairs & Part Installation - Tier 3 Repair - Clear Drain Line,labor,1.0,165.0,165.0
invoice_12432f8412b94bde822d196d8f6358ea,job_e7bbe258b0af4eeaa4c2a85a22fd2778,5157,Diagnostic/dispatch fees - Service & Repair Fee - After-Hours,labor,1.0,184.0,184.0
invoice_12432f8412b94bde822d196d8f6358ea,job_e7bbe258b0af4eeaa4c2a85a22fd2778,5157,Service Calls - Repairs & Part Installation - Tier 3 Repair - Clear Drain Line,labor,1.0,165.0,165.0
invoice_50b5bfb1e497422a88147839cdf88b9c,job_1d0a6cd6cdfa4015a26d315a595b5341,5156,Service & Repair Fee - Standard,labor,1.0,102.0,102.0
invoice_ebce30a25fb64ef98268d551784828f7,job_9bb2ed7aa0a14d3692a5f7e49553ffaf,5155,Service & Repair Fee - Standard,labor,1.0,102.0,102.0
invoice_ebce30a25fb64ef98268d551784828f7,job_9bb2ed7aa0a14d3692a5f7e49553ffaf,5155,Service Calls - Repairs & Part Installation - Tier 3 Repair - Capacitor Replacement,labor,1.0,165.0,165.0
invoice_6cb423c8013c42ebb891547bffb9873f,job_db965ae0bf5e434f986aab87b16755e2,5154,Service & Repair Fee - Standard,labor,1.0,102.0,102.0
invoice_6cb423c8013c42ebb891547bffb9873f,job_db965ae0bf5e434f986aab87b16755e2,5154,Service Calls - Repairs & Part Installation - Tier 3 Repair - Clear Drain Line,labor,1.0,165.0,165.0
invoice_5deaba8c8f9746278cea6fb120734fb9,job_e824302bea744c6aaa87af9d6b4b6075,5153,Service & Repair Fee - Standard,labor,1.0,102.0,102.0
invoice_5deaba8c8f9746278cea6fb120734fb9,job_e824302bea744c6aaa87af9d6b4b6075,5153,Service Calls - Repairs & Part Installation - Tier 3 Repair - Clear Drain Line,labor,1.0,165.0,165.0
invoice_881962a2e44c44059077a96951f81d45,job_be78ba5d9f554361afc2c59b4879d788,5152,Diagnostic/dispatch fees - Service & Repair Fee - Standard,labor,1.0,92.0,92.0
invoice_881962a2e44c44059077a96951f81d45,job_be78ba5d9f554361afc2c59b4879d788,5152,Service Calls - Repairs & Part Installation - Tier 3 Repair - Clear Drain Line,labor,1.0,165.0,165.0
invoice_8dbc5cd102634da6927442b53f6aeb9a,job_e08f5b101f8541f0be38c3a4c4821dc5,5151,Diagnostic/dispatch fees - Service & Repair Fee - After-Hours,labor,1.0,184.0,184.0
invoice_8dbc5cd102634da6927442b53f6aeb9a,job_e08f5b101f8541f0be38c3a4c4821dc5,5151,Service Calls - Repairs & Part Installation - Tier 3 Repair - Clear Drain Line,labor,1.0,165.0,165.0
invoice_ac38340c143742acae1fe02f8219fd12,job_d97d45bf9b904f5cb042901d70ea410f,5150,Diagnostic/dispatch fees - Service & Repair Fee - Standard,labor,1.0,92.0,92.0
invoice_1969125c97164f7ea813feac8de372eb,job_bb1c9e727ed6492987b939ca2b0e3a35,5149,Service Calls - Repairs & Part Installation - Tier 7 Repair,labor,1.0,946.0,946.0
invoice_1969125c97164f7ea813feac8de372eb,job_bb1c9e727ed6492987b939ca2b0e3a35,5149,Service Calls - Repairs & Part Installation - Tier 3 Repair - Capacitor Replacement,labor,1.0,165.0,165.0
invoice_1969125c97164f7ea813feac8de372eb,job_bb1c9e727ed6492987b939ca2b0e3a35,5149,Diagnostic/dispatch fees - Service & Repair Fee - Standard,labor,1.0,92.0,92.0
invoice_1969125c97164f7ea813feac8de372eb,job_bb1c9e727ed6492987b939ca2b0e3a35,5149,Generic Parts / Service - R410a refrigerant,material,7.0,132.0,924.0
invoice_1969125c97164f7ea813feac8de372eb,job_bb1c9e727ed6492987b939ca2b0e3a35,5149,Generic Parts / Service - Filter dryer,material,1.0,103.0,103.0
invoice_1969125c97164f7ea813feac8de372eb,job_bb1c9e727ed6492987b939ca2b0e3a35,5149,WARRANTY Parts / Service - WARRANTY - Compressor,material,1.0,0.0,0.0
invoice_d139aaac71cc4e8ebbf8ba393d04e5f2,job_7daf0aea664e4c688054cdfa915c2168,5148,Service & Repair Fee - After-Hours,labor,1.0,167.0,167.0
invoice_d139aaac71cc4e8ebbf8ba393d04e5f2,job_7daf0aea664e4c688054cdfa915c2168,5148,Service Calls - Repairs & Part Installation - Tier 3 Repair - Capacitor Replacement,labor,1.0,165.0,165.0
invoice_f1d3d66515584ead80b713a75d20d623,job_e1d47e9f35eb4fce8645e00d891a3df8,5147,Service Calls - Repairs & Part Installation - Tier 3 Repair - Clear Drain Line,labor,1.0,165.0,165.0
invoice_f1d3d66515584ead80b713a75d20d623,job_e1d47e9f35eb4fce8645e00d891a3df8,5147,Service & Repair Fee - Standard,labor,1.0,102.0,102.0
invoice_b277c61cea414bbab57bf74319a98d22,job_982e80ba49744f6da9139e558db2f481,5146,Diagnostic/dispatch fees - Service & Repair Fee - Standard,labor,1.0,92.0,92.0
invoice_701e1be81b16495ba44d8e3b4cf82001,job_9634e09f10cf45f9ac5d97a2d6e7c7d0,5145,System Installation,labor,1.0,1410.0,1410.0
invoice_701e1be81b16495ba44d8e3b4cf82001,job_9634e09f10cf45f9ac5d97a2d6e7c7d0,5145,Service Calls - Repairs & Part Installation - Guarantees,labor,1.0,0.0,0.0
invoice_701e1be81b16495ba44d8e3b4cf82001,job_9634e09f10cf45f9ac5d97a2d6e7c7d0,5145,Carrier Heat Pump - 3 Ton Condenser - 15 SEER,material,1.0,5167.0,5167.0
invoice_701e1be81b16495ba44d8e3b4cf82001,job_9634e09f10cf45f9ac5d97a2d6e7c7d0,5145,Comfort Series Front Return - 3 Ton,material,1.0,2348.0,2348.0
invoice_701e1be81b16495ba44d8e3b4cf82001,job_9634e09f10cf45f9ac5d97a2d6e7c7d0,5145,Electric Heater - 8kW 240 Volt-Single Phase with Terminal Block,material,1.0,269.0,269.0
invoice_701e1be81b16495ba44d8e3b4cf82001,job_9634e09f10cf45f9ac5d97a2d6e7c7d0,5145,Honeywell Home FocusPRO® N100,material,1.0,190.0,190.0
invoice_701e1be81b16495ba44d8e3b4cf82001,job_9634e09f10cf45f9ac5d97a2d6e7c7d0,5145,Add Ons - Drain package,material,1.0,280.0,280.0
invoice_c0c2d46aa002427993b3e572d3dcf414,job_444fd6c93f4944759926b0c7376e1870,5143,Install Badger 5 3/4 HP Disposal,labor,1.0,768.75,768.75
invoice_ed041c8098c74fc8b8803055839159ec,job_444fd6c93f4944759926b0c7376e1870,5142,Install Badger 5 3/4 HP Disposal,labor,1.0,768.75,768.75
invoice_e82c78a2abdc46cd8265528dcb6589cf,job_bc631c22fc004d2a9699e851f189568a,5141,Bath/ Shower - Install 3 Handle Shower Faucet,labor,1.0,1137.5,1137.5
invoice_7cddb3b26a624ed9a5e6f05857b2808d,job_0892bf6b7df744d7abbbabcbd4fe6ea1,5140,System Installation,labor,1.0,1410.0,1410.0
invoice_7cddb3b26a624ed9a5e6f05857b2808d,job_0892bf6b7df744d7abbbabcbd4fe6ea1,5140,Service Calls - Repairs & Part Installation - Guarantees,labor,1.0,0.0,0.0
invoice_7cddb3b26a624ed9a5e6f05857b2808d,job_0892bf6b7df744d7abbbabcbd4fe6ea1,5140,Service Calls - Repairs & Part Installation - Guarantees,labor,1.0,0.0,0.0
invoice_7cddb3b26a624ed9a5e6f05857b2808d,job_0892bf6b7df744d7abbbabcbd4fe6ea1,5140,2 Ton - STANDARD CHOICE 15 - Trane 2 Ton 15.2 Seer2 (16 SEER) Gas Furnace System,material,1.0,9399.0,9399.0
invoice_7cddb3b26a624ed9a5e6f05857b2808d,job_0892bf6b7df744d7abbbabcbd4fe6ea1,5140,Add Ons - Concrete Pad,material,1.0,256.0,256.0
invoice_7cddb3b26a624ed9a5e6f05857b2808d,job_0892bf6b7df744d7abbbabcbd4fe6ea1,5140,Add Ons - Drain package,material,1.0,280.0,280.0
invoice_a5073a531ab3423cab1cc3beac0f33f3,job_97ac0d6e0a5b4da88f2dfaaafc8863b9,5139,Replace wet switch / treat drain pan,labor,1.0,241.0,241.0
invoice_197a2679bf294e9aa4d7838381555600,job_9463aeb3994c486daa3fe25cab147825,5138,Preventative Maintenance - Residential Inspection Report,labor,1.0,360.0,360.0
invoice_d15bb8d98f854b05a1561951eb11ecad,job_4b44d10b9b1747f0a2ebdb93f6d9a325,5137,Residential Preventative Maintenance,labor,1.0,91.0,91.0
invoice_8e88b654a9b845d8905c9f26c45b8701,job_6698442bf190409f8e1926f577de8bac,5136,Replace PVC Toilet Flange,labor,1.0,533.0,533.0
invoice_8e88b654a9b845d8905c9f26c45b8701,job_6698442bf190409f8e1926f577de8bac,5136,Plumbing Estimate,labor,1.0,0.0,0.0
invoice_6f48e5fed8c94f56b1672bc0236d8cd9,job_63b54fdfecdd45eea36e27fc78db6b62,5134,Diagnostic/dispatch fees - Service & Repair Fee - After-Hours,labor,1.0,184.0,184.0
invoice_6f48e5fed8c94f56b1672bc0236d8cd9,job_63b54fdfecdd45eea36e27fc78db6b62,5134,Service Calls - Repairs & Part Installation - Tier 3 Repair - Clear Drain Line,labor,1.0,165.0,165.0
invoice_8c71487fb92e44c1990de98b0a99157c,job_0892bf6b7df744d7abbbabcbd4fe6ea1,5133,System Installation,labor,1.0,1410.0,1410.0
invoice_8c71487fb92e44c1990de98b0a99157c,job_0892bf6b7df744d7abbbabcbd4fe6ea1,5133,Service Calls - Repairs & Part Installation - Guarantees,labor,1.0,0.0,0.0
invoice_8c71487fb92e44c1990de98b0a99157c,job_0892bf6b7df744d7abbbabcbd4fe6ea1,5133,Service Calls - Repairs & Part Installation - Guarantees,labor,1.0,0.0,0.0
invoice_8c71487fb92e44c1990de98b0a99157c,job_0892bf6b7df744d7abbbabcbd4fe6ea1,5133,2 Ton - STANDARD CHOICE 15 - Trane 2 Ton 15.2 Seer2 (16 SEER) Gas Furnace System,material,1.0,9399.0,9399.0
invoice_8c71487fb92e44c1990de98b0a99157c,job_0892bf6b7df744d7abbbabcbd4fe6ea1,5133,Add Ons - Concrete Pad,material,1.0,256.0,256.0
invoice_8c71487fb92e44c1990de98b0a99157c,job_0892bf6b7df744d7abbbabcbd4fe6ea1,5133,Add Ons - Drain package,material,1.0,280.0,280.0
invoice_8edcb43972a54e9881017ffcf608119b,job_e66ffd1d8403471bae31d660a4da1254,5131,Replace PVC Toilet Flange,labor,1.0,775.75,775.75
invoice_9765c5dea7c745a397868edd0d97fe6b,job_8d11ec89fddc4166b1bcf4170a838302,5130,New System Installation - Air Handler Installation,labor,1.0,954.0,954.0
invoice_9765c5dea7c745a397868edd0d97fe6b,job_8d11ec89fddc4166b1bcf4170a838302,5130,Kayla 410a 3T Variable Speed Air Handler,material,1.0,1256.0,1256.0
invoice_94154136db214c49a6b15e46b2f69da1,job_5ab97702f6114b0ca8ec8713a7120e82,5129,New System Installation - System Installation,labor,1.0,1584.0,1584.0
invoice_94154136db214c49a6b15e46b2f69da1,job_5ab97702f6114b0ca8ec8713a7120e82,5129,Service Calls - Repairs & Part Installation - Guarantees,labor,1.0,0.0,0.0
invoice_94154136db214c49a6b15e46b2f69da1,job_5ab97702f6114b0ca8ec8713a7120e82,5129,Service & Repair Fee - After-Hours,labor,1.0,167.0,167.0
invoice_94154136db214c49a6b15e46b2f69da1,job_5ab97702f6114b0ca8ec8713a7120e82,5129,2.5 Ton - BUDGET 14 - Trane 2.5 Ton 14.3 Seer2 (15 SEER) Heat Pump System,material,1.0,8694.0,8694.0
invoice_94154136db214c49a6b15e46b2f69da1,job_5ab97702f6114b0ca8ec8713a7120e82,5129,Add Ons - Drain package,material,1.0,280.0,280.0
invoice_94154136db214c49a6b15e46b2f69da1,job_5ab97702f6114b0ca8ec8713a7120e82,5129,Amberjack Hollow fee,material,1.0,1806.0,1806.0
invoice_288ee3e6e2c04c3687ea8aa799aa211a,job_16ce40ef154445ea998b0f508b2abf0c,5128,Jet Mainline Drain,labor,1.0,646.0,646.0
invoice_077f04cd864f42b8b588fc83c6a7943a,job_ccf52a4be2c9471ab014636b37966e68,5127,Service & Repair Fee - Standard,labor,1.0,98.0,98.0
invoice_077f04cd864f42b8b588fc83c6a7943a,job_ccf52a4be2c9471ab014636b37966e68,5127,Service Calls - Repairs & Part Installation - Tier 2 Repair - Coil clean in place,labor,1.0,94.0,94.0
invoice_3e7300c844f7468bae9d3f3714e74b5f,job_6c39f2d6bf96490ebc265b5d5f3f94cd,5125,System Installation,labor,1.0,1410.0,1410.0
invoice_3e7300c844f7468bae9d3f3714e74b5f,job_6c39f2d6bf96490ebc265b5d5f3f94cd,5125,Service Calls - Repairs & Part Installation - Guarantees,labor,1.0,0.0,0.0
invoice_3e7300c844f7468bae9d3f3714e74b5f,job_6c39f2d6bf96490ebc265b5d5f3f94cd,5125,BUDGET 14 - Trane 2 Ton 14.3 Seer2 (15 SEER) Heat Pump System,material,1.0,8153.0,8153.0
invoice_3e7300c844f7468bae9d3f3714e74b5f,job_6c39f2d6bf96490ebc265b5d5f3f94cd,5125,Add Ons - Concrete Pad,material,1.0,256.0,256.0
invoice_3e7300c844f7468bae9d3f3714e74b5f,job_6c39f2d6bf96490ebc265b5d5f3f94cd,5125,Add Ons - Drain package,material,1.0,280.0,280.0
invoice_d0143d329c0d4a97910b75e8d909a4e2,job_feb21cd9e27f419982515835a3865ce0,5124,Install New 1/4 Turn Hose Bibb,labor,1.0,210.0,210.0
invoice_51569be96f9242939591352bae803aa5,job_618a23f33dae4d8bac87761b20c84d80,5123,Moen Arbor Chrome Pulldown Faucet,labor,1.0,1151.5,1151.5
invoice_ebcee0ddfcc2450cbf7082591851f7a9,job_421857ead6b3493e9d0e74937a319782,5122,Delta Single Handle Cartridge Replacement,labor,1.0,304.0,304.0
invoice_0da0d7c9556c4f5984da80cd00d01806,job_42f0cb2f20f145fa94a80504d5c7c43d,5120,System Installation,labor,1.0,1410.0,1410.0
invoice_0da0d7c9556c4f5984da80cd00d01806,job_42f0cb2f20f145fa94a80504d5c7c43d,5120,1.5 Ton - BUDGET 14 - Trane 1.5 Ton 14.3 Seer2 (15 SEER) Heat Pump System,material,1.0,8052.0,8052.0
invoice_0da0d7c9556c4f5984da80cd00d01806,job_42f0cb2f20f145fa94a80504d5c7c43d,5120,Add Ons - Concrete Pad,material,1.0,256.0,256.0
invoice_2f787fac69a14b15ac394994a75792a5,job_f8e59224f72b4b55bca6bb04fc4ee5f1,5119,Preventative Maintenance - Residential Preventative Maintenance,labor,1.0,179.0,179.0
invoice_900406e2ed964157bd6c74b4659ebffa,job_6ecaefe3decb4ce3b32688c5de4e9c45,5118,Service & Repair Fee - Standard,labor,1.0,102.0,102.0
invoice_900406e2ed964157bd6c74b4659ebffa,job_6ecaefe3decb4ce3b32688c5de4e9c45,5118,Service Calls - Repairs & Part Installation - Tier 3 Repair - Clear Drain Line,labor,1.0,165.0,165.0
invoice_900406e2ed964157bd6c74b4659ebffa,job_6ecaefe3decb4ce3b32688c5de4e9c45,5118,Service Calls - Repairs & Part Installation - Tier 2 Repair - Coil clean in place,labor,1.0,94.0,94.0
invoice_900406e2ed964157bd6c74b4659ebffa,job_6ecaefe3decb4ce3b32688c5de4e9c45,5118,Service Calls - Repairs & Part Installation - Tier 3 Repair - Reconfigure PVC,labor,1.0,188.0,188.0
invoice_6f0dbeb40dba46fd9ea64431497268ff,job_5ab97702f6114b0ca8ec8713a7120e82,5117,New System Installation - System Installation,labor,1.0,1584.0,1584.0
invoice_6f0dbeb40dba46fd9ea64431497268ff,job_5ab97702f6114b0ca8ec8713a7120e82,5117,Service Calls - Repairs & Part Installation - Guarantees,labor,1.0,0.0,0.0
invoice_6f0dbeb40dba46fd9ea64431497268ff,job_5ab97702f6114b0ca8ec8713a7120e82,5117,Service & Repair Fee - After-Hours,labor,1.0,167.0,167.0
invoice_6f0dbeb40dba46fd9ea64431497268ff,job_5ab97702f6114b0ca8ec8713a7120e82,5117,2.5 Ton - BUDGET 14 - Trane 2.5 Ton 14.3 Seer2 (15 SEER) Heat Pump System,material,1.0,8694.0,8694.0
invoice_6f0dbeb40dba46fd9ea64431497268ff,job_5ab97702f6114b0ca8ec8713a7120e82,5117,Add Ons - Drain package,material,1.0,280.0,280.0
invoice_6f0dbeb40dba46fd9ea64431497268ff,job_5ab97702f6114b0ca8ec8713a7120e82,5117,Amberjack Hollow fee,material,1.0,1806.0,1806.0
invoice_035d26e6a2b048edbdc61d2a36659702,job_5ab97702f6114b0ca8ec8713a7120e82,5116,New System Installation - System Installation,labor,1.0,1584.0,1584.0
invoice_035d26e6a2b048edbdc61d2a36659702,job_5ab97702f6114b0ca8ec8713a7120e82,5116,Service Calls - Repairs & Part Installation - Guarantees,labor,1.0,0.0,0.0
invoice_035d26e6a2b048edbdc61d2a36659702,job_5ab97702f6114b0ca8ec8713a7120e82,5116,Service & Repair Fee - After-Hours,labor,1.0,167.0,167.0
invoice_035d26e6a2b048edbdc61d2a36659702,job_5ab97702f6114b0ca8ec8713a7120e82,5116,2.5 Ton - BUDGET 14 - Trane 2.5 Ton 14.3 Seer2 (15 SEER) Heat Pump System,material,1.0,8694.0,8694.0
invoice_035d26e6a2b048edbdc61d2a36659702,job_5ab97702f6114b0ca8ec8713a7120e82,5116,Add Ons - Drain package,material,1.0,280.0,280.0
invoice_035d26e6a2b048edbdc61d2a36659702,job_5ab97702f6114b0ca8ec8713a7120e82,5116,Amberjack Hollow fee,material,1.0,1806.0,1806.0
invoice_497c7dc769304fb9bd3cb5d34dcbf16f,job_fe839b5ee13e47cd8e2a7c20178bce0d,5115,Diagnostic/dispatch fees - Service & Repair Fee - After-Hours,labor,1.0,184.0,184.0
invoice_497c7dc769304fb9bd3cb5d34dcbf16f,job_fe839b5ee13e47cd8e2a7c20178bce0d,5115,Service Calls - Repairs & Part Installation - Tier 3 Repair - Capacitor Replacement,labor,1.0,165.0,165.0
invoice_c4dab955f7c04484a9db5d1dbdcc7d95,job_0b11a067475947158bb9b31ed8290c0f,5114,Service & Repair Fee - After-Hours,labor,1.0,167.0,167.0
invoice_c4dab955f7c04484a9db5d1dbdcc7d95,job_0b11a067475947158bb9b31ed8290c0f,5114,Service Calls - Repairs & Part Installation - Tier 3 Repair - Low Voltage Breaker Replacement,labor,1.0,231.0,231.0
invoice_c4dab955f7c04484a9db5d1dbdcc7d95,job_0b11a067475947158bb9b31ed8290c0f,5114,Service Calls - Repairs & Part Installation - Service Calls - Repairs & Part Installation - **Tier 3 Repair - Thermostat Installation,labor,1.0,145.0,145.0
invoice_c4dab955f7c04484a9db5d1dbdcc7d95,job_0b11a067475947158bb9b31ed8290c0f,5114,Thermostat - Honeywell Home FocusPRO® N100,material,1.0,193.0,193.0
invoice_c4dab955f7c04484a9db5d1dbdcc7d95,job_0b11a067475947158bb9b31ed8290c0f,5114,60 Amp Square D Breaker,material,1.0,48.0,48.0
invoice_af78d996e72c4d66aaf2322608316d11,job_6ad4f8354a0f4338807b1b4dfd2578bf,5113,Diagnostic/dispatch fees - Service & Repair Fee - After-Hours,labor,1.0,184.0,184.0
invoice_af78d996e72c4d66aaf2322608316d11,job_6ad4f8354a0f4338807b1b4dfd2578bf,5113,Service Calls - Repairs & Part Installation - Tier 3 Repair - Clear Drain Line,labor,1.0,165.0,165.0
invoice_af78d996e72c4d66aaf2322608316d11,job_6ad4f8354a0f4338807b1b4dfd2578bf,5113,Service Calls - Repairs & Part Installation - Tier 1 Repair - Change Filters,labor,1.0,53.0,53.0
invoice_c1b4eac86a7c4e0f8d92f509dbdf325e,job_2ee5014e0d3d481c8db228b76c0f87ac,5112,Diagnostic/dispatch fees - Service & Repair Fee - After-Hours,labor,1.0,184.0,184.0
invoice_c1b4eac86a7c4e0f8d92f509dbdf325e,job_2ee5014e0d3d481c8db228b76c0f87ac,5112,Service Calls - Repairs & Part Installation - Tier 3 Repair - Clear Drain Line,labor,1.0,165.0,165.0
invoice_662754570c9848fc9d882f1e8673ca9d,job_d41ad20b8f1e41629a3a26c19fe2cdcf,5111,Install Rinnai RX199,labor,1.0,6365.5,6365.5
invoice_4551589b9ec24ae1a0ffa282e4485ccd,job_f00beb338e904c05910b6f4ce5d9b873,5110,Diagnostic (Residential),labor,1.0,142.0,142.0
invoice_b0931fa3370f43e6b23a6e99a7e20bec,job_e6a50380c98541b7a9577b91248d364b,5109,Service & Repair Fee - Standard,labor,1.0,102.0,102.0
invoice_b0931fa3370f43e6b23a6e99a7e20bec,job_e6a50380c98541b7a9577b91248d364b,5109,Service Calls - Repairs & Part Installation - Tier 3 Repair - Clear Drain Line,labor,1.0,165.0,165.0
invoice_a7d6c4d4585344ce88c0e8b9faa037c7,job_fadeed7aca88401c94d23e0d686ff9b2,5108,Service & Repair Fee - Standard,labor,1.0,102.0,102.0
invoice_a7d6c4d4585344ce88c0e8b9faa037c7,job_fadeed7aca88401c94d23e0d686ff9b2,5108,Service Calls - Repairs & Part Installation - Tier 3 Repair - Clear Drain Line & Re-Wire Float Switch,labor,1.0,211.0,211.0
invoice_f10542908ac04309b5ece7d3775cfb9b,job_f8b14fa76c1c4ec39a363ed8bfe3410c,5107,Service & Repair Fee - Standard,labor,1.0,102.0,102.0
invoice_f10542908ac04309b5ece7d3775cfb9b,job_f8b14fa76c1c4ec39a363ed8bfe3410c,5107,Service Calls - Repairs & Part Installation - Rescue Motor,material,1.0,676.0,676.0
invoice_d6a165a5b76a4af9b2336d62ecb74b83,job_94447866e32c4e0fb702c73e8d3957db,5106,Service Calls - Repairs & Part Installation - Tier 2 Repair - Leak Detection Tidewater Hospitality (Bubbles / Electronic),labor,1.0,96.0,96.0
invoice_d6a165a5b76a4af9b2336d62ecb74b83,job_94447866e32c4e0fb702c73e8d3957db,5106,Service Calls - Repairs & Part Installation - Tier 7 Repair,labor,1.0,946.0,946.0
invoice_d6a165a5b76a4af9b2336d62ecb74b83,job_94447866e32c4e0fb702c73e8d3957db,5106,Service & Repair Fee - After-Hours,labor,1.0,167.0,167.0
invoice_d6a165a5b76a4af9b2336d62ecb74b83,job_94447866e32c4e0fb702c73e8d3957db,5106,Generic Parts / Service - R410a refrigerant,material,2.0,132.0,264.0
invoice_d6a165a5b76a4af9b2336d62ecb74b83,job_94447866e32c4e0fb702c73e8d3957db,5106,Generic Parts / Service - Filter dryer,material,1.0,103.0,103.0
invoice_d6a165a5b76a4af9b2336d62ecb74b83,job_94447866e32c4e0fb702c73e8d3957db,5106,WARRANTY Parts / Service - WARRANTY - Evaporator Coil,material,1.0,258.0,258.0
invoice_d6a165a5b76a4af9b2336d62ecb74b83,job_94447866e32c4e0fb702c73e8d3957db,5106,Generic Parts / Service - R410a refrigerant,material,3.0,132.0,396.0
invoice_7e509e2fd1364985a3c656d8bbef489d,job_9acd7668ab1f407bbe84d11e553d7fb6,5105,Service & Repair Fee - Standard,labor,1.0,102.0,102.0
invoice_7e509e2fd1364985a3c656d8bbef489d,job_9acd7668ab1f407bbe84d11e553d7fb6,5105,Service Calls - Repairs & Part Installation - Tier 3 Repair - Capacitor Replacement,labor,1.0,165.0,165.0
invoice_4ea0940c7ab04fe4ad9ac2c40cf0d48e,job_dbb86efbfbaf47ad9c8c82f40bcfad14,5104,Service & Repair Fee - Standard,labor,1.0,102.0,102.0
invoice_4ea0940c7ab04fe4ad9ac2c40cf0d48e,job_dbb86efbfbaf47ad9c8c82f40bcfad14,5104,Service Calls - Repairs & Part Installation - Tier 3 Repair - Clear Drain Line,labor,1.0,165.0,165.0
invoice_8b3d7d157d0a42e6b5bac4959173706f,job_57e44e9741934f71803d26c356611a60,5103,Visit #1,labor,1.0,188.0,188.0
invoice_8b3d7d157d0a42e6b5bac4959173706f,job_57e44e9741934f71803d26c356611a60,5103,Add Ons - Drain package,material,1.0,280.0,280.0
invoice_8b3d7d157d0a42e6b5bac4959173706f,job_57e44e9741934f71803d26c356611a60,5103,Generic Parts / Service - Ecobee 7 Thermostat,material,1.0,305.0,305.0
invoice_8b3d7d157d0a42e6b5bac4959173706f,job_57e44e9741934f71803d26c356611a60,5103,Generic Parts / Service - Reme Halo Zero,material,1.0,969.0,969.0
invoice_8b3d7d157d0a42e6b5bac4959173706f,job_57e44e9741934f71803d26c356611a60,5103,Add Ons - Blu QR UV Stick Horton,material,1.0,212.0,212.0
invoice_c15ab2881b3b468ba789025e9bb15983,job_1b0a65ad15994138ba88e1ae77eae368,5102,Service Calls - Service & Repair Fee - Standard,labor,1.0,96.0,96.0
invoice_c15ab2881b3b468ba789025e9bb15983,job_1b0a65ad15994138ba88e1ae77eae368,5102,Service Calls - Repairs & Part Installation - **Tier 3 Repair - Clear Drain Line,labor,1.0,186.0,186.0
invoice_c15ab2881b3b468ba789025e9bb15983,job_1b0a65ad15994138ba88e1ae77eae368,5102,Add Ons - Drain package,material,2.0,277.75,555.5
invoice_c15ab2881b3b468ba789025e9bb15983,job_1b0a65ad15994138ba88e1ae77eae368,5102,Generic Parts / Service - Safety Wet Switch,material,1.0,182.0,182.0
invoice_5401c813d2e84a27bba5b80805ed828a,job_bb19b1a90ae34080af08af9ccb5b95c7,5101,Service & Repair Fee - Standard,labor,1.0,102.0,102.0
invoice_6c06aeeee9cf47fbb79467bac7fbe265,job_53bc76a0a539494691cec94adec3a651,5100,Service Calls - Repairs & Part Installation - Tier 2 Repair - Leak Detection Tidewater Hospitality (Bubbles / Electronic),labor,1.0,96.0,96.0
invoice_6c06aeeee9cf47fbb79467bac7fbe265,job_53bc76a0a539494691cec94adec3a651,5100,Service Calls - Repairs & Part Installation - Tier 6 Repair - TXV/ Piston Repair + Filter Drier,labor,1.0,477.0,477.0
invoice_6c06aeeee9cf47fbb79467bac7fbe265,job_53bc76a0a539494691cec94adec3a651,5100,Diagnostic/dispatch fees - Service & Repair Fee - Standard,labor,1.0,92.0,92.0
invoice_6c06aeeee9cf47fbb79467bac7fbe265,job_53bc76a0a539494691cec94adec3a651,5100,Generic Parts / Service - R410a refrigerant,material,1.0,132.0,132.0
invoice_6c06aeeee9cf47fbb79467bac7fbe265,job_53bc76a0a539494691cec94adec3a651,5100,Generic Parts / Service - Filter dryer,material,1.0,103.0,103.0
invoice_add87f3bc5f842ba99e3dbc538564546,job_f81bd10764024d8986df6cb2a90b3957,5099,Diagnostic/dispatch fees - Service & Repair Fee - Standard,labor,1.0,92.0,92.0
invoice_31792594687a4ff1adee1b3563ee7d53,job_05935be3f477485eb1f206a38ac40c11,5098,Diagnostic/dispatch fees - Service & Repair Fee - After-Hours,labor,1.0,184.0,184.0
invoice_984de46cc0a940e38499e048d079370f,job_a546f0781ae14f60a6778dbd34b914fe,5097,Diagnostic/dispatch fees - Service & Repair Fee - After-Hours,labor,1.0,184.0,184.0
invoice_7b9a82b9eb814b1aa79431afa4d9404a,job_b6359ba6d7f545c98062b7ee425599da,5096,Service & Repair Fee - Standard,labor,1.0,102.0,102.0
invoice_90b39cf723c64f4cafa505a80ec77963,job_93e20dc6846e49d89c89a566726b0d46,5094,Service & Repair Fee - Standard,labor,1.0,102.0,102.0
invoice_3be222e836bc44c2bcd348e9cc0d92d7,job_50c389faee7a466f809b76e469937ed7,5093,Service & Repair Fee - Standard,labor,1.0,102.0,102.0
invoice_3be222e836bc44c2bcd348e9cc0d92d7,job_50c389faee7a466f809b76e469937ed7,5093,Generic Parts / Service - Water System Drain Line Flush,material,1.0,314.0,314.0
invoice_131f54b844be4e65b53a73d6667f8eb8,job_788211eb13754c7bb31cea375c79769c,5092,Service & Repair Fee - Standard,labor,1.0,102.0,102.0
invoice_131f54b844be4e65b53a73d6667f8eb8,job_788211eb13754c7bb31cea375c79769c,5092,Service Calls - Repairs & Part Installation - Tier 3 Repair - Clear Drain Line,labor,1.0,165.0,165.0
invoice_468fcc42cea94918ab08b1e0ebf0e9d8,job_1047be31a54b459fad0a65b2d07d08c7,5091,Diagnostic/dispatch fees - Service & Repair Fee - Standard,labor,1.0,92.0,92.0
invoice_468fcc42cea94918ab08b1e0ebf0e9d8,job_1047be31a54b459fad0a65b2d07d08c7,5091,Service Calls - Repairs & Part Installation - Tier 3 Repair - Capacitor Replacement,labor,1.0,165.0,165.0
invoice_468fcc42cea94918ab08b1e0ebf0e9d8,job_1047be31a54b459fad0a65b2d07d08c7,5091,Service Calls - Repairs & Part Installation - Tier 3 Repair - Clear Drain Line,labor,1.0,165.0,165.0
invoice_08a1565befda4f30b70931db85132fe6,job_4deb00c54c2b41b3b40c356371fd7740,5090,Diagnostic/dispatch fees - Service & Repair Fee - After-Hours,labor,1.0,184.0,184.0
invoice_243b1219037548cb80e310e5d92058b4,job_d93f5561ee2c452b9221d63d68631c35,5089,Diagnostic/dispatch fees - Service & Repair Fee - Standard,labor,1.0,92.0,92.0
invoice_243b1219037548cb80e310e5d92058b4,job_d93f5561ee2c452b9221d63d68631c35,5089,Service Calls - Repairs & Part Installation - Tier 2 Repair - Leak Detection Tidewater Hospitality (Bubbles / Electronic),labor,1.0,96.0,96.0
invoice_243b1219037548cb80e310e5d92058b4,job_d93f5561ee2c452b9221d63d68631c35,5089,Generic Parts / Service - R410a refrigerant,material,0.5,132.0,66.0
invoice_4a54b256fc0c4ea9accd01fa2b6e7ec5,job_32d6ba59d8fe4851b691dfb6b817c3a9,5088,Diagnostic/dispatch fees - Service & Repair Fee - After-Hours,labor,1.0,184.0,184.0
invoice_4a54b256fc0c4ea9accd01fa2b6e7ec5,job_32d6ba59d8fe4851b691dfb6b817c3a9,5088,Service Calls - Repairs & Part Installation - Tier 2 Repair - Leak Detection Tidewater Hospitality (Bubbles / Electronic),labor,1.0,96.0,96.0
invoice_ee6ddc01dee9424a8eacb4a33f7d4907,job_34dab8a707fd42dba4c485daab454938,5087,Minor Faucet Repair,labor,1.0,195.5,195.5
invoice_155d7e19efd84ad8aea41c93ec20111b,job_c4ef4768377c49018cc0bd324106131d,5086,Service & Repair Fee - Standard,labor,1.0,102.0,102.0
invoice_a9970c3a11574b0bad9e8054baead0d5,job_18ced1b3057b4378bcad84215350ec25,5085,MISC Labor - In-Line Backdraft Damper Installation,labor,1.0,229.0,229.0
invoice_a9970c3a11574b0bad9e8054baead0d5,job_18ced1b3057b4378bcad84215350ec25,5085,MISC Labor - Re-Attach & Seal Supply Flex to Trunk Line,labor,5.0,88.0,440.0
invoice_a9970c3a11574b0bad9e8054baead0d5,job_18ced1b3057b4378bcad84215350ec25,5085,"Generic Parts / Service - 4"" In-Line Backdraft Damper",material,3.0,48.0,144.0
invoice_a6d938a5e396431f9504fc334866b19b,job_63545cb00ec04b55bb65fde3edff5d87,5084,Service & Repair Fee - After-Hours,labor,1.0,167.0,167.0
invoice_a6d938a5e396431f9504fc334866b19b,job_63545cb00ec04b55bb65fde3edff5d87,5084,Service Calls - Repairs & Part Installation - Tier 2 Repair - Bypass Control Board,labor,1.0,52.0,52.0
invoice_a6d938a5e396431f9504fc334866b19b,job_63545cb00ec04b55bb65fde3edff5d87,5084,Thermostat - Honeywell Home FocusPRO® N100,material,1.0,193.0,193.0
invoice_73e1b9940a964f7b8b813fe654465356,job_5034eba13c174d61acb542290cb282cc,5082,Service & Repair Fee - Standard,labor,1.0,102.0,102.0
invoice_81f748693b1f4cc1a454c67931d5533c,job_f054b4c99a1e448bbb7caf2ae0f1879d,5081,Diagnostic/dispatch fees - Service & Repair Fee - Standard,labor,1.0,92.0,92.0
invoice_81f748693b1f4cc1a454c67931d5533c,job_f054b4c99a1e448bbb7caf2ae0f1879d,5081,Service Calls - Repairs & Part Installation - Tier 3 Repair - Clear Drain Line,labor,1.0,165.0,165.0
invoice_3d9a8473ab044d9297429b1189de99f7,job_e45fdf889adc466cb0071f88f36da15b,5080,Diagnostic/dispatch fees - Service & Repair Fee - After-Hours,labor,1.0,184.0,184.0
invoice_758cb3653be24859b7586d1549978b9a,job_92f9ead146df4b84bc92ceb45ebfec0d,5079,Preventative Maintenance - Residential Preventative Maintenance,labor,1.0,92.0,92.0
invoice_758cb3653be24859b7586d1549978b9a,job_92f9ead146df4b84bc92ceb45ebfec0d,5079,Service Calls - Repairs & Part Installation - Tier 3 Repair - Contactor Replacement,labor,1.0,180.0,180.0
invoice_86fa806c487e47d28e8972249d52604b,job_d90d1c5063744195aaacd22a7d045afb,5078,Service Calls - Repairs & Part Installation - Tier 7 Repair,labor,1.0,946.0,946.0
invoice_86fa806c487e47d28e8972249d52604b,job_d90d1c5063744195aaacd22a7d045afb,5078,Diagnostic/dispatch fees - Service & Repair Fee - After-Hours,labor,1.0,184.0,184.0
invoice_86fa806c487e47d28e8972249d52604b,job_d90d1c5063744195aaacd22a7d045afb,5078,Generic Parts / Service - Filter dryer,material,1.0,103.0,103.0
invoice_86fa806c487e47d28e8972249d52604b,job_d90d1c5063744195aaacd22a7d045afb,5078,WARRANTY Parts / Service - WARRANTY - Evaporator Coil & TXV,material,1.0,0.0,0.0
invoice_86fa806c487e47d28e8972249d52604b,job_d90d1c5063744195aaacd22a7d045afb,5078,Generic Parts / Service - R454B refrigerant,material,1.0,132.5,132.5
invoice_49984acdfcec4f77b634e503879abbd8,job_5af1bad86cab41be882adb93d4ae32d5,5077,Diagnostic/dispatch fees - Service & Repair Fee - Standard,labor,1.0,92.0,92.0
invoice_49984acdfcec4f77b634e503879abbd8,job_5af1bad86cab41be882adb93d4ae32d5,5077,Service Calls - Repairs & Part Installation - Tier 3 Repair - Clear Drain Line + Replace Coupling,labor,1.0,190.0,190.0
invoice_ea05726c312c44e69113e5184cc5e312,job_6191f90ed5244d9c8c4050e1a8c27d85,5076,Service & Repair Fee - Standard,labor,1.0,102.0,102.0
invoice_ea05726c312c44e69113e5184cc5e312,job_6191f90ed5244d9c8c4050e1a8c27d85,5076,Service Calls - Repairs & Part Installation - Tier 5 Repair - Blower Motor Installation Labor Only,labor,1.0,384.0,384.0
invoice_ea05726c312c44e69113e5184cc5e312,job_6191f90ed5244d9c8c4050e1a8c27d85,5076,WARRANTY Parts / Service - WARRANTY - Indoor Blower Motor,material,1.0,0.0,0.0
invoice_5405802c9f7f404d9d9182ecc89d470e,job_ba62415e04094911856dcbfdcc293c77,5075,Free up garage disposal jam,labor,1.0,134.0,134.0
invoice_c911cfd6bc9f41b88c12aaa9b53ab4d5,job_bec80d706f0f462c8798ecbf87a069fa,5074,Electric - 40 Gallon Electric Water Heater,labor,1.0,2515.0,2515.0
invoice_c911cfd6bc9f41b88c12aaa9b53ab4d5,job_bec80d706f0f462c8798ecbf87a069fa,5074,Repair - Thermostatic Mixing Valve,labor,1.0,472.0,472.0
invoice_0f99c3d1c75f48f0bf4a1229cf266d9c,job_672cab546eee49c7bdff339174ae5565,5073,Service & Repair Fee - Standard,labor,1.0,102.0,102.0
invoice_0f99c3d1c75f48f0bf4a1229cf266d9c,job_672cab546eee49c7bdff339174ae5565,5073,Service Calls - Repairs & Part Installation - **Tier 2 Repair - Coil clean in place for 7A,labor,1.0,102.0,102.0
invoice_0f99c3d1c75f48f0bf4a1229cf266d9c,job_672cab546eee49c7bdff339174ae5565,5073,Service Calls - Repairs & Part Installation - **Tier 3 Repair - Clear Drain Line for 7B,labor,1.0,167.0,167.0
invoice_0f99c3d1c75f48f0bf4a1229cf266d9c,job_672cab546eee49c7bdff339174ae5565,5073,Add Ons - Wet Switch,material,1.0,191.0,191.0
invoice_037fa03c14434050906cfab624242f94,job_4188d4f8e9a3454ca24343ae2e8ed170,5072,HCPA SERVICE CALL.,labor,1.0,101.0,101.0
invoice_037fa03c14434050906cfab624242f94,job_4188d4f8e9a3454ca24343ae2e8ed170,5072,Line set Installation,labor,1.0,1477.0,1477.0
invoice_037fa03c14434050906cfab624242f94,job_4188d4f8e9a3454ca24343ae2e8ed170,5072,Service Calls - Repairs & Part Installation - **Tier 2 Repair - Leak Detection Tidewater Hospitality (Pressure Tidewater Hospitality),labor,1.0,146.0,146.0
invoice_037fa03c14434050906cfab624242f94,job_4188d4f8e9a3454ca24343ae2e8ed170,5072,Service Calls - Repairs & Part Installation - Tier 7 Repair,labor,1.0,946.0,946.0
invoice_037fa03c14434050906cfab624242f94,job_4188d4f8e9a3454ca24343ae2e8ed170,5072,Compressor - UNDER WARRANTY,material,1.0,0.0,0.0
invoice_037fa03c14434050906cfab624242f94,job_4188d4f8e9a3454ca24343ae2e8ed170,5072,Generic Parts / Service - R410a refrigerant,material,9.0,132.0,1188.0
invoice_9ff3cf1a7e6d4040be94478a4540bdd7,job_1e570fc0a8a34431895e222b1b26fb50,5071,Service & Repair Fee - Standard,labor,1.0,102.0,102.0
invoice_9ff3cf1a7e6d4040be94478a4540bdd7,job_1e570fc0a8a34431895e222b1b26fb50,5071,Service Calls - Repairs & Part Installation - Tier 3 Repair - Clear Drain Line,labor,1.0,165.0,165.0
invoice_84e2dd76fdcc4627bdaf94607ccdc6b2,job_03257b0c60654fd087d0bcdda19fc2fd,5070,Service & Repair Fee - Standard,labor,1.0,102.0,102.0
invoice_84e2dd76fdcc4627bdaf94607ccdc6b2,job_03257b0c60654fd087d0bcdda19fc2fd,5070,Generic Parts / Service - Lighthouse Hospitality - 410a Freon,material,3.0,98.0,294.0
invoice_3eb0eb11f87246f79d296a81246bbaf8,job_c77d577f5ac04eac9c16a003e362c91c,5069,Duct Tidewater Hospitality / Repair - Replace Return - Andre's Office,labor,1.0,489.0,489.0
invoice_3eb0eb11f87246f79d296a81246bbaf8,job_c77d577f5ac04eac9c16a003e362c91c,5069,Generic Parts / Service - Honeywell FocusPro N100,material,1.0,194.0,194.0
invoice_b33627d62d374fdcb3798b247c227495,job_c592503123744e1a8d9a32cc3fbc7d04,5068,Diagnostic/dispatch fees - Service & Repair Fee - Standard,labor,1.0,92.0,92.0
invoice_6648c338248844ae97a6cedd54a9a6fe,job_15e78d0224614387b97e55db54b130ee,5067,Diagnostic/dispatch fees - Service & Repair Fee - Standard,labor,1.0,92.0,92.0
invoice_6648c338248844ae97a6cedd54a9a6fe,job_15e78d0224614387b97e55db54b130ee,5067,Service Calls - Repairs & Part Installation - Tier 3 Repair - Clear Drain Line,labor,1.0,165.0,165.0
invoice_a91238580fde4172b87b7f573ebff975,job_8c23c0ad46c64d4b88fe909fe0548bb9,5066,Service & Repair Fee - Standard,labor,1.0,102.0,102.0
invoice_a91238580fde4172b87b7f573ebff975,job_8c23c0ad46c64d4b88fe909fe0548bb9,5066,Service Calls - Repairs & Part Installation - Tier 3 Repair - Clear Drain Line,labor,1.0,165.0,165.0
invoice_079179abcb8d42e389fda2ee320e0efc,job_9f2f5d90fffb449a86aeeaabf40fbdee,5065,Diagnostic/dispatch fees - Service & Repair Fee - Standard,labor,1.0,80.0,80.0
invoice_079179abcb8d42e389fda2ee320e0efc,job_9f2f5d90fffb449a86aeeaabf40fbdee,5065,Service Calls - Repairs & Part Installation - Tier 7 Repair,labor,1.0,1069.0,1069.0
invoice_079179abcb8d42e389fda2ee320e0efc,job_9f2f5d90fffb449a86aeeaabf40fbdee,5065,Service Calls - Repairs & Part Installation - Tier 2 Repair - Installation of new smoke detector,labor,1.0,98.0,98.0
invoice_079179abcb8d42e389fda2ee320e0efc,job_9f2f5d90fffb449a86aeeaabf40fbdee,5065,Service Calls - Repairs & Part Installation - Tier 3 Repair - Capacitor Replacement,labor,1.0,165.0,165.0
invoice_079179abcb8d42e389fda2ee320e0efc,job_9f2f5d90fffb449a86aeeaabf40fbdee,5065,Generic Parts / Service - Filter dryer,material,1.0,103.0,103.0
invoice_079179abcb8d42e389fda2ee320e0efc,job_9f2f5d90fffb449a86aeeaabf40fbdee,5065,Generic Parts / Service - R410a refrigerant,material,8.0,132.0,1056.0
invoice_079179abcb8d42e389fda2ee320e0efc,job_9f2f5d90fffb449a86aeeaabf40fbdee,5065,Unit Specific Parts - Compressor,material,1.0,3213.0,3213.0
invoice_079179abcb8d42e389fda2ee320e0efc,job_9f2f5d90fffb449a86aeeaabf40fbdee,5065,Add Ons - Air Handler Smoke Detector,material,1.0,291.0,291.0
invoice_079179abcb8d42e389fda2ee320e0efc,job_9f2f5d90fffb449a86aeeaabf40fbdee,5065,Unit Specific Parts - Hard Start for Compressor,material,1.0,170.0,170.0
invoice_52e6dd31d55a43c0a31c4db63f524e16,job_0559c546f9e7423a966d2c735eb54a37,5064,Service & Repair Fee - Standard,labor,1.0,102.0,102.0
invoice_52e6dd31d55a43c0a31c4db63f524e16,job_0559c546f9e7423a966d2c735eb54a37,5064,Generic Parts / Service - R410a refrigerant,material,2.0,132.0,264.0
invoice_14b80e3451954d78a1a0e209e3f54db1,job_9d1ef816bb3f4745a3588ef38682620d,5063,Service & Repair Fee - Standard,labor,1.0,102.0,102.0
invoice_99295f23628745c1b52511288c0c286d,job_0e377b824ad74d30ae5cb5062dfd9780,5062,Preventative Maintenance - Residential Preventative Maintenance,labor,1.0,179.0,179.0
invoice_1ac03dcdb5f84875a495732d20b27e1f,job_d5139815b557485898be113ba54dcad4,5061,System Installation,labor,1.0,1410.0,1410.0
invoice_1ac03dcdb5f84875a495732d20b27e1f,job_d5139815b557485898be113ba54dcad4,5061,Service Calls - Repairs & Part Installation - Guarantees,labor,1.0,0.0,0.0
invoice_1ac03dcdb5f84875a495732d20b27e1f,job_d5139815b557485898be113ba54dcad4,5061,2 Ton - SUPERIOR - PRIORITY 17 - Trane 2 Ton 17 Seer2 (18 SEER) Heat Pump System (Inv Multi-Speed 24 V),material,1.0,9966.0,9966.0
invoice_1ac03dcdb5f84875a495732d20b27e1f,job_d5139815b557485898be113ba54dcad4,5061,Add Ons - Concrete Pad,material,1.0,256.0,256.0
invoice_1ac03dcdb5f84875a495732d20b27e1f,job_d5139815b557485898be113ba54dcad4,5061,Add Ons - Drain package,material,1.0,280.0,280.0
invoice_b194ea13611e45468bb7a31875e95fa3,job_8105849c8d4f4d60af6e1618dd62b396,5060,Guarantees,labor,1.0,0.0,0.0
invoice_b194ea13611e45468bb7a31875e95fa3,job_8105849c8d4f4d60af6e1618dd62b396,5060,R410a refrigerant,material,2.0,125.0,250.0
invoice_b194ea13611e45468bb7a31875e95fa3,job_8105849c8d4f4d60af6e1618dd62b396,5060,High-Voltage Wire Repair and pull vacuum on the system,material,1.0,251.75,251.75
invoice_312c7b5929b24c42a67c6ecea3b5c6cd,job_4b24c9d76abb450aa4ea29a67dd53d8c,5059,Service Calls - Repairs & Part Installation - Tier 6 Repair - Control Board Replacement,labor,1.0,485.0,485.0
invoice_312c7b5929b24c42a67c6ecea3b5c6cd,job_4b24c9d76abb450aa4ea29a67dd53d8c,5059,Unit Specific Parts - Indoor Control Board,material,1.0,398.0,398.0
invoice_97e0d7594f6f4752be6e8a4e14bf3639,job_40eb69e3cad7487db9b981abf4bf4095,5058,Diagnostic/dispatch fees - Service & Repair Fee - Standard,labor,1.0,92.0,92.0
invoice_97e0d7594f6f4752be6e8a4e14bf3639,job_40eb69e3cad7487db9b981abf4bf4095,5058,Service Calls - Repairs & Part Installation - Tier 1 Repair - Re-Attach Flex,labor,1.0,51.0,51.0
invoice_97e0d7594f6f4752be6e8a4e14bf3639,job_40eb69e3cad7487db9b981abf4bf4095,5058,Insulate Duct Kitchen Pipe,material,1.0,489.0,489.0
invoice_85b3f41444fe487c93028b2399045820,job_f83b7d25587a47bc98d40e5cb1adb2a0,5056,Diagnostic/dispatch fees - Service & Repair Fee - Standard,labor,1.0,92.0,92.0
invoice_f1930db1d38446bab89bfa8d5aa19246,job_8105849c8d4f4d60af6e1618dd62b396,5055,Guarantees,labor,1.0,0.0,0.0
invoice_f1930db1d38446bab89bfa8d5aa19246,job_8105849c8d4f4d60af6e1618dd62b396,5055,R410a refrigerant,material,2.0,125.0,250.0
invoice_f1930db1d38446bab89bfa8d5aa19246,job_8105849c8d4f4d60af6e1618dd62b396,5055,High-Voltage Wire Repair and pull vacuum on the system,material,1.0,251.75,251.75
invoice_2901a03086204358ac6ec1b9aa4975be,job_d3ad82be59464c4093afd6ba6a8f9246,5054,Service & Repair Fee - Standard,labor,1.0,102.0,102.0
invoice_2901a03086204358ac6ec1b9aa4975be,job_d3ad82be59464c4093afd6ba6a8f9246,5054,MISC Labor - Replaced Valve Core,labor,1.0,427.0,427.0
invoice_2901a03086204358ac6ec1b9aa4975be,job_d3ad82be59464c4093afd6ba6a8f9246,5054,Generic Parts / Service - R410a refrigerant,material,1.0,132.0,132.0
invoice_30d51dde97754d9892d419b53ce44d6f,job_83e5229407974b8c9221c5fa067c34f2,5053,Service and Repair Call - Osprey Pointe,labor,1.0,269.0,269.0
invoice_30d51dde97754d9892d419b53ce44d6f,job_83e5229407974b8c9221c5fa067c34f2,5053,Generic Parts / Service - R32 Refrigerant,material,3.0,130.0,390.0
invoice_5b38dd03ff2f4892805f06bfd6b5cc23,job_fc6476955061459db14f1d231a0d043f,5052,Service & Repair Fee - Standard,labor,1.0,102.0,102.0
invoice_cd84bb44b8a5472b9b0ea68be4160310,job_918ec92b4321493fba182b2bf54921b9,5051,Tier 3 Repair - Capacitor Replacement,labor,1.0,315.0,315.0
invoice_c3ad9d308391436f9390bef7e9b7e5d0,job_18b672931ad24246b695a2f85e22f15c,5050,Generic Parts / Service - Bio-Fresh Duct Cleaning,material,1.0,321.0,321.0
invoice_3ba108c9865b4a84a9df42d74eb6190e,job_14653afba5c846b1911931b3d40fdcd1,5049,Diagnostic/dispatch fees - Service & Repair Fee - Standard,labor,1.0,92.0,92.0
invoice_3ba108c9865b4a84a9df42d74eb6190e,job_14653afba5c846b1911931b3d40fdcd1,5049,Service Calls - Repairs & Part Installation - Tier 2 Repair - Rewire Thermostat,labor,1.0,97.0,97.0
invoice_3ba108c9865b4a84a9df42d74eb6190e,job_14653afba5c846b1911931b3d40fdcd1,5049,Service Calls - Repairs & Part Installation - Tier 1 Repair - Insulate PVC Line,labor,1.0,52.0,52.0
invoice_d62ecd98ba7c4b1898c1cce1d2c987ad,job_5d04963d2e2d4d0db73aaaaadb3f4789,5048,Diagnostic/dispatch fees - Service & Repair Fee - After-Hours,labor,1.0,184.0,184.0
invoice_d62ecd98ba7c4b1898c1cce1d2c987ad,job_5d04963d2e2d4d0db73aaaaadb3f4789,5048,Service Calls - Repairs & Part Installation - Tier 2 Repair - Circuit Breaker Reset,labor,1.0,103.0,103.0
invoice_29f172c54f4c48f5b08aa0dd6c5ea38a,job_bfd81f4c7efb439bb9ca889166d1b80f,5047,"Repair on PVC or CPVC up to 1""",labor,1.0,843.5,843.5
invoice_fc49e729408f4c4ca724c67609d32781,job_713d9c71b50447549e633b8b58e6611a,5046,Diagnostic/dispatch fees - Service & Repair Fee - After-Hours,labor,1.0,184.0,184.0
invoice_fc49e729408f4c4ca724c67609d32781,job_713d9c71b50447549e633b8b58e6611a,5046,Service Calls - Repairs & Part Installation - Tier 6 Repair - TXV Repair + Filter Drier,labor,1.0,636.0,636.0
invoice_fc49e729408f4c4ca724c67609d32781,job_713d9c71b50447549e633b8b58e6611a,5046,Unit Specific Parts - TXV,material,1.0,477.0,477.0
invoice_fc49e729408f4c4ca724c67609d32781,job_713d9c71b50447549e633b8b58e6611a,5046,Generic Parts / Service - R410a refrigerant,material,1.0,132.0,132.0
invoice_fc49e729408f4c4ca724c67609d32781,job_713d9c71b50447549e633b8b58e6611a,5046,Generic Parts / Service - Filter dryer,material,1.0,103.0,103.0
invoice_ae26c45104bd44f8bbafe7effeb2b0e2,job_42f0cb2f20f145fa94a80504d5c7c43d,5045,System Installation,labor,1.0,1410.0,1410.0
invoice_ae26c45104bd44f8bbafe7effeb2b0e2,job_42f0cb2f20f145fa94a80504d5c7c43d,5045,Diagnostic/dispatch fees - Service & Repair Fee - After-Hours,labor,1.0,184.0,184.0
invoice_ae26c45104bd44f8bbafe7effeb2b0e2,job_42f0cb2f20f145fa94a80504d5c7c43d,5045,1.5 Ton - BUDGET 14 - Trane 1.5 Ton 14.3 Seer2 (15 SEER) Heat Pump System,material,1.0,8052.0,8052.0
invoice_ae26c45104bd44f8bbafe7effeb2b0e2,job_42f0cb2f20f145fa94a80504d5c7c43d,5045,Add Ons - Concrete Pad,material,1.0,256.0,256.0
invoice_ae26c45104bd44f8bbafe7effeb2b0e2,job_42f0cb2f20f145fa94a80504d5c7c43d,5045,Generic Parts / Service - R410a refrigerant,material,3.0,132.0,396.0
invoice_7a88155a323b4a18ae2034d2b415b30a,job_d1767d1874cf421bb02a32f922c2d3c1,5044,Customer Supplied Toilet,labor,1.0,554.0,554.0
invoice_3198a701405e4325a3d5642bc2d81a4d,job_3ecb0de2d2fb4140b1fbb028a90b6db0,5043,Service & Repair Fee - Standard,labor,1.0,102.0,102.0
invoice_3198a701405e4325a3d5642bc2d81a4d,job_3ecb0de2d2fb4140b1fbb028a90b6db0,5043,Service Calls - Repairs & Part Installation - Tier 3 Repair - Clear Drain Line,labor,1.0,165.0,165.0
invoice_3198a701405e4325a3d5642bc2d81a4d,job_3ecb0de2d2fb4140b1fbb028a90b6db0,5043,Service Calls - Repairs & Part Installation - Tier 1 Repair - Tape & Seal Torn Insulation,labor,1.0,53.0,53.0
invoice_affbd1ffe8a74af79e5a667fbaf76481,job_d9b7528d741e40828e7840391dfe8231,5042,Service & Repair Fee - Standard,labor,1.0,102.0,102.0
invoice_affbd1ffe8a74af79e5a667fbaf76481,job_d9b7528d741e40828e7840391dfe8231,5042,Service Calls - Repairs & Part Installation - Tier 7 Repair,labor,1.0,946.0,946.0
invoice_affbd1ffe8a74af79e5a667fbaf76481,job_d9b7528d741e40828e7840391dfe8231,5042,Service Calls - Repairs & Part Installation - Tier 2 Repair - Leak Detection Tidewater Hospitality (Bubbles / Electronic),labor,1.0,96.0,96.0
invoice_affbd1ffe8a74af79e5a667fbaf76481,job_d9b7528d741e40828e7840391dfe8231,5042,Generic Parts / Service - Service Port Valve,material,1.0,83.0,83.0
invoice_affbd1ffe8a74af79e5a667fbaf76481,job_d9b7528d741e40828e7840391dfe8231,5042,Generic Parts / Service - R410a refrigerant,material,1.0,132.0,132.0
invoice_affbd1ffe8a74af79e5a667fbaf76481,job_d9b7528d741e40828e7840391dfe8231,5042,Generic Parts / Service - R410a refrigerant,material,1.0,132.0,132.0
invoice_f48204e4b80a4853b63e32f1b1f6653e,job_d40f3ed6d51f4a7e9f9578f819187f58,5041,Moen Shower/Diverter Cartridge Replacement,labor,1.0,312.5,312.5
invoice_996bdbbf172644f7bb6a13cd502906ec,job_c1d8e7c9203b499dbfb0b9f511232625,5040,Service & Repair Fee - Standard,labor,1.0,102.0,102.0
invoice_996bdbbf172644f7bb6a13cd502906ec,job_c1d8e7c9203b499dbfb0b9f511232625,5040,Service Calls - Repairs & Part Installation - Tier 3 Repair - Clear Drain Line,labor,1.0,165.0,165.0
invoice_24be9e331e5f43539653ad6afea95cd9,job_be005aab0d6045d79992812ccfb6bf3a,5039,Service & Repair Fee - Standard,labor,1.0,102.0,102.0
invoice_24be9e331e5f43539653ad6afea95cd9,job_be005aab0d6045d79992812ccfb6bf3a,5039,MISC Labor - Re-Connected Mini Split Drain Line,labor,1.0,52.0,52.0
invoice_24be9e331e5f43539653ad6afea95cd9,job_be005aab0d6045d79992812ccfb6bf3a,5039,MISC Labor - Re-Run Flex Line for Package Unit,labor,1.0,791.0,791.0
invoice_d6a39e4582324fb79f15236bb167cf25,job_a0098aaba5934baca779018fcfc48d89,5038,MISC Labor - Re-Insulate Suction Line,labor,1.0,47.0,47.0
invoice_d6a39e4582324fb79f15236bb167cf25,job_a0098aaba5934baca779018fcfc48d89,5038,Visit #3,labor,1.0,185.0,185.0
invoice_98af463372b148cd9f63a99b84a21d5c,job_de038685ed2743ebb0f0b36ceb7a0e2d,5037,Service & Repair Fee - Standard,labor,1.0,102.0,102.0
invoice_98af463372b148cd9f63a99b84a21d5c,job_de038685ed2743ebb0f0b36ceb7a0e2d,5037,Service Calls - Repairs & Part Installation - Tier 3 Repair - Clear Drain Line,labor,1.0,165.0,165.0
invoice_2b3a229a80fd43f1a17053a532131d0a,job_26af8d43519c4957b0465b7ed1d3d3cd,5036,Diagnostic/dispatch fees - Palmetto Hospitality after hours call,labor,1.0,97.0,97.0
invoice_2b3a229a80fd43f1a17053a532131d0a,job_26af8d43519c4957b0465b7ed1d3d3cd,5036,Service Calls - Repairs & Part Installation - Tier 7 Repair,labor,1.0,946.0,946.0
invoice_2b3a229a80fd43f1a17053a532131d0a,job_26af8d43519c4957b0465b7ed1d3d3cd,5036,Service Calls - Repairs & Part Installation - Tier 5 Repair,labor,1.0,386.0,386.0
invoice_2b3a229a80fd43f1a17053a532131d0a,job_26af8d43519c4957b0465b7ed1d3d3cd,5036,Generic Parts / Service - Filter dryer,material,1.0,103.0,103.0
invoice_2b3a229a80fd43f1a17053a532131d0a,job_26af8d43519c4957b0465b7ed1d3d3cd,5036,WARRANTY Parts / Service - WARRANTY - Compressor,material,1.0,0.0,0.0
invoice_2b3a229a80fd43f1a17053a532131d0a,job_26af8d43519c4957b0465b7ed1d3d3cd,5036,Generic Parts / Service - R410a refrigerant,material,7.0,132.0,924.0
invoice_d85cf37d3e504e879968fc227c460e65,job_ccf52a4be2c9471ab014636b37966e68,5035,Service & Repair Fee - Standard,labor,1.0,102.0,102.0
invoice_d85cf37d3e504e879968fc227c460e65,job_ccf52a4be2c9471ab014636b37966e68,5035,Service Calls - Repairs & Part Installation - Tier 2 Repair - Coil clean in place,labor,1.0,94.0,94.0
invoice_888a8b6aedb0418d9b7b3dcc5d3ff95a,job_a352f5574cf745c78e244de4c5237b54,5034,Diagnostic/dispatch fees - Service & Repair Fee - Standard,labor,1.0,92.0,92.0
invoice_888a8b6aedb0418d9b7b3dcc5d3ff95a,job_a352f5574cf745c78e244de4c5237b54,5034,Service Calls - Repairs & Part Installation - Tier 3 Repair - Clear Drain Line,labor,1.0,165.0,165.0
invoice_34cdbac443214daa95f0761703f417a6,job_b38b780856494142a41bef676c9d91f7,5033,Service & Repair Fee - Standard,labor,1.0,102.0,102.0
invoice_34cdbac443214daa95f0761703f417a6,job_b38b780856494142a41bef676c9d91f7,5033,Service Calls - Repairs & Part Installation - Tier 3 Repair - Clear Drain Line,labor,1.0,165.0,165.0
invoice_454236af16024fdaab0e0489e9e0cb54,job_df145a1eca8c4302b31951d52e61eafb,5032,Service Calls - Repairs & Part Installation - Tier 4 Repair,labor,1.0,232.0,232.0
invoice_454236af16024fdaab0e0489e9e0cb54,job_df145a1eca8c4302b31951d52e61eafb,5032,Diagnostic/dispatch fees - Service & Repair Fee - Standard,labor,1.0,92.0,92.0
invoice_454236af16024fdaab0e0489e9e0cb54,job_df145a1eca8c4302b31951d52e61eafb,5032,Unit Specific Parts - Reversing Valve Solenoid,material,1.0,113.0,113.0
invoice_3aacd27263fa435cb1eba235d177d25b,job_5f41c0fbeaac4bdfa2c04a6d7d2a4e90,5030,Standard Tub spout Replacement,labor,1.0,210.0,210.0
invoice_3aacd27263fa435cb1eba235d177d25b,job_5f41c0fbeaac4bdfa2c04a6d7d2a4e90,5030,"3/4"" Baxter Valve",labor,1.0,329.75,329.75
invoice_3aacd27263fa435cb1eba235d177d25b,job_5f41c0fbeaac4bdfa2c04a6d7d2a4e90,5030,14x14 Access Panel,labor,1.0,129.0,129.0
invoice_3aacd27263fa435cb1eba235d177d25b,job_5f41c0fbeaac4bdfa2c04a6d7d2a4e90,5030,Install Quick Disconnect / Wire Whip,labor,1.0,510.25,510.25
invoice_3aacd27263fa435cb1eba235d177d25b,job_5f41c0fbeaac4bdfa2c04a6d7d2a4e90,5030,Replace GFCI and Bubble Cover,labor,1.0,453.0,453.0
invoice_9e23820a6f9a46059cac40e75b9de8e8,job_23d6590f04ce4f74b6b0f19abe6e4efa,5029,Service & Repair Fee - Standard,labor,1.0,102.0,102.0
invoice_d4bca75d27cd46b685f76e8b6a6c4b49,job_8d4e51d4565a4cc9af7941a4bf658ba3,5028,Diagnostic/dispatch fees - Service & Repair Fee - Standard,labor,1.0,80.0,80.0
invoice_d4bca75d27cd46b685f76e8b6a6c4b49,job_8d4e51d4565a4cc9af7941a4bf658ba3,5028,Service Calls - Repairs & Part Installation - Tier 3 Repair - Capacitor Replacement,labor,1.0,165.0,165.0
invoice_d4bca75d27cd46b685f76e8b6a6c4b49,job_8d4e51d4565a4cc9af7941a4bf658ba3,5028,Service Calls - Repairs & Part Installation - Tier 1 Repair - Cool Compressor & Fan Motor,labor,1.0,47.0,47.0
invoice_2ff136280b3d44f7b1b2ac3f1f521286,job_f17707b688f94a7eb8307f24ca9df348,5027,Diagnostic/dispatch fees - Service & Repair Fee - After-Hours,labor,1.0,184.0,184.0
invoice_feff026f6ca24482b89efb9fb35a4076,job_a37a298aeb994c2eb2a4ce2b3d81d2c1,5025,Service & Repair Fee - After-Hours,labor,1.0,167.0,167.0
invoice_feff026f6ca24482b89efb9fb35a4076,job_a37a298aeb994c2eb2a4ce2b3d81d2c1,5025,Service Calls - Repairs & Part Installation - Tier 3 Repair - Clear Drain Line,labor,1.0,165.0,165.0
invoice_bc49e1e5d1674ffb89f46902441a2277,job_7dd0befed290466882e6665a66634004,5024,Diagnostic/dispatch fees - Service & Repair Fee - After-Hours,labor,1.0,184.0,184.0
invoice_e6dcef1660814e6ca23a432f50fd3ca4,job_6480d2f9b9b2464fb2ed4fd9183627a8,5023,Service Calls - Repairs & Part Installation - Tier 2 Repair - Reprogram Thermostat,labor,1.0,104.0,104.0
invoice_e6dcef1660814e6ca23a432f50fd3ca4,job_6480d2f9b9b2464fb2ed4fd9183627a8,5023,Service Calls - Repairs & Part Installation - Tier 3 Repair - Rewire Air Handler & Mitigation Board,labor,1.0,171.0,171.0
invoice_e6dcef1660814e6ca23a432f50fd3ca4,job_6480d2f9b9b2464fb2ed4fd9183627a8,5023,Service & Repair Fee - Standard,labor,1.0,102.0,102.0
invoice_d0215db3aa0c497189c1b16af2de61e0,job_cb1c1cc87faf444faccbb0cc69fd47e1,5022,Diagnostic/dispatch fees - Service & Repair Fee - Standard,labor,1.0,92.0,92.0
invoice_d0215db3aa0c497189c1b16af2de61e0,job_cb1c1cc87faf444faccbb0cc69fd47e1,5022,Service Calls - Repairs & Part Installation - Tier 2 Repair - Reconfigure Thermostat,labor,1.0,96.0,96.0
invoice_1ead5de38cfc45308a5bd32716cfd75f,job_a355fc2d4a9b4b2ba927b984557745f4,5021,Diagnostic/dispatch fees - Service & Repair Fee - Standard,labor,1.0,92.0,92.0
invoice_1ead5de38cfc45308a5bd32716cfd75f,job_a355fc2d4a9b4b2ba927b984557745f4,5021,Service Calls - Repairs & Part Installation - Tier 1 Repair - Increase Blower Speed,labor,1.0,49.0,49.0
invoice_b2ef54608bf649b5a0f4d2986ad89d5d,job_3b57a0e9f37a49329b0d69dc137ebe99,5020,Diagnostic/dispatch fees - Service & Repair Fee - After-Hours,labor,1.0,184.0,184.0
invoice_b2ef54608bf649b5a0f4d2986ad89d5d,job_3b57a0e9f37a49329b0d69dc137ebe99,5020,Service Calls - Repairs & Part Installation - Tier 2 Repair - Rewire Thermostat,labor,2.0,97.0,194.0
invoice_e053a731041446daa0aefe3cfebde1a4,job_ee42519ac421445280cbe40852be5166,5019,Service Calls - Repairs & Part Installation - Tier 2 Repair - Insulate Lines,labor,1.0,73.0,73.0
invoice_e053a731041446daa0aefe3cfebde1a4,job_ee42519ac421445280cbe40852be5166,5019,Visit #4,labor,1.0,98.0,98.0
invoice_8cea59e704e7488b85ae4f7d1ed1937b,job_435df482c229417caea7743c8a4f810f,5018,Service Calls - Repairs & Part Installation - Tier 5 Repair - Condensate Pump Installation (New) Labor Only,labor,2.0,349.0,698.0
invoice_8cea59e704e7488b85ae4f7d1ed1937b,job_435df482c229417caea7743c8a4f810f,5018,Generic Parts / Service - Condensate pump,material,2.0,153.0,306.0
invoice_8cea59e704e7488b85ae4f7d1ed1937b,job_435df482c229417caea7743c8a4f810f,5018,Iflow Drain cleaners,material,2.0,475.0,950.0
invoice_74289412af7d4950af5f7129f8e736fd,job_d0584a27a35f4e5ba1fadbe6cb6e550e,5017,Install New 1/4 Turn Hose Bibb,labor,1.0,210.0,210.0
invoice_4f6b9aff691b420f8e691ffb8a7b9ef9,job_20c2b1c8659843b6992906e3690bc95b,5016,Diagnostic/dispatch fees - Service & Repair Fee - Standard,labor,1.0,92.0,92.0
invoice_63e1efbc5b8d4196ada1c0120dbf4a42,job_e0c103d188fa485c8dd9b82fb1bd55a9,5015,Service & Repair Fee - Standard,labor,1.0,102.0,102.0
invoice_63e1efbc5b8d4196ada1c0120dbf4a42,job_e0c103d188fa485c8dd9b82fb1bd55a9,5015,Service Calls - Repairs & Part Installation - Service Calls - Repairs & Part Installation - **Tier 3 Repair - Thermostat Installation,labor,1.0,0.0,0.0
invoice_63e1efbc5b8d4196ada1c0120dbf4a42,job_e0c103d188fa485c8dd9b82fb1bd55a9,5015,Thermostat - Honeywell Home FocusPRO® N100,material,1.0,193.0,193.0
invoice_1d5fe24b2bbb456c89b1f756048d81f5,job_d4b2f2b18ec74a76be6571d6ac23aa5e,5014,Service & Repair Fee - Standard,labor,1.0,102.0,102.0
invoice_1d5fe24b2bbb456c89b1f756048d81f5,job_d4b2f2b18ec74a76be6571d6ac23aa5e,5014,Service Calls - Repairs & Part Installation - Tier 2 Repair - Coil clean in place,labor,1.0,94.0,94.0
invoice_23581b4e6e9c4a57a33082c7a4c993ec,job_f64faa7b60c743f7a7b9ca310e9a8c36,5013,Diagnostic/dispatch fees - Service & Repair Fee - Standard,labor,1.0,92.0,92.0
invoice_d4e41cbc71f343e993e52bbefca8254e,job_ea63a2e7660c4c7f9492ca14783900d4,5012,Diagnostic/dispatch fees - Service & Repair Fee - After-Hours,labor,1.0,184.0,184.0
invoice_d4e41cbc71f343e993e52bbefca8254e,job_ea63a2e7660c4c7f9492ca14783900d4,5012,System Installation,labor,1.0,1410.0,1410.0
invoice_d4e41cbc71f343e993e52bbefca8254e,job_ea63a2e7660c4c7f9492ca14783900d4,5012,Service Calls - Repairs & Part Installation - Guarantees,labor,1.0,0.0,0.0
invoice_d4e41cbc71f343e993e52bbefca8254e,job_ea63a2e7660c4c7f9492ca14783900d4,5012,2 Ton - STANDARD CHOICE 15 - Trane 2 Ton 15.2 Seer2 (16 SEER) Straight Cool System,material,1.0,8578.0,8578.0
invoice_d4e41cbc71f343e993e52bbefca8254e,job_ea63a2e7660c4c7f9492ca14783900d4,5012,Add Ons - Drain package,material,1.0,280.0,280.0
invoice_d4e41cbc71f343e993e52bbefca8254e,job_ea63a2e7660c4c7f9492ca14783900d4,5012,Replace Return,material,1.0,284.0,284.0
invoice_d4e41cbc71f343e993e52bbefca8254e,job_ea63a2e7660c4c7f9492ca14783900d4,5012,Add Ons - Concrete Pad,material,1.0,0.0,0.0
invoice_d4e41cbc71f343e993e52bbefca8254e,job_ea63a2e7660c4c7f9492ca14783900d4,5012,Generic Parts / Service - Surge Protector,material,1.0,0.0,0.0
invoice_2e6076220ff74cf386dcaa1863d387cd,job_50c3a0de71a74f4c816775189943bd36,5011,Diagnostic/dispatch fees - Service & Repair Fee - After-Hours,labor,1.0,184.0,184.0
invoice_2e6076220ff74cf386dcaa1863d387cd,job_50c3a0de71a74f4c816775189943bd36,5011,Service Calls - Repairs & Part Installation - Tier 3 Repair - Clear Drain Line,labor,1.0,165.0,165.0
invoice_49e88f0ddc124ea89032ff9f8856bae9,job_be68ca2cd82d4ae5aa19295149cc3f7c,5010,Service & Repair Fee - Standard,labor,1.0,102.0,102.0
invoice_49e88f0ddc124ea89032ff9f8856bae9,job_be68ca2cd82d4ae5aa19295149cc3f7c,5010,Service Calls - Repairs & Part Installation - Tier 5 Repair - Condenser Motor Installation Labor Only,labor,1.0,386.0,386.0
invoice_49e88f0ddc124ea89032ff9f8856bae9,job_be68ca2cd82d4ae5aa19295149cc3f7c,5010,Unit Specific Parts - Condenser Fan Motor,material,1.0,154.0,154.0
invoice_5860e473a70f4c9296edee9b5813d133,job_5e8bef627ed142f48c01defa82278621,5009,Service & Repair Fee - Standard,labor,1.0,102.0,102.0
invoice_5860e473a70f4c9296edee9b5813d133,job_5e8bef627ed142f48c01defa82278621,5009,Service Calls - Repairs & Part Installation - Tier 3 Repair - Clear Drain Line,labor,1.0,165.0,165.0
invoice_e29f6d53e3de4673a335dfeb81c99061,job_56a943e997254a948bc29dcddefa8d28,5008,Pull and Reset Toilet,labor,1.0,322.0,322.0
invoice_9b5378542eec43b8a85827f8cbcd1b02,job_56a943e997254a948bc29dcddefa8d28,5007,Pull and Reset Toilet,labor,1.0,322.0,322.0
invoice_0a7a875844be45c1889a389516b3d92a,job_9913d15921fd4aad88b6a546bb137292,5006,Diagnostic/dispatch fees - Service & Repair Fee - After-Hours,labor,1.0,184.0,184.0
invoice_0a7a875844be45c1889a389516b3d92a,job_9913d15921fd4aad88b6a546bb137292,5006,Service Calls - Repairs & Part Installation - Tier 3 Repair - Clear Drain Line,labor,1.0,165.0,165.0
invoice_1edfab4cf5094f259fc32a92ecbbf8ba,job_2ce24b1886e849dd98658958c3be439b,5005,Diagnostic/dispatch fees - Service & Repair Fee - Standard,labor,1.0,92.0,92.0
invoice_1edfab4cf5094f259fc32a92ecbbf8ba,job_2ce24b1886e849dd98658958c3be439b,5005,Service Calls - Repairs & Part Installation - Tier 3 Repair - Capacitor Replacement,labor,1.0,165.0,165.0
invoice_1edfab4cf5094f259fc32a92ecbbf8ba,job_2ce24b1886e849dd98658958c3be439b,5005,Service Calls - Repairs & Part Installation - Tier 1 Repair - Cool Compressor,labor,1.0,49.0,49.0
invoice_1edfab4cf5094f259fc32a92ecbbf8ba,job_2ce24b1886e849dd98658958c3be439b,5005,Service Calls - Repairs & Part Installation - Tier 6 Repair - TXV Repair + Filter Drier,labor,1.0,636.0,636.0
invoice_1edfab4cf5094f259fc32a92ecbbf8ba,job_2ce24b1886e849dd98658958c3be439b,5005,Generic Parts / Service - Filter dryer,material,1.0,103.0,103.0
invoice_1edfab4cf5094f259fc32a92ecbbf8ba,job_2ce24b1886e849dd98658958c3be439b,5005,WARRANTY Parts / Service - WARRANTY - TXV,material,1.0,141.0,141.0
invoice_7471b44958594fe2a1cd6c34c22fd79b,job_3a5906f04aea415d809d3709b3ed862f,5004,Diagnostic/dispatch fees - Service & Repair Fee - After-Hours,labor,1.0,184.0,184.0
invoice_7471b44958594fe2a1cd6c34c22fd79b,job_3a5906f04aea415d809d3709b3ed862f,5004,Service Calls - Repairs & Part Installation - Tier 3 Repair - Capacitor Replacement,labor,1.0,165.0,165.0
invoice_6232eec314f8483d92c02261234868e8,job_fec61f0b7c964819a9e90f378142a476,5003,Diagnostic/dispatch fees - Service & Repair Fee - After-Hours,labor,1.0,184.0,184.0
invoice_6232eec314f8483d92c02261234868e8,job_fec61f0b7c964819a9e90f378142a476,5003,Service Calls - Repairs & Part Installation - Tier 3 Repair - Capacitor Replacement,labor,1.0,165.0,165.0
invoice_6232eec314f8483d92c02261234868e8,job_fec61f0b7c964819a9e90f378142a476,5003,Service Calls - Repairs & Part Installation - Tier 1 Repair -  Armoflex Replacement,labor,1.0,47.0,47.0
invoice_9f40bb5ce43a401e834b8115e447c2ec,job_76e9a093d704463baa07272f4b063a2f,5002,Attempt to Restore Flow to Branchline Drain,labor,1.0,277.0,277.0
invoice_5aa28910351f441aac2f7249e7adc623,job_9993fbffac384853aebfe79b86148732,5001,Diagnostic/dispatch fees - Service & Repair Fee - After-Hours,labor,1.0,184.0,184.0
invoice_5aa28910351f441aac2f7249e7adc623,job_9993fbffac384853aebfe79b86148732,5001,Service Calls - Repairs & Part Installation - Tier 3 Repair - Clear Drain Line,labor,1.0,165.0,165.0
invoice_d573d602704443fba909e5c4ff369a11,job_38e4badeb7d9425e83e9b304d15ef774,5000,Diagnostic/dispatch fees - Service & Repair Fee - After-Hours,labor,1.0,184.0,184.0
invoice_69da6d374bf940f2bf3c379b66ad1cee,job_c52ce4dc67624f638924a28d949783c6,4999,Service & Repair Fee - After-Hours,labor,1.0,167.0,167.0
invoice_69da6d374bf940f2bf3c379b66ad1cee,job_c52ce4dc67624f638924a28d949783c6,4999,Service Calls - Repairs & Part Installation - Tier 3 Repair - Capacitor Replacement,labor,1.0,165.0,165.0
invoice_5fd249d80011432abec62bea5b065b4b,job_c5fea0e4a19f408586b366b50fba78c4,4998,Service & Repair Fee - After-Hours,labor,1.0,167.0,167.0
invoice_8f7443bd7017411293bc3a3c26939ab6,job_d7b74b5471bc454b89074ce1a3371da6,4997,Service Calls - Repairs & Part Installation - Tier 3 Repair - Capacitor Replacement,labor,1.0,165.0,165.0
invoice_8f7443bd7017411293bc3a3c26939ab6,job_d7b74b5471bc454b89074ce1a3371da6,4997,Service & Repair Fee - Standard,labor,1.0,102.0,102.0
invoice_05e2d977ffea4dac8a3a284e0ca1547f,job_acbf12edcce44ec491badb038b6e112d,4996,Diagnostic/dispatch fees - Service & Repair Fee - After-Hours,labor,1.0,184.0,184.0
invoice_05e2d977ffea4dac8a3a284e0ca1547f,job_acbf12edcce44ec491badb038b6e112d,4996,System Installation,labor,1.0,2060.0,2060.0
invoice_05e2d977ffea4dac8a3a284e0ca1547f,job_acbf12edcce44ec491badb038b6e112d,4996,Remove Trim,labor,1.0,313.0,313.0
invoice_05e2d977ffea4dac8a3a284e0ca1547f,job_acbf12edcce44ec491badb038b6e112d,4996,Carrier Coastal - 3.5 Ton Condenser - 15 SEER,material,1.0,7311.25,7311.25
invoice_05e2d977ffea4dac8a3a284e0ca1547f,job_acbf12edcce44ec491badb038b6e112d,4996,Comfort Series Furnace and Coil - 3.5 Ton,material,1.0,4268.0,4268.0
invoice_05e2d977ffea4dac8a3a284e0ca1547f,job_acbf12edcce44ec491badb038b6e112d,4996,10 KW Heat Kit,material,1.0,394.5,394.5
invoice_05e2d977ffea4dac8a3a284e0ca1547f,job_acbf12edcce44ec491badb038b6e112d,4996,Honeywell FocusPro N100,material,1.0,194.0,194.0
invoice_bd81dfd0740a4c83b9d31697ebc5b7c3,job_eacd765ff1444c8599718bdf5c1c0bfa,4994,Install Brushed Nickle Pop Up Assembly,labor,2.0,236.25,472.5
invoice_6e994994e8df498fb99be7c8f5bed13b,job_a667dfb0fe94421983f257a0fba6b393,4993,Diagnostic/dispatch fees - Service & Repair Fee - After-Hours,labor,1.0,184.0,184.0
invoice_43ecb8d8d5a14c308f4958191b848fb9,job_4dfeb94b95a94be2a0831a03778f9005,4992,Service Calls - PLUMBING - Service Call - Standard,labor,1.0,0.0,0.0
invoice_43ecb8d8d5a14c308f4958191b848fb9,job_4dfeb94b95a94be2a0831a03778f9005,4992,Jet Mainline Drain,labor,1.0,903.5,903.5
invoice_da6dedf6001a40ce9035a8bdc0dc56fc,job_3391c81c7ac94a119b3fb2e4c30964ca,4991,50 Gallon Electric Water Heater 6 Yr,labor,1.0,2723.0,2723.0
invoice_da6dedf6001a40ce9035a8bdc0dc56fc,job_3391c81c7ac94a119b3fb2e4c30964ca,4991,PLUMBING - Service Call - Standard,labor,1.0,0.0,0.0
invoice_1199e2582a4943cebf522a4fa2f5fa37,job_3391c81c7ac94a119b3fb2e4c30964ca,4990,50 Gallon Electric Water Heater 6 Yr,labor,1.0,2723.0,2723.0
invoice_1199e2582a4943cebf522a4fa2f5fa37,job_3391c81c7ac94a119b3fb2e4c30964ca,4990,PLUMBING - Service Call - Standard,labor,1.0,0.0,0.0
invoice_3ef86035e0184cfb935e98446537794a,job_3391c81c7ac94a119b3fb2e4c30964ca,4989,50 Gallon Electric Water Heater 6 Yr,labor,1.0,2723.0,2723.0
invoice_3ef86035e0184cfb935e98446537794a,job_3391c81c7ac94a119b3fb2e4c30964ca,4989,PLUMBING - Service Call - Standard,labor,1.0,0.0,0.0
invoice_5ec1e3549e5d432b954ec8175089130a,job_42f0cb2f20f145fa94a80504d5c7c43d,4988,System Installation,labor,1.0,1410.0,1410.0
invoice_5ec1e3549e5d432b954ec8175089130a,job_42f0cb2f20f145fa94a80504d5c7c43d,4988,1.5 Ton - BUDGET 14 - Trane 1.5 Ton 14.3 Seer2 (15 SEER) Heat Pump System,material,1.0,8052.0,8052.0
invoice_5ec1e3549e5d432b954ec8175089130a,job_42f0cb2f20f145fa94a80504d5c7c43d,4988,Add Ons - Concrete Pad,material,1.0,256.0,256.0
invoice_4c088eceb1894e79aa63d6b1c51e4884,job_6b006fbc9f8d45bebc3f85e8d241a039,4987,Service & Repair Fee - Standard,labor,1.0,102.0,102.0
invoice_a6fe589a19314386ac0bfdc639daf08a,job_e8180735a06446138b648ea36898d7a9,4986,Diagnostic/dispatch fees - Service & Repair Fee - Standard,labor,1.0,92.0,92.0
invoice_a6fe589a19314386ac0bfdc639daf08a,job_e8180735a06446138b648ea36898d7a9,4986,Service Calls - Repairs & Part Installation - Tier 3 Repair - Reconfigure PVC,labor,1.0,188.0,188.0
invoice_a46f56c9a0ff4ed58d133ec7dcf14265,job_2456cd7fc42c47339490ac8dc1f34b20,4985,Service & Repair Fee - Standard,labor,1.0,102.0,102.0
invoice_a46f56c9a0ff4ed58d133ec7dcf14265,job_2456cd7fc42c47339490ac8dc1f34b20,4985,Service Calls - Repairs & Part Installation - Tier 3 Repair - Capacitor Replacement & Re-spade burned wiring,labor,1.0,215.0,215.0
invoice_853b7c62c24646709875b615041bd8d1,job_c02e43dd43c346289eb9b9695b8f1cc3,4984,Diagnostic/dispatch fees - Service & Repair Fee - Standard,labor,1.0,92.0,92.0
invoice_853b7c62c24646709875b615041bd8d1,job_c02e43dd43c346289eb9b9695b8f1cc3,4984,Service Calls - Repairs & Part Installation - Tier 2 Repair - Reconfigure Thermostat,labor,1.0,96.0,96.0
invoice_48e290e816c144b89cf5c54ecf12eb52,job_6910c6a1c6224eb8b838f017014b399b,4983,New System Installation - System Installation,labor,1.0,1584.0,1584.0
invoice_48e290e816c144b89cf5c54ecf12eb52,job_6910c6a1c6224eb8b838f017014b399b,4983,Diagnostic/dispatch fees - Starfish Hospitality Service & Repair Fee - Standard,labor,1.0,77.0,77.0
invoice_48e290e816c144b89cf5c54ecf12eb52,job_6910c6a1c6224eb8b838f017014b399b,4983,2.5 Ton - STANDARD CHOICE 15 - Trane 2.5 Ton 15.2 Seer2 (16 SEER) System(STRAIGHT COOL),material,1.0,10042.0,10042.0
invoice_48e290e816c144b89cf5c54ecf12eb52,job_6910c6a1c6224eb8b838f017014b399b,4983,Add Ons - Metal Air Handler Stand,material,1.0,119.0,119.0
invoice_48e290e816c144b89cf5c54ecf12eb52,job_6910c6a1c6224eb8b838f017014b399b,4983,Add Ons - Drain package,material,1.0,280.0,280.0
invoice_713296db9474424d9364aea2146680b2,job_110cd08ea46d435d99fe79a2188ff82b,4982,System Installation,labor,1.0,1410.0,1410.0
invoice_713296db9474424d9364aea2146680b2,job_110cd08ea46d435d99fe79a2188ff82b,4982,Service Calls - Repairs & Part Installation - Tier 5 Repair - Condensate Pump Installation (New) Labor Only,labor,1.0,349.0,349.0
invoice_713296db9474424d9364aea2146680b2,job_110cd08ea46d435d99fe79a2188ff82b,4982,Carrier Coastal Heat Pump - 3.5 Ton Condenser - 15 SEER,material,1.0,7240.25,7240.25
invoice_713296db9474424d9364aea2146680b2,job_110cd08ea46d435d99fe79a2188ff82b,4982,"Comfort Series Fan Coil Multipoise, ECM Motor for Puron Advance - 3.5 Ton",material,1.0,3190.25,3190.25
invoice_713296db9474424d9364aea2146680b2,job_110cd08ea46d435d99fe79a2188ff82b,4982,10 KW Heat Kit,material,1.0,394.5,394.5
invoice_713296db9474424d9364aea2146680b2,job_110cd08ea46d435d99fe79a2188ff82b,4982,Honeywell FocusPro N100,material,1.0,194.0,194.0
invoice_713296db9474424d9364aea2146680b2,job_110cd08ea46d435d99fe79a2188ff82b,4982,Add Ons - Concrete Pad,material,1.0,256.0,256.0
invoice_713296db9474424d9364aea2146680b2,job_110cd08ea46d435d99fe79a2188ff82b,4982,Add Ons - Drain package,material,1.0,280.0,280.0
invoice_713296db9474424d9364aea2146680b2,job_110cd08ea46d435d99fe79a2188ff82b,4982,Add Ons - Attic Install,material,1.0,515.0,515.0
invoice_713296db9474424d9364aea2146680b2,job_110cd08ea46d435d99fe79a2188ff82b,4982,Generic Parts / Service - Condensate pump,material,1.0,153.0,153.0
invoice_850b4f8f67dc4826803f6a895e8e43cb,job_7e7aa0be59cd49719283a892505a17f8,4981,Service & Repair Fee - Standard,labor,1.0,102.0,102.0
invoice_b79e622b2408480bad37716ee28bba00,job_5b76f135ddb04c46aa3b65e5354018f7,4980,"Repair on PVC or CPVC up to 1""",labor,1.0,333.25,333.25
invoice_e01a91de77744cd8af598fcb93ceecea,job_b91a0607f5f7470ab409b164eac1a0cf,4979,Service & Repair Fee - Standard,labor,1.0,102.0,102.0
invoice_e01a91de77744cd8af598fcb93ceecea,job_b91a0607f5f7470ab409b164eac1a0cf,4979,Generic Parts / Service - Replace Fuse,material,1.0,73.0,73.0
invoice_e01a91de77744cd8af598fcb93ceecea,job_b91a0607f5f7470ab409b164eac1a0cf,4979,Service Calls - Repairs & Part Installation - Tier 3 Repair - Condenser Wiring Adjustments,material,1.0,103.0,103.0
invoice_43cf555f122b4c0189eff0ab45425655,job_6f95b25e4420411f8d39e88c73ade704,4978,Diagnostic/dispatch fees - Service & Repair Fee - After-Hours,labor,1.0,184.0,184.0
invoice_43cf555f122b4c0189eff0ab45425655,job_6f95b25e4420411f8d39e88c73ade704,4978,Service Calls - Repairs & Part Installation - Tier 3 Repair - Capacitor Replacement,labor,1.0,165.0,165.0
invoice_1cef77858a484c5cae501f0a5b87720d,job_24e3e6f48fe3495aad12779ab77c86ec,4977,Visit #4,labor,1.0,145.0,145.0
invoice_1cef77858a484c5cae501f0a5b87720d,job_24e3e6f48fe3495aad12779ab77c86ec,4977,Generic Parts / Service - AX41 Belt & Installation,material,1.0,122.0,122.0
invoice_345a051986e14d4486b438832588bb8a,job_621619801ebc434cbab7672f4e2579e9,4976,Service & Repair Fee - Standard,labor,1.0,102.0,102.0
invoice_345a051986e14d4486b438832588bb8a,job_621619801ebc434cbab7672f4e2579e9,4976,Service Calls - Repairs & Part Installation - Tier 3 Repair - Clear Drain Line,labor,1.0,165.0,165.0
invoice_c749d1373c5a44a69949baf1b1b27d11,job_d5139815b557485898be113ba54dcad4,4975,System Installation,labor,1.0,1410.0,1410.0
invoice_c749d1373c5a44a69949baf1b1b27d11,job_d5139815b557485898be113ba54dcad4,4975,Service Calls - Repairs & Part Installation - Guarantees,labor,1.0,0.0,0.0
invoice_c749d1373c5a44a69949baf1b1b27d11,job_d5139815b557485898be113ba54dcad4,4975,2 Ton - SUPERIOR - PRIORITY 17 - Trane 2 Ton 17 Seer2 (18 SEER) Heat Pump System (Inv Multi-Speed 24 V),material,1.0,9966.0,9966.0
invoice_c749d1373c5a44a69949baf1b1b27d11,job_d5139815b557485898be113ba54dcad4,4975,Add Ons - Concrete Pad,material,1.0,256.0,256.0
invoice_c749d1373c5a44a69949baf1b1b27d11,job_d5139815b557485898be113ba54dcad4,4975,Add Ons - Drain package,material,1.0,280.0,280.0
invoice_63b92fcb4cef4d03a4b4c5d37129f136,job_e4894a9b3e194f5ba9c0afd0672a91e1,4974,Visit #4,labor,1.0,0.0,0.0
invoice_128c96c6eeb34b958245abf8d3047aab,job_b37e28eb435e47c8b2798191654346e5,4973,Install New Angle Stop,labor,3.0,145.5,436.5
invoice_37cd57502fb74d05ad07e9a85c4d0d5e,job_ccffde2d666449e4bf44033b26f03460,4972,Diagnostic/dispatch fees - Service & Repair Fee - After-Hours,labor,1.0,184.0,184.0
invoice_37cd57502fb74d05ad07e9a85c4d0d5e,job_ccffde2d666449e4bf44033b26f03460,4972,Service Calls - Repairs & Part Installation - Tier 3 Repair - Capacitor Replacement,labor,1.0,165.0,165.0
invoice_37cd57502fb74d05ad07e9a85c4d0d5e,job_ccffde2d666449e4bf44033b26f03460,4972,Service Calls - Repairs & Part Installation - Rescue Motor,material,1.0,676.0,676.0
invoice_f35259aa1ead4d40b9cba82c70c64446,job_e71d223d94954b26bed9f1de3dfdf7ef,4970,System Installation,labor,1.0,1410.0,1410.0
invoice_f35259aa1ead4d40b9cba82c70c64446,job_e71d223d94954b26bed9f1de3dfdf7ef,4970,Service Calls - Repairs & Part Installation - Tier 6 Repair - Control Board Replacement,labor,1.0,430.75,430.75
invoice_f35259aa1ead4d40b9cba82c70c64446,job_e71d223d94954b26bed9f1de3dfdf7ef,4970,Diagnostic/dispatch fees - Service & Repair Fee - After-Hours,labor,1.0,184.0,184.0
invoice_f35259aa1ead4d40b9cba82c70c64446,job_e71d223d94954b26bed9f1de3dfdf7ef,4970,Carrier Coastal Heat Pump - 3 Ton Condenser - 15 SEER,material,1.0,6434.0,6434.0
invoice_f35259aa1ead4d40b9cba82c70c64446,job_e71d223d94954b26bed9f1de3dfdf7ef,4970,"Comfort Series Fan Coil Multipoise, ECM Motor for Puron Advance - 3 Ton",material,1.0,2825.0,2825.0
invoice_f35259aa1ead4d40b9cba82c70c64446,job_e71d223d94954b26bed9f1de3dfdf7ef,4970,Electric Heater - 8kW 240 Volt-Single Phase with Terminal Block,material,1.0,258.5,258.5
invoice_f35259aa1ead4d40b9cba82c70c64446,job_e71d223d94954b26bed9f1de3dfdf7ef,4970,Thermostat - Honeywell Home FocusPRO® N100,material,1.0,193.0,193.0
invoice_f35259aa1ead4d40b9cba82c70c64446,job_e71d223d94954b26bed9f1de3dfdf7ef,4970,Add Ons - Drain package,material,1.0,277.75,277.75
invoice_f35259aa1ead4d40b9cba82c70c64446,job_e71d223d94954b26bed9f1de3dfdf7ef,4970,Unit Specific Parts - Indoor Control Board,material,1.0,571.0,571.0
invoice_f35259aa1ead4d40b9cba82c70c64446,job_e71d223d94954b26bed9f1de3dfdf7ef,4970,Service Calls - Repairs & Part Installation - Rescue Motor,material,1.0,676.0,676.0
invoice_035ed80bde354b578e30138b384a3af9,job_1e23cf4486b241f18e4a75466190d122,4967,Diagnostic/dispatch fees - Service & Repair Fee - Standard,labor,1.0,92.0,92.0
invoice_035ed80bde354b578e30138b384a3af9,job_1e23cf4486b241f18e4a75466190d122,4967,Service Calls - Repairs & Part Installation - Tier 3 Repair - Capacitor Replacement,labor,1.0,165.0,165.0
invoice_035ed80bde354b578e30138b384a3af9,job_1e23cf4486b241f18e4a75466190d122,4967,Service Calls - Repairs & Part Installation - Tier 2 Repair - Coil clean in place,labor,1.0,94.0,94.0
invoice_035ed80bde354b578e30138b384a3af9,job_1e23cf4486b241f18e4a75466190d122,4967,Generic Parts / Service - R410a refrigerant,material,2.0,132.0,264.0
invoice_ddd2dcd613ac48c5bf1fc6f5a7b78ce1,job_0dd250937c814e2193ea82505a1db6f8,4966,Service & Repair Fee - Standard,labor,1.0,102.0,102.0
invoice_ddd2dcd613ac48c5bf1fc6f5a7b78ce1,job_0dd250937c814e2193ea82505a1db6f8,4966,Service Calls - Repairs & Part Installation - Tier 3 Repair - Reconfigure Drain Line,labor,1.0,181.0,181.0
invoice_87f7f0730006466eb847b39a8c192a9d,job_6a9361374f2f47cb83fd3c1d3c3e1b39,4965,Diagnostic/dispatch fees - Service & Repair Fee - Standard,labor,1.0,92.0,92.0
invoice_0763e1994b0c46108a0e52c44d8216fc,job_25a850dda5404235b4a9c0e6ceced1d2,4964,System Installation,labor,1.0,1410.0,1410.0
invoice_0763e1994b0c46108a0e52c44d8216fc,job_25a850dda5404235b4a9c0e6ceced1d2,4964,Carrier Coastal Heat Pump - 3 Ton Condenser - 18 SEER,material,1.0,9185.0,9185.0
invoice_0763e1994b0c46108a0e52c44d8216fc,job_25a850dda5404235b4a9c0e6ceced1d2,4964,3 Ton Residential Fan Coil Multipoise with InteliSense Technology,material,1.0,3973.5,3973.5
invoice_0763e1994b0c46108a0e52c44d8216fc,job_25a850dda5404235b4a9c0e6ceced1d2,4964,Electric Heater - 8kW 240 Volt-Single Phase with Terminal Block,material,1.0,258.5,258.5
invoice_0763e1994b0c46108a0e52c44d8216fc,job_25a850dda5404235b4a9c0e6ceced1d2,4964,Generic Parts / Service - Ecobee 6 Thermostat,material,1.0,499.25,499.25
invoice_0763e1994b0c46108a0e52c44d8216fc,job_25a850dda5404235b4a9c0e6ceced1d2,4964,Add Ons - Drain package,material,1.0,280.0,280.0
invoice_0763e1994b0c46108a0e52c44d8216fc,job_25a850dda5404235b4a9c0e6ceced1d2,4964,Generic Parts / Service - Reme Halo Zero,material,1.0,969.0,969.0
invoice_0763e1994b0c46108a0e52c44d8216fc,job_25a850dda5404235b4a9c0e6ceced1d2,4964,Add Ons - Blu QR UV Stick Horton,material,1.0,212.0,212.0
invoice_dedbfa0529ca42e8a80d3d9976ca1e2b,job_2e5add5ea47e4c91bafe0262401cc433,4963,Delta / Moen Rebuild Kit 2/3 Handle,labor,1.0,595.5,595.5
invoice_3d4c3d5b0d364152ad7d050600df7be3,job_54d93c4809124e54a1593731757cfe8c,4962,Install Basket Strainer,labor,1.0,268.0,268.0
invoice_bc4b534c090c49578eababbea407a44a,job_5c7e15c388894eb3a0d399b498b1af09,4961,Service & Repair Fee - Standard,labor,1.0,102.0,102.0
invoice_bc4b534c090c49578eababbea407a44a,job_5c7e15c388894eb3a0d399b498b1af09,4961,Service Calls - Repairs & Part Installation - Tier 3 Repair - Clear Drain Line,labor,2.0,165.0,330.0
invoice_97eff37b64f04429ac1bd60fd998ae0d,job_3d9e5cadddde4baeb71edf4155232112,4960,Fix Leak on Gas System up 1/2” to 1”,labor,1.0,310.0,310.0
invoice_d8deb85b5c784e599770edb377efeab9,job_ed930256b6604712bd8e8bb1c433a94d,4959,New System Installation - System Installation,labor,1.0,1584.0,1584.0
invoice_d8deb85b5c784e599770edb377efeab9,job_ed930256b6604712bd8e8bb1c433a94d,4959,Diagnostic/dispatch fees - Service & Repair Fee - After-Hours,labor,1.0,184.0,184.0
invoice_d8deb85b5c784e599770edb377efeab9,job_ed930256b6604712bd8e8bb1c433a94d,4959,1 Ton Mitsubishi Mini Split,material,1.0,2798.0,2798.0
invoice_d8deb85b5c784e599770edb377efeab9,job_ed930256b6604712bd8e8bb1c433a94d,4959,Add Ons - Concrete Pad,material,1.0,256.0,256.0
invoice_b7ee2c72e05642d3bb3444bbb27ae1c1,job_de5016ba34144d0080f58488a2a79eeb,4958,Diagnostic/dispatch fees - Service & Repair Fee - After-Hours,labor,1.0,184.0,184.0
invoice_b7ee2c72e05642d3bb3444bbb27ae1c1,job_de5016ba34144d0080f58488a2a79eeb,4958,Service Calls - Repairs & Part Installation - Tier 3 Repair - Capacitor Replacement,labor,1.0,165.0,165.0
invoice_b7ee2c72e05642d3bb3444bbb27ae1c1,job_de5016ba34144d0080f58488a2a79eeb,4958,Generic Parts / Service - Honeywell FocusPro N100,material,1.0,194.0,194.0
invoice_a37c3290a7ea4a7f995e38e6c5047add,job_eb7a59339cba4987bdac6cc4711de094,4956,Diagnostic/dispatch fees - Service & Repair Fee - Standard,labor,1.0,92.0,92.0
invoice_84514644a73f4eabaf3319e40eaaa6c5,job_305b7ef8ad66469d8f0668053c7d7804,4955,Service & Repair Fee - Standard,labor,1.0,102.0,102.0
invoice_d3fd053d29014d0a99dcea99b609eb84,job_e39bbbf7e5174988ac5c2db467fa77f4,4954,New System Installation - System Installation,labor,1.0,1584.0,1584.0
invoice_d3fd053d29014d0a99dcea99b609eb84,job_e39bbbf7e5174988ac5c2db467fa77f4,4954,New System Installation - System Installation,labor,1.0,1584.0,1584.0
invoice_d3fd053d29014d0a99dcea99b609eb84,job_e39bbbf7e5174988ac5c2db467fa77f4,4954,2.5 Ton - BUDGET 14 - Trane 2.5 Ton 14.3 Seer2 (15 SEER) Heat Pump System,material,1.0,8694.0,8694.0
invoice_d3fd053d29014d0a99dcea99b609eb84,job_e39bbbf7e5174988ac5c2db467fa77f4,4954,Add Ons - Metal Air Handler Stand,material,1.0,119.0,119.0
invoice_d3fd053d29014d0a99dcea99b609eb84,job_e39bbbf7e5174988ac5c2db467fa77f4,4954,Add Ons - Concrete Pad,material,1.0,256.0,256.0
invoice_d3fd053d29014d0a99dcea99b609eb84,job_e39bbbf7e5174988ac5c2db467fa77f4,4954,Add Ons - Drain package,material,1.0,277.75,277.75
invoice_d3fd053d29014d0a99dcea99b609eb84,job_e39bbbf7e5174988ac5c2db467fa77f4,4954,Generic Parts / Service - Bio-Fresh Duct Cleaning,material,1.0,0.0,0.0
invoice_d3fd053d29014d0a99dcea99b609eb84,job_e39bbbf7e5174988ac5c2db467fa77f4,4954,Add Ons - Concrete Pad,material,1.0,256.0,256.0
invoice_d3fd053d29014d0a99dcea99b609eb84,job_e39bbbf7e5174988ac5c2db467fa77f4,4954,Add Ons - Drain package,material,1.0,277.75,277.75
invoice_d3fd053d29014d0a99dcea99b609eb84,job_e39bbbf7e5174988ac5c2db467fa77f4,4954,Add Ons - Attic Install,material,1.0,515.0,515.0
invoice_d3fd053d29014d0a99dcea99b609eb84,job_e39bbbf7e5174988ac5c2db467fa77f4,4954,2.5 Ton - BUDGET 14 - Trane 2.5 Ton 14.3 Seer2 (15 SEER) Heat Pump System,material,1.0,8694.0,8694.0
invoice_d3fd053d29014d0a99dcea99b609eb84,job_e39bbbf7e5174988ac5c2db467fa77f4,4954,Generic Parts / Service - Bio-Fresh Duct Cleaning,material,1.0,0.0,0.0
invoice_2a198f3898174dc4ab2e9744905204d8,job_4e29407e54ef439a95f430a28a9538bf,4953,Builders Grade Chrome Widespread Lavatory Faucet,labor,1.0,588.0,588.0
invoice_2a198f3898174dc4ab2e9744905204d8,job_4e29407e54ef439a95f430a28a9538bf,4953,Install Badger 5 1/2 HP Disposal,labor,1.0,606.25,606.25
invoice_fae13e88ada144bea99744cecc4acf71,job_95d7643c2a26491fb3b385f984fb0ecb,4952,Service & Repair Fee - Standard,labor,1.0,102.0,102.0
invoice_1ddc790215e44b9ab37c16652ff18c30,job_2c89b242b74e4128b3c0de370dc238c6,4951,Diagnostic/dispatch fees - Starfish Hospitality Service & Repair Fee - Standard,labor,1.0,77.0,77.0
invoice_7074d06a502445c2aec12b26e5535547,job_d808e2ae22d14bcf9b24a0813a0a74fd,4950,Service & Repair Fee - Standard,labor,1.0,102.0,102.0
invoice_7074d06a502445c2aec12b26e5535547,job_d808e2ae22d14bcf9b24a0813a0a74fd,4950,Service Calls - Repairs & Part Installation - Tier 1 Repair - Insulation Removal + Readjust Diverter,labor,1.0,47.0,47.0
invoice_094ce1cc4cf84e65a60e408d947f60db,job_f5dcc1ff7469420997147052e0548eb9,4949,Service & Repair Fee - Standard,labor,1.0,102.0,102.0
invoice_094ce1cc4cf84e65a60e408d947f60db,job_f5dcc1ff7469420997147052e0548eb9,4949,Service Calls - Repairs & Part Installation - Tier 5 Repair - Condenser Fan Motor Installation Labor Only,labor,1.0,384.0,384.0
invoice_094ce1cc4cf84e65a60e408d947f60db,job_f5dcc1ff7469420997147052e0548eb9,4949,WARRANTY Parts / Service - WARRANTY - Condenser Fan Motor,material,1.0,0.0,0.0
invoice_1050d56ab19745adb2101a20860c6bc1,job_846fb4df91f449dfb97b1c9a29349c80,4948,Diagnostic/dispatch fees - Service & Repair Fee - Commercial,labor,1.0,183.0,183.0
invoice_1050d56ab19745adb2101a20860c6bc1,job_846fb4df91f449dfb97b1c9a29349c80,4948,Service Calls - Repairs & Part Installation - Tier 3 Repair - Contactor Replacement,labor,1.0,180.0,180.0
invoice_1fe34f98b5644dafbf231f4d962f63aa,job_63ea0ebc6ab24274aa4311c0f69555e5,4947,Service & Repair Fee - Standard,labor,1.0,102.0,102.0
invoice_1fe34f98b5644dafbf231f4d962f63aa,job_63ea0ebc6ab24274aa4311c0f69555e5,4947,System Installation,labor,1.0,1410.0,1410.0
invoice_1fe34f98b5644dafbf231f4d962f63aa,job_63ea0ebc6ab24274aa4311c0f69555e5,4947,Carrier Coastal Heat Pump - 4 Ton Condenser - 15 SEER,material,1.0,8222.75,8222.75
invoice_1fe34f98b5644dafbf231f4d962f63aa,job_63ea0ebc6ab24274aa4311c0f69555e5,4947,"Comfort Series Fan Coil Multipoise, ECM Motor for Puron Advance - 4 Ton",material,1.0,3589.5,3589.5
invoice_1fe34f98b5644dafbf231f4d962f63aa,job_63ea0ebc6ab24274aa4311c0f69555e5,4947,10 KW Heat Kit,material,1.0,394.5,394.5
invoice_1fe34f98b5644dafbf231f4d962f63aa,job_63ea0ebc6ab24274aa4311c0f69555e5,4947,Honeywell FocusPro N100,material,1.0,194.0,194.0
invoice_1fe34f98b5644dafbf231f4d962f63aa,job_63ea0ebc6ab24274aa4311c0f69555e5,4947,Add Ons - Attic Install,material,1.0,515.0,515.0
invoice_1fe34f98b5644dafbf231f4d962f63aa,job_63ea0ebc6ab24274aa4311c0f69555e5,4947,Add Ons - Drain package,material,1.0,277.75,277.75
invoice_4f178b6f1f70419aa5a6d71b53f112f8,job_30d410e421b343b795d33c50a436330d,4946,Service Calls - Repairs & Part Installation - Tier 3 Repair - Clear Drain Line,labor,1.0,165.0,165.0
invoice_4f178b6f1f70419aa5a6d71b53f112f8,job_30d410e421b343b795d33c50a436330d,4946,Diagnostic/dispatch fees - Royal destination service call,labor,1.0,70.0,70.0
invoice_fdfeaead47ff40fdbb476bd4e0a558ca,job_369a6b6a1abf4843bd2f8ae5c5450c43,4945,Standard Tub spout Replacement,labor,1.0,286.0,286.0
invoice_db080f15e25f4c3b8bc619d6df374b01,job_378d1d29a62441a49c0d577fc34bd9d4,4944,Diagnostic/dispatch fees - Starfish Hospitality Service & Repair Fee - Standard,labor,1.0,73.0,73.0
invoice_db080f15e25f4c3b8bc619d6df374b01,job_378d1d29a62441a49c0d577fc34bd9d4,4944,Service Calls - Repairs & Part Installation - Tier 3 Repair - Clear Drain Line,labor,1.0,165.0,165.0
invoice_7456609bf44e445b80755629f9a0f41e,job_3167198a1617461f88452be3a6aec587,4943,Visit #3,labor,1.0,0.0,0.0
invoice_7b2a9ed75bc243ee86ea60292e7b9693,job_8ab2182f3ced4ec4ac221e6dc0302c17,4942,Service & Repair Fee - Standard,labor,1.0,102.0,102.0
invoice_7b2a9ed75bc243ee86ea60292e7b9693,job_8ab2182f3ced4ec4ac221e6dc0302c17,4942,Service Calls - Repairs & Part Installation - Tier 3 Repair - Clear Drain Line,labor,1.0,165.0,165.0
invoice_cf92d1fd3d06487396213cd466f69376,job_ea63a2e7660c4c7f9492ca14783900d4,4941,Diagnostic/dispatch fees - Service & Repair Fee - After-Hours,labor,1.0,184.0,184.0
invoice_cf92d1fd3d06487396213cd466f69376,job_ea63a2e7660c4c7f9492ca14783900d4,4941,System Installation,labor,1.0,1410.0,1410.0
invoice_cf92d1fd3d06487396213cd466f69376,job_ea63a2e7660c4c7f9492ca14783900d4,4941,Service Calls - Repairs & Part Installation - Guarantees,labor,1.0,0.0,0.0
invoice_cf92d1fd3d06487396213cd466f69376,job_ea63a2e7660c4c7f9492ca14783900d4,4941,2 Ton - STANDARD CHOICE 15 - Trane 2 Ton 15.2 Seer2 (16 SEER) Straight Cool System,material,1.0,8578.0,8578.0
invoice_cf92d1fd3d06487396213cd466f69376,job_ea63a2e7660c4c7f9492ca14783900d4,4941,Add Ons - Drain package,material,1.0,280.0,280.0
invoice_cf92d1fd3d06487396213cd466f69376,job_ea63a2e7660c4c7f9492ca14783900d4,4941,Replace Return,material,1.0,284.0,284.0
invoice_cf92d1fd3d06487396213cd466f69376,job_ea63a2e7660c4c7f9492ca14783900d4,4941,Add Ons - Concrete Pad,material,1.0,0.0,0.0
invoice_cf92d1fd3d06487396213cd466f69376,job_ea63a2e7660c4c7f9492ca14783900d4,4941,Generic Parts / Service - Surge Protector,material,1.0,0.0,0.0
invoice_79c57a894cc546328a35b8b76a38fd2c,job_25a850dda5404235b4a9c0e6ceced1d2,4940,System Installation,labor,1.0,1410.0,1410.0
invoice_79c57a894cc546328a35b8b76a38fd2c,job_25a850dda5404235b4a9c0e6ceced1d2,4940,Carrier Coastal Heat Pump - 3 Ton Condenser - 18 SEER,material,1.0,9185.0,9185.0
invoice_79c57a894cc546328a35b8b76a38fd2c,job_25a850dda5404235b4a9c0e6ceced1d2,4940,3 Ton Residential Fan Coil Multipoise with InteliSense Technology,material,1.0,3973.5,3973.5
invoice_79c57a894cc546328a35b8b76a38fd2c,job_25a850dda5404235b4a9c0e6ceced1d2,4940,Electric Heater - 8kW 240 Volt-Single Phase with Terminal Block,material,1.0,258.5,258.5
invoice_79c57a894cc546328a35b8b76a38fd2c,job_25a850dda5404235b4a9c0e6ceced1d2,4940,Generic Parts / Service - Ecobee 6 Thermostat,material,1.0,499.25,499.25
invoice_79c57a894cc546328a35b8b76a38fd2c,job_25a850dda5404235b4a9c0e6ceced1d2,4940,Add Ons - Drain package,material,1.0,280.0,280.0
invoice_79c57a894cc546328a35b8b76a38fd2c,job_25a850dda5404235b4a9c0e6ceced1d2,4940,Generic Parts / Service - Reme Halo Zero,material,1.0,969.0,969.0
invoice_79c57a894cc546328a35b8b76a38fd2c,job_25a850dda5404235b4a9c0e6ceced1d2,4940,Add Ons - Blu QR UV Stick Horton,material,1.0,212.0,212.0
invoice_158836606a4c42e79a2dbf836f52b7c6,job_21c301d4cea04658acea0cdbdb482d61,4939,Service & Repair Fee - Standard,labor,1.0,102.0,102.0
invoice_158836606a4c42e79a2dbf836f52b7c6,job_21c301d4cea04658acea0cdbdb482d61,4939,Service Calls - Repairs & Part Installation - Tier 3 Repair - Clear Drain Line,labor,1.0,165.0,165.0
invoice_2a253eec59c44cacbc94681fdd32a43d,job_4c77ac38f555483388561326a94e368c,4938,Service Calls - Service & Repair Fee - After-Hours,labor,1.0,188.0,188.0
invoice_2a253eec59c44cacbc94681fdd32a43d,job_4c77ac38f555483388561326a94e368c,4938,Service Calls - Repairs & Part Installation - Service,labor,1.0,543.0,543.0
invoice_2a253eec59c44cacbc94681fdd32a43d,job_4c77ac38f555483388561326a94e368c,4938,Unit Specific Parts - TXV,material,1.0,859.0,859.0
invoice_2a253eec59c44cacbc94681fdd32a43d,job_4c77ac38f555483388561326a94e368c,4938,Generic Parts / Service - Filter dryer,material,1.0,103.0,103.0
invoice_aa6fec4d952c42c9862c8a713deb4af2,job_395c8e5a11444059841cdc8cd699dee0,4937,Diagnostic/dispatch fees - Service & Repair Fee - After-Hours,labor,1.0,184.0,184.0
invoice_aa6fec4d952c42c9862c8a713deb4af2,job_395c8e5a11444059841cdc8cd699dee0,4937,Service Calls - Repairs & Part Installation - Tier 3 Repair - Clear Drain Line,labor,1.0,165.0,165.0
invoice_db53cc5255054e1dbb3bdc131161b9b5,job_adaee9696bf34790bf37e046499f33b5,4936,Tier 5 Repair,labor,1.0,384.0,384.0
invoice_db53cc5255054e1dbb3bdc131161b9b5,job_adaee9696bf34790bf37e046499f33b5,4936,Diagnostic/dispatch fees - Service & Repair Fee - Commercial,labor,1.0,183.0,183.0
invoice_372ceb5bf36d46bfb7744280000e62bb,job_01c6d0b7803a4c46ba9337f09e3e9681,4935,Preventative Maintenance - Residential Preventative Maintenance,labor,1.0,92.0,92.0
invoice_6a1f40dbb2af4dbab4889df0909a83eb,job_7149b87fecb94641885089c531ee9bad,4934,Service & Repair Fee - Standard,labor,1.0,102.0,102.0
invoice_6a1f40dbb2af4dbab4889df0909a83eb,job_7149b87fecb94641885089c531ee9bad,4934,Service Calls - Repairs & Part Installation - Tier 1 Repair -,labor,1.0,51.0,51.0
invoice_c749b8b4d3db4fff801c236fdae233b6,job_15a0d32e03cb4cb597f39ba187b934d8,4933,Diagnostic/dispatch fees - Service & Repair Fee - After-Hours,labor,1.0,184.0,184.0
invoice_c749b8b4d3db4fff801c236fdae233b6,job_15a0d32e03cb4cb597f39ba187b934d8,4933,Service Calls - Repairs & Part Installation - Tier 3 Repair - Clear Drain Line,labor,1.0,165.0,165.0
invoice_c749b8b4d3db4fff801c236fdae233b6,job_15a0d32e03cb4cb597f39ba187b934d8,4933,Service Calls - Repairs & Part Installation - Tier 2 Repair - Replace safety switch,labor,1.0,106.0,106.0
invoice_14d85c36a07f4ac6a1747951d0fea1b5,job_e71d223d94954b26bed9f1de3dfdf7ef,4932,System Installation,labor,1.0,1410.0,1410.0
invoice_14d85c36a07f4ac6a1747951d0fea1b5,job_e71d223d94954b26bed9f1de3dfdf7ef,4932,Service Calls - Repairs & Part Installation - Tier 6 Repair - Control Board Replacement,labor,1.0,485.0,485.0
invoice_14d85c36a07f4ac6a1747951d0fea1b5,job_e71d223d94954b26bed9f1de3dfdf7ef,4932,Carrier Coastal Heat Pump - 3 Ton Condenser - 15 SEER,material,1.0,6434.0,6434.0
invoice_14d85c36a07f4ac6a1747951d0fea1b5,job_e71d223d94954b26bed9f1de3dfdf7ef,4932,"Comfort Series Fan Coil Multipoise, ECM Motor for Puron Advance - 3 Ton",material,1.0,2825.0,2825.0
invoice_14d85c36a07f4ac6a1747951d0fea1b5,job_e71d223d94954b26bed9f1de3dfdf7ef,4932,Electric Heater - 8kW 240 Volt-Single Phase with Terminal Block,material,1.0,258.5,258.5
invoice_14d85c36a07f4ac6a1747951d0fea1b5,job_e71d223d94954b26bed9f1de3dfdf7ef,4932,Thermostat - Honeywell Home FocusPRO® N100,material,1.0,193.0,193.0
invoice_14d85c36a07f4ac6a1747951d0fea1b5,job_e71d223d94954b26bed9f1de3dfdf7ef,4932,Add Ons - Drain package,material,1.0,277.75,277.75
invoice_14d85c36a07f4ac6a1747951d0fea1b5,job_e71d223d94954b26bed9f1de3dfdf7ef,4932,Unit Specific Parts - Indoor Control Board,material,1.0,571.0,571.0
invoice_3d194262ba9346fdafb90d83c9b81064,job_e71d223d94954b26bed9f1de3dfdf7ef,4931,System Installation,labor,1.0,1410.0,1410.0
invoice_3d194262ba9346fdafb90d83c9b81064,job_e71d223d94954b26bed9f1de3dfdf7ef,4931,Service Calls - Repairs & Part Installation - Tier 6 Repair - Control Board Replacement,labor,1.0,430.75,430.75
invoice_3d194262ba9346fdafb90d83c9b81064,job_e71d223d94954b26bed9f1de3dfdf7ef,4931,Diagnostic/dispatch fees - Service & Repair Fee - After-Hours,labor,1.0,184.0,184.0
invoice_3d194262ba9346fdafb90d83c9b81064,job_e71d223d94954b26bed9f1de3dfdf7ef,4931,Carrier Coastal Heat Pump - 3 Ton Condenser - 15 SEER,material,1.0,6434.0,6434.0
invoice_3d194262ba9346fdafb90d83c9b81064,job_e71d223d94954b26bed9f1de3dfdf7ef,4931,"Comfort Series Fan Coil Multipoise, ECM Motor for Puron Advance - 3 Ton",material,1.0,2825.0,2825.0
invoice_3d194262ba9346fdafb90d83c9b81064,job_e71d223d94954b26bed9f1de3dfdf7ef,4931,Electric Heater - 8kW 240 Volt-Single Phase with Terminal Block,material,1.0,258.5,258.5
invoice_3d194262ba9346fdafb90d83c9b81064,job_e71d223d94954b26bed9f1de3dfdf7ef,4931,Thermostat - Honeywell Home FocusPRO® N100,material,1.0,193.0,193.0
invoice_3d194262ba9346fdafb90d83c9b81064,job_e71d223d94954b26bed9f1de3dfdf7ef,4931,Add Ons - Drain package,material,1.0,277.75,277.75
invoice_3d194262ba9346fdafb90d83c9b81064,job_e71d223d94954b26bed9f1de3dfdf7ef,4931,Unit Specific Parts - Indoor Control Board,material,1.0,571.0,571.0
invoice_3d194262ba9346fdafb90d83c9b81064,job_e71d223d94954b26bed9f1de3dfdf7ef,4931,Service Calls - Repairs & Part Installation - Rescue Motor,material,1.0,676.0,676.0
invoice_2cbbb2b97e7f4806949e72f306bfb8be,job_f7a17dcda1aa4578b7c02835605ed2b0,4930,Air Handler Uninstall/Re-install - System Installation,labor,1.0,1444.0,1444.0
invoice_2cbbb2b97e7f4806949e72f306bfb8be,job_f7a17dcda1aa4578b7c02835605ed2b0,4930,Duct Tidewater Hospitality / Repair - Plenum / Duct Board Replacement - Plenum Only,labor,1.0,436.0,436.0
invoice_2cbbb2b97e7f4806949e72f306bfb8be,job_f7a17dcda1aa4578b7c02835605ed2b0,4930,Drain package,material,1.0,274.75,274.75
invoice_2cbbb2b97e7f4806949e72f306bfb8be,job_f7a17dcda1aa4578b7c02835605ed2b0,4930,New Construction - Generic Supply Grille,material,15.0,41.0,615.0
invoice_ef01abe2121b4e898ded8bca42d71078,job_99337fbdf64c49afaf7677b3809e900a,4929,Diagnostic/dispatch fees - Service & Repair Fee - Standard,labor,1.0,92.0,92.0
invoice_ef01abe2121b4e898ded8bca42d71078,job_99337fbdf64c49afaf7677b3809e900a,4929,New System Installation - System Installation,labor,1.0,1584.0,1584.0
invoice_ef01abe2121b4e898ded8bca42d71078,job_99337fbdf64c49afaf7677b3809e900a,4929,Carrier - Carrier 1 Ton Water Source HVAC Heat Pump,material,1.0,5847.0,5847.0
invoice_de2203b25f4244bc97bf6294192bf096,job_2f69ed1df2464fa5a311dac2e43cabc3,4928,Diagnostic/dispatch fees - Service & Repair Fee - After-Hours,labor,1.0,184.0,184.0
invoice_de2203b25f4244bc97bf6294192bf096,job_2f69ed1df2464fa5a311dac2e43cabc3,4928,New System Installation - System Installation,labor,1.0,1584.0,1584.0
invoice_de2203b25f4244bc97bf6294192bf096,job_2f69ed1df2464fa5a311dac2e43cabc3,4928,3.5 Ton - STANDARD - CHOICE 15 - Trane 3.5 Ton 15.2 Seer2 (16 SEER) Heat Pump System,material,1.0,8946.0,8946.0
invoice_de2203b25f4244bc97bf6294192bf096,job_2f69ed1df2464fa5a311dac2e43cabc3,4928,Generic Parts / Service - Safety Switch - Wet Switch,material,1.0,129.0,129.0
invoice_83ee7db5ab79467f924b478b8b3c93cf,job_ecaba87eedaa4f818dd07076fce1f9d5,4927,Diagnostic/dispatch fees - Service & Repair Fee - Standard,labor,1.0,92.0,92.0
invoice_e659a52a33824692bc6cdfc56276fa37,job_93fb414cf8af4917bab6e2b6aa2ee86e,4926,Add Ons - Disconnect box,material,1.0,383.5,383.5
invoice_fcf8819565ac48bdb0d5db3a2fc63171,job_9040ef8a753547158a059e4de02f4b5c,4925,Service & Repair Fee - Standard,labor,1.0,102.0,102.0
invoice_fcf8819565ac48bdb0d5db3a2fc63171,job_9040ef8a753547158a059e4de02f4b5c,4925,Service Calls - Repairs & Part Installation - Tier 6 Repair - TXV Repair + Filter Drier,labor,1.0,654.0,654.0
invoice_fcf8819565ac48bdb0d5db3a2fc63171,job_9040ef8a753547158a059e4de02f4b5c,4925,Unit Specific Parts - TXV,material,1.0,389.0,389.0
invoice_fcf8819565ac48bdb0d5db3a2fc63171,job_9040ef8a753547158a059e4de02f4b5c,4925,Generic Parts / Service - Filter dryer,material,1.0,103.0,103.0
invoice_fcf8819565ac48bdb0d5db3a2fc63171,job_9040ef8a753547158a059e4de02f4b5c,4925,Generic Parts / Service - R410a refrigerant,material,2.0,132.0,264.0
invoice_6f79153e767e499faa9fe931a2397e6a,job_978e4fb41b6549bd9269cffa6ca856ae,4924,Diagnostic/dispatch fees - Service & Repair Fee - After-Hours,labor,1.0,184.0,184.0
invoice_6f79153e767e499faa9fe931a2397e6a,job_978e4fb41b6549bd9269cffa6ca856ae,4924,Service Calls - Repairs & Part Installation - Tier 5 Repair - Condenser Motor Installation Labor Only,labor,1.0,386.0,386.0
invoice_6f79153e767e499faa9fe931a2397e6a,job_978e4fb41b6549bd9269cffa6ca856ae,4924,Service Calls - Repairs & Part Installation - Rescue Motor,material,1.0,344.0,344.0
invoice_0c7249bfb77d412d9e048c3df820a273,job_2f69ed1df2464fa5a311dac2e43cabc3,4923,Diagnostic/dispatch fees - Service & Repair Fee - After-Hours,labor,1.0,184.0,184.0
invoice_0c7249bfb77d412d9e048c3df820a273,job_2f69ed1df2464fa5a311dac2e43cabc3,4923,New System Installation - System Installation,labor,1.0,1584.0,1584.0
invoice_0c7249bfb77d412d9e048c3df820a273,job_2f69ed1df2464fa5a311dac2e43cabc3,4923,3.5 Ton - STANDARD - CHOICE 15 - Trane 3.5 Ton 15.2 Seer2 (16 SEER) Heat Pump System,material,1.0,8946.0,8946.0
invoice_0c7249bfb77d412d9e048c3df820a273,job_2f69ed1df2464fa5a311dac2e43cabc3,4923,Generic Parts / Service - Safety Switch - Wet Switch,material,1.0,129.0,129.0
invoice_c2db077dc24c4f9397ef4d8128c31030,job_2f69ed1df2464fa5a311dac2e43cabc3,4921,Diagnostic/dispatch fees - Service & Repair Fee - After-Hours,labor,1.0,184.0,184.0
invoice_c2db077dc24c4f9397ef4d8128c31030,job_2f69ed1df2464fa5a311dac2e43cabc3,4921,New System Installation - System Installation,labor,1.0,1584.0,1584.0
invoice_c2db077dc24c4f9397ef4d8128c31030,job_2f69ed1df2464fa5a311dac2e43cabc3,4921,3.5 Ton - STANDARD - CHOICE 15 - Trane 3.5 Ton 15.2 Seer2 (16 SEER) Heat Pump System,material,1.0,8946.0,8946.0
invoice_c2db077dc24c4f9397ef4d8128c31030,job_2f69ed1df2464fa5a311dac2e43cabc3,4921,Generic Parts / Service - Safety Switch - Wet Switch,material,1.0,129.0,129.0
invoice_3ae39419591949de816d29f97282971d,job_2f69ed1df2464fa5a311dac2e43cabc3,4922,Diagnostic/dispatch fees - Service & Repair Fee - After-Hours,labor,1.0,184.0,184.0
invoice_3ae39419591949de816d29f97282971d,job_2f69ed1df2464fa5a311dac2e43cabc3,4922,New System Installation - System Installation,labor,1.0,1584.0,1584.0
invoice_3ae39419591949de816d29f97282971d,job_2f69ed1df2464fa5a311dac2e43cabc3,4922,3.5 Ton - STANDARD - CHOICE 15 - Trane 3.5 Ton 15.2 Seer2 (16 SEER) Heat Pump System,material,1.0,8946.0,8946.0
invoice_3ae39419591949de816d29f97282971d,job_2f69ed1df2464fa5a311dac2e43cabc3,4922,Generic Parts / Service - Safety Switch - Wet Switch,material,1.0,129.0,129.0
invoice_b58836eccbbe48b2a19d3f563e851be0,job_564b5802ee6245f1a4a92ad12f2dbfd8,4919,Tier 2 Repair - Replace safety switch,labor,1.0,103.0,103.0
invoice_b58836eccbbe48b2a19d3f563e851be0,job_564b5802ee6245f1a4a92ad12f2dbfd8,4919,Service & Repair Fee - After-Hours,labor,1.0,167.0,167.0
invoice_b58836eccbbe48b2a19d3f563e851be0,job_564b5802ee6245f1a4a92ad12f2dbfd8,4919,Reme Halo Zero,material,1.0,937.0,937.0
invoice_b58836eccbbe48b2a19d3f563e851be0,job_564b5802ee6245f1a4a92ad12f2dbfd8,4919,Blu QR UV Stick Horton,material,1.0,208.0,208.0
invoice_b58836eccbbe48b2a19d3f563e851be0,job_564b5802ee6245f1a4a92ad12f2dbfd8,4919,Ecobee 7 Thermostat,material,2.0,331.0,662.0
invoice_b58836eccbbe48b2a19d3f563e851be0,job_564b5802ee6245f1a4a92ad12f2dbfd8,4919,Drain package,material,1.0,306.0,306.0
invoice_3b709cae18b545989e766bf490f82584,job_b6ef93e5e71943269b8ecf1819134915,4918,Attempt to Auger Toilet,labor,1.0,262.25,262.25
invoice_28ee6dfc707e47b1abecc8e3f7014e18,job_ea996d0453ad4ba3be0f32129a633616,4917,Install New Angle Stop,labor,1.0,234.0,234.0
invoice_cc9861c8b3ea43debbeac46a582d9184,job_855520d6cd064b9d9f1b3c197172e0a6,4915,Electric - 50 Gallon Electric Water Heater 6 Yr,labor,1.0,2546.0,2546.0
invoice_cc9861c8b3ea43debbeac46a582d9184,job_855520d6cd064b9d9f1b3c197172e0a6,4915,Repair - Thermostatic Mixing Valve,labor,1.0,666.0,666.0
invoice_ef445a904bef4dd2bd9aeed56a5557a6,job_740c7702a6ba4fb6a6661d2f24e108c1,4914,Service & Repair Fee - Standard,labor,1.0,102.0,102.0
invoice_a2480a2c1450471dbc996ddb8f2aa2f1,job_61b66c75aba142ac966eec17347f8a9e,4913,Service & Repair Fee - Standard,labor,1.0,102.0,102.0
invoice_a2480a2c1450471dbc996ddb8f2aa2f1,job_61b66c75aba142ac966eec17347f8a9e,4913,Service Calls - Repairs & Part Installation - Rescue Motor,material,1.0,676.0,676.0
invoice_5677537fa6eb4745bf897f23f9692805,job_2e0b3cc093b0432997a02199596faa6a,4912,Pull and Reset Toilet,labor,1.0,251.75,251.75
invoice_11343eaad7a44f30a91cb81e1eeaa44c,job_1b4ed059fc0644b49df2b8d7c63929da,4911,Diagnostic/dispatch fees - Service & Repair Fee - Standard,labor,1.0,92.0,92.0
invoice_11343eaad7a44f30a91cb81e1eeaa44c,job_1b4ed059fc0644b49df2b8d7c63929da,4911,Service Calls - Repairs & Part Installation - Tier 3 Repair - Clear Drain Line,labor,1.0,165.0,165.0
invoice_fcca7350a6244e3588a9f0f3b21aa42c,job_4e6d49d1c24c483b8c7ef7611dc2c74e,4910,LABOR- Installing Damper,labor,1.0,170.0,170.0
invoice_fcca7350a6244e3588a9f0f3b21aa42c,job_4e6d49d1c24c483b8c7ef7611dc2c74e,4910,12x12 in Damper,material,1.0,393.0,393.0
invoice_0fa97479a07644fb8b687b0a3e27a9e4,job_3823b43849cc4607bd85d0828004cd96,4909,Zone System Installation,labor,1.0,1545.0,1545.0
invoice_0fa97479a07644fb8b687b0a3e27a9e4,job_3823b43849cc4607bd85d0828004cd96,4909,Generic Parts / Service - Ecobee 3 Thermostat,material,1.0,330.0,330.0
invoice_f2dbbca83fd04066af8f7bea3512da0c,job_7822bc6b7dad45118784240fec9e93e9,4908,Service & Repair Fee - Standard,labor,1.0,102.0,102.0
invoice_f2dbbca83fd04066af8f7bea3512da0c,job_7822bc6b7dad45118784240fec9e93e9,4908,Service Calls - Repairs & Part Installation - Tier 2 Repair - Coil clean in place,labor,1.0,94.0,94.0
invoice_6734f54d81d646a581a1b7f19eb0074a,job_811437f14c5a48d2ace1ccfe1464f7bf,4907,Service & Repair Fee - Standard,labor,1.0,102.0,102.0
invoice_6734f54d81d646a581a1b7f19eb0074a,job_811437f14c5a48d2ace1ccfe1464f7bf,4907,Service Calls - Repairs & Part Installation - Tier 3 Repair - Clear Drain Line,labor,1.0,165.0,165.0
invoice_cb2598ae34bc40b6b7885b0a3ff67ca5,job_c34aa286c8944e5bad99a5c9d2463ad5,4906,Service & Repair Fee - After-Hours,labor,1.0,167.0,167.0
invoice_22cd86d2807f4400b6a66d380674eb0e,job_7934486c325c4166b071a1958463cb89,4905,Attempt to Auger Toilet,labor,1.0,262.25,262.25
invoice_c7706b09daef4688b2df46f290298064,job_0802129ec86244fb9d0aae28ead75430,4904,Laundry - Washer & Dryer - Replace Washer Box Valves,labor,1.0,633.25,633.25
invoice_c7706b09daef4688b2df46f290298064,job_0802129ec86244fb9d0aae28ead75430,4904,Valves - Install New Hose Bibb ( NO ALTERING PIPING / THREADED ONLY ),labor,1.0,218.75,218.75
invoice_c7706b09daef4688b2df46f290298064,job_0802129ec86244fb9d0aae28ead75430,4904,8x8 Access Panel,labor,1.0,217.25,217.25
invoice_c8abb1e1d0e94bd19ff204645f3f79e6,job_011e8067fdc3473497c23a05cbce5628,4903,Service & Repair Fee - Standard,labor,1.0,102.0,102.0
invoice_c8abb1e1d0e94bd19ff204645f3f79e6,job_011e8067fdc3473497c23a05cbce5628,4903,Service Calls - Repairs & Part Installation - Rescue Motor,material,1.0,676.0,676.0
invoice_080a8089024a4273aab3587be435b610,job_b8b4250ddc7449c48339ad408f37cf5f,4902,Service & Repair Fee - Standard,labor,1.0,102.0,102.0
invoice_080a8089024a4273aab3587be435b610,job_b8b4250ddc7449c48339ad408f37cf5f,4902,Service Calls - Repairs & Part Installation - Tier 3 Repair - Clear Drain Line,labor,1.0,165.0,165.0
invoice_96a5d438268348c295e2f8512bee4014,job_5fae815402d5406b8f62d568c7c13a4b,4901,Diagnostic/dispatch fees - Service & Repair Fee - Standard,labor,1.0,92.0,92.0
invoice_96a5d438268348c295e2f8512bee4014,job_5fae815402d5406b8f62d568c7c13a4b,4901,Service Calls - Repairs & Part Installation - Tier 2 Repair - Adjust & Tighten Low Voltage Wirings,labor,1.0,102.0,102.0
invoice_96a5d438268348c295e2f8512bee4014,job_5fae815402d5406b8f62d568c7c13a4b,4901,Service Calls - Repairs & Part Installation - Tier 2 Repair - Replace fuse,labor,1.0,97.0,97.0
invoice_68babbd6392d4e92af1fa3a957683164,job_5628806c7b624a87b5816c0562c5882a,4900,Visit #4,labor,1.0,98.0,98.0
invoice_9b401649699b4a5f9d3bcb4a99b83580,job_3bb11d316e4e4a42a2f3d5b211c7478b,4899,"1/2"" Baxter Valve",labor,1.0,329.75,329.75
invoice_3e6ea8cc93da4141a00686232e110f00,job_e39f5b3e803a41baa2cdffbf29250dfd,4898,Duct Installation Labor,labor,100.0,24.0,2400.0
invoice_3e6ea8cc93da4141a00686232e110f00,job_e39f5b3e803a41baa2cdffbf29250dfd,4898,"MASTER SUITE - Duct Tidewater Hospitality / Repair - Duct Board Replacement - 1.5"" for Non-Insulated and Commercial",labor,8.0,195.0,1560.0
invoice_3e6ea8cc93da4141a00686232e110f00,job_e39f5b3e803a41baa2cdffbf29250dfd,4898,MASTER SUITE - Duct Tidewater Hospitality / Repair - Replace Supply - Flex and Register,labor,6.0,489.0,2934.0
invoice_3e6ea8cc93da4141a00686232e110f00,job_e39f5b3e803a41baa2cdffbf29250dfd,4898,"TOP FLOOR - Duct Tidewater Hospitality / Repair - Duct Board Replacement - 1.5"" for Non-Insulated and Commercial",labor,10.0,189.0,1890.0
invoice_3e6ea8cc93da4141a00686232e110f00,job_e39f5b3e803a41baa2cdffbf29250dfd,4898,TOP FLOOR - Duct Tidewater Hospitality / Repair - Replace Supply - Flex and Boot,labor,8.0,444.0,3552.0
invoice_3e6ea8cc93da4141a00686232e110f00,job_e39f5b3e803a41baa2cdffbf29250dfd,4898,"BOTTOM FLOOR - Duct Tidewater Hospitality / Repair - Duct Board Replacement - 1.5"" for Non-Insulated and Commercial",labor,10.0,198.0,1980.0
invoice_3e6ea8cc93da4141a00686232e110f00,job_e39f5b3e803a41baa2cdffbf29250dfd,4898,BOTTOM FLOOR - Duct Tidewater Hospitality / Repair - Replace Supply - Reconnect Flex and Add Register,labor,15.0,309.0,4635.0
invoice_3e6ea8cc93da4141a00686232e110f00,job_e39f5b3e803a41baa2cdffbf29250dfd,4898,MOTHER IN LAW SUITE - Duct Tidewater Hospitality / Repair - Plenum / Duct Board Replacement - Plenum Only,labor,1.0,534.0,534.0
invoice_3e6ea8cc93da4141a00686232e110f00,job_e39f5b3e803a41baa2cdffbf29250dfd,4898,MOTHER IN LAW SUITE - Return Box & Filter Back Return Grille,labor,1.0,515.0,515.0
invoice_3e6ea8cc93da4141a00686232e110f00,job_e39f5b3e803a41baa2cdffbf29250dfd,4898,MOTHER IN LAW SUITE - Replace Existing Condensate Pump,labor,1.0,360.0,360.0
invoice_3e6ea8cc93da4141a00686232e110f00,job_e39f5b3e803a41baa2cdffbf29250dfd,4898,DOWNSTAIRS - Supply Grilles,labor,9.0,53.0,477.0
invoice_bad88a066d894022bde0c2592c18c493,job_7d1140f323404221bbb6532a09bf5f98,4897,Service & Repair Fee - Standard,labor,1.0,102.0,102.0
invoice_bad88a066d894022bde0c2592c18c493,job_7d1140f323404221bbb6532a09bf5f98,4897,Service Calls - Repairs & Part Installation - Tier 3 Repair - Clear Drain Line,labor,1.0,165.0,165.0
invoice_4ff33e99c43241ac9eb94c6add3ec7bf,job_782cb334258246bda6ab118210050374,4896,Residential Preventative Maintenance,labor,1.0,91.0,91.0
invoice_4ff33e99c43241ac9eb94c6add3ec7bf,job_782cb334258246bda6ab118210050374,4896,Residential Preventative Maintenance,labor,1.0,76.0,76.0
invoice_4ff33e99c43241ac9eb94c6add3ec7bf,job_782cb334258246bda6ab118210050374,4896,Capacitor,material,1.0,233.0,233.0
invoice_5cb05ad0958a4c9cac84c5b05132c6e7,job_782cb334258246bda6ab118210050374,4895,Residential Preventative Maintenance,labor,1.0,91.0,91.0
invoice_5cb05ad0958a4c9cac84c5b05132c6e7,job_782cb334258246bda6ab118210050374,4895,Residential Preventative Maintenance,labor,1.0,76.0,76.0
invoice_461048d9eb954f22be318f1e53e5f39e,job_f7bab5cce2ba4a17ba84dae36b77d7d5,4894,Service & Repair Fee - Standard,labor,1.0,102.0,102.0
invoice_970af540a5ee4b7c8abee50a007cc490,job_d3e3ee9e413e4db689ffa78739050e19,4893,Diagnostic/dispatch fees - Service & Repair Fee - After-Hours,labor,1.0,184.0,184.0
invoice_970af540a5ee4b7c8abee50a007cc490,job_d3e3ee9e413e4db689ffa78739050e19,4893,Service Calls - Repairs & Part Installation - Tier 3 Repair - Clear Drain Line,labor,1.0,165.0,165.0
invoice_f0486eda97e64ebcbe3a9cb5ab8a5b9c,job_25a850dda5404235b4a9c0e6ceced1d2,4892,System Installation,labor,1.0,1410.0,1410.0
invoice_f0486eda97e64ebcbe3a9cb5ab8a5b9c,job_25a850dda5404235b4a9c0e6ceced1d2,4892,Carrier Coastal Heat Pump - 3 Ton Condenser - 18 SEER,material,1.0,9185.0,9185.0
invoice_f0486eda97e64ebcbe3a9cb5ab8a5b9c,job_25a850dda5404235b4a9c0e6ceced1d2,4892,3 Ton Residential Fan Coil Multipoise with InteliSense Technology,material,1.0,3973.5,3973.5
invoice_f0486eda97e64ebcbe3a9cb5ab8a5b9c,job_25a850dda5404235b4a9c0e6ceced1d2,4892,Electric Heater - 8kW 240 Volt-Single Phase with Terminal Block,material,1.0,258.5,258.5
invoice_f0486eda97e64ebcbe3a9cb5ab8a5b9c,job_25a850dda5404235b4a9c0e6ceced1d2,4892,Generic Parts / Service - Ecobee 6 Thermostat,material,1.0,499.25,499.25
invoice_f0486eda97e64ebcbe3a9cb5ab8a5b9c,job_25a850dda5404235b4a9c0e6ceced1d2,4892,Add Ons - Concrete Pad,material,1.0,256.0,256.0
invoice_f0486eda97e64ebcbe3a9cb5ab8a5b9c,job_25a850dda5404235b4a9c0e6ceced1d2,4892,Add Ons - Drain package,material,1.0,280.0,280.0
invoice_c6f30d179620420d9287d0c9d90f57fe,job_c1bd60fb6f064c92939d5d00c7e6d8a4,4891,Service & Repair Fee - Standard,labor,1.0,102.0,102.0
invoice_c6f30d179620420d9287d0c9d90f57fe,job_c1bd60fb6f064c92939d5d00c7e6d8a4,4891,Service Calls - Repairs & Part Installation - Tier 2 Repair - Leak Detection Tidewater Hospitality (Bubbles / Electronic),labor,1.0,96.0,96.0
invoice_51586d5e840e475f844397ee5627fe40,job_dbeb9822e0b44c1b90a10a66c1ef67b4,4890,Diagnostic/dispatch fees - Service & Repair Fee - After-Hours,labor,1.0,184.0,184.0
invoice_51586d5e840e475f844397ee5627fe40,job_dbeb9822e0b44c1b90a10a66c1ef67b4,4890,Service Calls - Repairs & Part Installation - Tier 3 Repair - Clear Drain Line & Wired Float Switch in Circuit,labor,1.0,184.0,184.0
invoice_d3a71ea146e54a58801851cbc2a030e1,job_11fd42fd376c4923b509efbce560a72d,4889,Residential Preventative Maintenance,labor,1.0,267.0,267.0
invoice_cfefd5acddb04deb86432e805116b5fe,job_0c69e3a7715b41b788c554aeb81d8673,4888,Diagnostic/dispatch fees - Tidewater Hospitality Service & Repair Fee - Standard,labor,1.0,52.0,52.0
invoice_cfefd5acddb04deb86432e805116b5fe,job_0c69e3a7715b41b788c554aeb81d8673,4888,Service Calls - Repairs & Part Installation - Tier 2 Repair - Coil clean in place,labor,1.0,94.0,94.0
invoice_cfefd5acddb04deb86432e805116b5fe,job_0c69e3a7715b41b788c554aeb81d8673,4888,Service Calls - Repairs & Part Installation - Tier 2 Repair - Reconfigure Thermostat,labor,1.0,96.0,96.0
invoice_74528a8a7f594346900c5519de81d5d2,job_83abae249d584b8aa1fee0cf86691755,4887,Service & Repair Fee - Standard,labor,1.0,102.0,102.0
invoice_74528a8a7f594346900c5519de81d5d2,job_83abae249d584b8aa1fee0cf86691755,4887,R410a refrigerant,material,1.0,125.0,125.0
invoice_9e441a1f098b4dae952f04533d4906f5,job_83abae249d584b8aa1fee0cf86691755,4886,Service & Repair Fee - Standard,labor,1.0,102.0,102.0
invoice_9e441a1f098b4dae952f04533d4906f5,job_83abae249d584b8aa1fee0cf86691755,4886,R410a refrigerant,material,1.0,125.0,125.0
invoice_1a3e4e32106d433997a5368ff1d04f14,job_83abae249d584b8aa1fee0cf86691755,4885,Service & Repair Fee - Standard,labor,1.0,102.0,102.0
invoice_1a3e4e32106d433997a5368ff1d04f14,job_83abae249d584b8aa1fee0cf86691755,4885,R410a refrigerant,material,1.0,125.0,125.0
invoice_ad2d9875e85a4517a45b818d11891487,job_0dd166c3f9c74f448859bab31496b69d,4884,Diagnostic/dispatch fees - Service & Repair Fee - Standard,labor,1.0,92.0,92.0
invoice_ad2d9875e85a4517a45b818d11891487,job_0dd166c3f9c74f448859bab31496b69d,4884,Service Calls - Repairs & Part Installation - Tier 3 Repair - Schrader Valve and Transformer Adjustment,labor,1.0,106.0,106.0
invoice_eb677d716baa4e37b203647bf4d30adf,job_65bf2e4b705044f99f03b7a586aed1c8,4883,Diagnostic/dispatch fees - Service & Repair Fee - Standard,labor,1.0,92.0,92.0
invoice_eb677d716baa4e37b203647bf4d30adf,job_65bf2e4b705044f99f03b7a586aed1c8,4883,Service Calls - Repairs & Part Installation - Tier 3 Repair - Capacitor Replacement,labor,1.0,165.0,165.0
invoice_d8f3f5be170541848a897dc7675bf746,job_577d00c0095144d6b82d32e69ee034f5,4881,Diagnostic/dispatch fees - Service & Repair Fee - After-Hours,labor,1.0,184.0,184.0
invoice_46696f6b3b2247b985786a8aa103beaa,job_5601114466bb4388805cb7aab28496ea,4880,MISC Labor - Re-Insulate Lines with Armoflex,labor,2.0,71.0,142.0
invoice_8c433d444de446cfb9541457c5e77fee,job_652d4b4c3c2d4a1ca19634fd930c5b2d,4879,Diagnostic/dispatch fees - Service & Repair Fee - Standard,labor,1.0,92.0,92.0
invoice_8c433d444de446cfb9541457c5e77fee,job_652d4b4c3c2d4a1ca19634fd930c5b2d,4879,Service Calls - Repairs & Part Installation - Tier 2 Repair - Reconfigure Thermostat,labor,1.0,96.0,96.0
invoice_fa65581c6b344a65ae304fe61c8b66e2,job_4cf030b947f4409aaf11ed81cde5259e,4878,Diagnostic/dispatch fees - Service & Repair Fee - Standard,labor,1.0,92.0,92.0
invoice_fa65581c6b344a65ae304fe61c8b66e2,job_4cf030b947f4409aaf11ed81cde5259e,4878,Service Calls - Repairs & Part Installation - Tier 2 Repair - Leak Detection Tidewater Hospitality (Bubbles / Electronic),labor,1.0,96.0,96.0
invoice_fa65581c6b344a65ae304fe61c8b66e2,job_4cf030b947f4409aaf11ed81cde5259e,4878,New System Installation - System Installation,labor,1.0,1584.0,1584.0
invoice_fa65581c6b344a65ae304fe61c8b66e2,job_4cf030b947f4409aaf11ed81cde5259e,4878,Service Calls - Repairs & Part Installation - Service Calls - Repairs & Part Installation - **Tier 3 Repair - Thermostat Installation,labor,1.0,145.0,145.0
invoice_fa65581c6b344a65ae304fe61c8b66e2,job_4cf030b947f4409aaf11ed81cde5259e,4878,Generic Parts / Service - R410a refrigerant,material,2.0,132.0,264.0
invoice_fa65581c6b344a65ae304fe61c8b66e2,job_4cf030b947f4409aaf11ed81cde5259e,4878,3 Ton - SUPERIOR - PRIORITY 17 - Trane 3 Ton 17 Seer2 (18 SEER) Heat Pump System (Inv Multi-Speed 24 V),material,1.0,14363.0,14363.0
invoice_fa65581c6b344a65ae304fe61c8b66e2,job_4cf030b947f4409aaf11ed81cde5259e,4878,Generic Parts / Service - Ecobee 3 Thermostat,material,1.0,330.0,330.0
invoice_fa65581c6b344a65ae304fe61c8b66e2,job_4cf030b947f4409aaf11ed81cde5259e,4878,Add Ons - Concrete Pad,material,1.0,256.0,256.0
invoice_fa65581c6b344a65ae304fe61c8b66e2,job_4cf030b947f4409aaf11ed81cde5259e,4878,Add Ons - Drain package,material,1.0,280.0,280.0
invoice_fa65581c6b344a65ae304fe61c8b66e2,job_4cf030b947f4409aaf11ed81cde5259e,4878,Generic Parts / Service - Reme Halo Zero,material,1.0,618.0,618.0
invoice_fa65581c6b344a65ae304fe61c8b66e2,job_4cf030b947f4409aaf11ed81cde5259e,4878,Add Ons - Blu QR UV Stick Horton,material,1.0,97.0,97.0
invoice_5ddbc233a2fa485da0c1b429d3b6f11c,job_4f66b8ccb37b4333b03a6a1c93a334f6,4877,Diagnostic/dispatch fees - Service & Repair Fee - Standard,labor,1.0,92.0,92.0
invoice_92ef6e071d8645f68b2520f808642817,job_2fe03ab1c5564f42b9419bc48fdda843,4876,Diagnostic/dispatch fees - Service & Repair Fee - Standard,labor,1.0,92.0,92.0
invoice_92ef6e071d8645f68b2520f808642817,job_2fe03ab1c5564f42b9419bc48fdda843,4876,Service Calls - Repairs & Part Installation - Tier 2 Repair - Leak Detection Tidewater Hospitality (Bubbles / Electronic),labor,1.0,96.0,96.0
invoice_92ef6e071d8645f68b2520f808642817,job_2fe03ab1c5564f42b9419bc48fdda843,4876,Service Calls - Repairs & Part Installation - Tier 7 Repair,labor,1.0,1212.0,1212.0
invoice_92ef6e071d8645f68b2520f808642817,job_2fe03ab1c5564f42b9419bc48fdda843,4876,Service Calls - Repairs & Part Installation - Tier 7 Repair,labor,1.0,946.0,946.0
invoice_92ef6e071d8645f68b2520f808642817,job_2fe03ab1c5564f42b9419bc48fdda843,4876,Generic Parts / Service - Filter dryer,material,1.0,103.0,103.0
invoice_92ef6e071d8645f68b2520f808642817,job_2fe03ab1c5564f42b9419bc48fdda843,4876,WARRANTY Parts / Service - WARRANTY - Evaporator Coil & TXV,material,1.0,0.0,0.0
invoice_92ef6e071d8645f68b2520f808642817,job_2fe03ab1c5564f42b9419bc48fdda843,4876,Generic Parts / Service - R410a refrigerant,material,5.0,132.0,660.0
invoice_92ef6e071d8645f68b2520f808642817,job_2fe03ab1c5564f42b9419bc48fdda843,4876,Generic Parts / Service - R410a refrigerant,material,3.0,132.0,396.0
invoice_92ef6e071d8645f68b2520f808642817,job_2fe03ab1c5564f42b9419bc48fdda843,4876,WARRANTY Parts / Service - WARRANTY - Compressor,material,1.0,0.0,0.0
invoice_394b1aa0cb9d47a08ca4939319331009,job_824cf98a795c444ca2dad91934cd9240,4875,Diagnostic/dispatch fees - Service & Repair Fee - Standard,labor,1.0,92.0,92.0
invoice_394b1aa0cb9d47a08ca4939319331009,job_824cf98a795c444ca2dad91934cd9240,4875,Service Calls - Repairs & Part Installation - Tier 3 Repair - Clear Drain Line,labor,1.0,165.0,165.0
invoice_f1ccf17991ab42a9a8f95d54cb2ebb74,job_2fb153ebc5974ee5875ce4e6b1a1a11e,4874,Service & Repair Fee - After-Hours,labor,1.0,167.0,167.0
invoice_f1ccf17991ab42a9a8f95d54cb2ebb74,job_2fb153ebc5974ee5875ce4e6b1a1a11e,4874,Service Calls - Repairs & Part Installation - Tier 3 Repair - Clear Drain Line,labor,1.0,165.0,165.0
invoice_9d6bb32e3e9a4a86b46c39c8c8ef8e48,job_899b1891761341c2a2fc464cac25541e,4873,Diagnostic/dispatch fees - Service & Repair Fee - Standard,labor,1.0,92.0,92.0
invoice_9d6bb32e3e9a4a86b46c39c8c8ef8e48,job_899b1891761341c2a2fc464cac25541e,4873,System Installation,labor,1.0,1410.0,1410.0
invoice_9d6bb32e3e9a4a86b46c39c8c8ef8e48,job_899b1891761341c2a2fc464cac25541e,4873,Carrier Coastal Heat Pump - 4 Ton Condenser - 15 SEER,material,1.0,8222.75,8222.75
invoice_9d6bb32e3e9a4a86b46c39c8c8ef8e48,job_899b1891761341c2a2fc464cac25541e,4873,"Comfort Series Fan Coil Multipoise, ECM Motor for Puron Advance - 4 Ton",material,1.0,3589.5,3589.5
invoice_9d6bb32e3e9a4a86b46c39c8c8ef8e48,job_899b1891761341c2a2fc464cac25541e,4873,10 KW Heat Kit,material,1.0,394.5,394.5
invoice_9d6bb32e3e9a4a86b46c39c8c8ef8e48,job_899b1891761341c2a2fc464cac25541e,4873,Honeywell FocusPro N100,material,1.0,194.0,194.0
invoice_9d6bb32e3e9a4a86b46c39c8c8ef8e48,job_899b1891761341c2a2fc464cac25541e,4873,Add Ons - Attic Install,material,1.0,515.0,515.0
invoice_9d6bb32e3e9a4a86b46c39c8c8ef8e48,job_899b1891761341c2a2fc464cac25541e,4873,Add Ons - Drain package,material,1.0,280.0,280.0
invoice_f55b4daaf3cb435fba25db5d920ff511,job_b871f5bb54a84e229220e9018106881a,4872,Service & Repair Fee - Commercial,labor,1.0,170.0,170.0
invoice_e349a6f3480b494fbe0762407c4926ae,job_c208fc99018748f3a18b6a11d9b455dc,4871,Service & Repair Fee - After-Hours,labor,1.0,167.0,167.0
invoice_1ef46189cebd49b4b0e1141fb6d79124,job_2e982946a02b434db0fe9dfb201809e2,4870,Tankless Flush,labor,1.0,222.5,222.5
invoice_b5a34c794ab14173ac966383a46bf9ee,job_f9090b8d109248279d14fcdf8e356e09,4869,Diagnostic/dispatch fees - Service & Repair Fee - Standard,labor,1.0,92.0,92.0
invoice_b5a34c794ab14173ac966383a46bf9ee,job_f9090b8d109248279d14fcdf8e356e09,4869,Service Calls - Repairs & Part Installation - Tier 3 Repair - Clear Drain Line,labor,1.0,165.0,165.0
invoice_bbb766cfeebe4c8fbbfcf3e7aae176bf,job_12b05659f6d14ccca5a7993ad8ecf450,4868,Service & Repair Fee - After-Hours,labor,1.0,167.0,167.0
invoice_bbb766cfeebe4c8fbbfcf3e7aae176bf,job_12b05659f6d14ccca5a7993ad8ecf450,4868,Service Calls - Repairs & Part Installation - Tier 3 Repair - Capacitor Replacement,labor,1.0,165.0,165.0
invoice_9f4dd48bd5dc49b486f5b3ddad948334,job_66b8090fbb5f455d95e7651d5ca7a105,4867,Diagnostic/dispatch fees - Service & Repair Fee - After-Hours,labor,1.0,184.0,184.0
invoice_9f4dd48bd5dc49b486f5b3ddad948334,job_66b8090fbb5f455d95e7651d5ca7a105,4867,Service Calls - Repairs & Part Installation - Tier 3 Repair - Clear Drain Line,labor,1.0,165.0,165.0
invoice_8cec195329034ca497d9c3d0f7bbb3c1,job_bc36a334ce594f179e89bc104e50bdca,4866,Diagnostic/dispatch fees - Service & Repair Fee - Standard,labor,1.0,92.0,92.0
invoice_8cec195329034ca497d9c3d0f7bbb3c1,job_bc36a334ce594f179e89bc104e50bdca,4866,Service Calls - Repairs & Part Installation - Tier 3 Repair - Clear Drain Line,labor,1.0,165.0,165.0
invoice_8cec195329034ca497d9c3d0f7bbb3c1,job_bc36a334ce594f179e89bc104e50bdca,4866,Service Calls - Repairs & Part Installation - Tier 3 Repair - Capacitor Replacement,labor,1.0,165.0,165.0
invoice_ea09bd02387a467a863b4e541df30622,job_c4fad4835a94437ca55a0d1ce8590a93,4865,Visit #1,labor,1.0,239.0,239.0
invoice_4702e5f3e6b24114bfb1a3ec0567a019,job_48f6b1e1e8854dc8ae14cfb9835f6841,4864,Diagnostic/dispatch fees - Service & Repair Fee - After-Hours,labor,1.0,184.0,184.0
invoice_df848a4f59fb4f958369f843465ea554,job_e689160a9f334ba988762819aa3b9eef,4863,Diagnostic/dispatch fees - Service & Repair Fee - After-Hours,labor,1.0,184.0,184.0
invoice_df848a4f59fb4f958369f843465ea554,job_e689160a9f334ba988762819aa3b9eef,4863,Service Calls - Repairs & Part Installation - Tier 3 Repair - Clear Drain Line,labor,1.0,165.0,165.0
invoice_9d9767639da745c1bc5a26c28307d09c,job_9586229473e34ba78ae5c5ca25736477,4862,Diagnostic/dispatch fees - Service & Repair Fee - Standard,labor,1.0,92.0,92.0
invoice_9d9767639da745c1bc5a26c28307d09c,job_9586229473e34ba78ae5c5ca25736477,4862,Service Calls - Repairs & Part Installation - **Tier 2 Repair - Coil clean in place,labor,1.0,104.0,104.0
invoice_dee9031030de49b69b996b3409c9fda5,job_fb4c10d7aaaa4479bd6421cfd99a1586,4861,Diagnostic/dispatch fees - Service and Repair Call - Osprey Pointe,labor,1.0,256.0,256.0
invoice_dee9031030de49b69b996b3409c9fda5,job_fb4c10d7aaaa4479bd6421cfd99a1586,4861,New System Installation - System Installation,labor,1.0,1584.0,1584.0
invoice_dee9031030de49b69b996b3409c9fda5,job_fb4c10d7aaaa4479bd6421cfd99a1586,4861,Service Calls - Repairs & Part Installation - Tier 2 Repair - Coil clean in place,labor,1.0,94.0,94.0
invoice_dee9031030de49b69b996b3409c9fda5,job_fb4c10d7aaaa4479bd6421cfd99a1586,4861,2.5 Ton Through the wall condenser,material,1.0,5150.0,5150.0
invoice_dee9031030de49b69b996b3409c9fda5,job_fb4c10d7aaaa4479bd6421cfd99a1586,4861,2.5 Ton Goodman Front Return,material,1.0,1875.0,1875.0
invoice_497802dff54741e182f73f278a94f764,job_69675bb0fa7a4577bd95b39bf02ca091,4860,Service & Repair Fee - Standard,labor,1.0,102.0,102.0
invoice_497802dff54741e182f73f278a94f764,job_69675bb0fa7a4577bd95b39bf02ca091,4860,Service Calls - Repairs & Part Installation - Tier 5 Repair - Condenser Motor Installation Labor Only,labor,1.0,386.0,386.0
invoice_497802dff54741e182f73f278a94f764,job_69675bb0fa7a4577bd95b39bf02ca091,4860,Unit Specific Parts - Condenser Fan Motor,material,1.0,0.0,0.0
invoice_d2e7d9761d64453eb57bf024b17ff009,job_144e5b937f9f47e197949eb903c3009c,4859,Diagnostic/dispatch fees - Service & Repair Fee - After-Hours,labor,1.0,184.0,184.0
invoice_d2e7d9761d64453eb57bf024b17ff009,job_144e5b937f9f47e197949eb903c3009c,4859,Service Calls - Repairs & Part Installation - Tier 3 Repair - Capacitor Replacement,labor,1.0,165.0,165.0
invoice_beed2a63a49e4a4b968fcf952251c29a,job_a7a85520f08c49eea8b3260e817bd518,4858,Diagnostic/dispatch fees - Service & Repair Fee - After-Hours,labor,1.0,184.0,184.0
invoice_beed2a63a49e4a4b968fcf952251c29a,job_a7a85520f08c49eea8b3260e817bd518,4858,Service Calls - Repairs & Part Installation - Tier 3 Repair - Capacitor Replacement,labor,1.0,165.0,165.0
invoice_0dc5acc697054b958db456f27b0371b3,job_1308b9cea9d748069e8b01efc94b340e,4857,Diagnostic/dispatch fees - Service & Repair Fee - After-Hours,labor,1.0,184.0,184.0
invoice_0dc5acc697054b958db456f27b0371b3,job_1308b9cea9d748069e8b01efc94b340e,4857,Generic Parts / Service - Honeywell FocusPro N100,material,1.0,194.0,194.0
invoice_fe03c0f845114715b712465ccddbf312,job_30866b13209e4614a05cbbc904861772,4856,Service & Repair Fee - Standard,labor,1.0,102.0,102.0
invoice_fe03c0f845114715b712465ccddbf312,job_30866b13209e4614a05cbbc904861772,4856,Service Calls - Repairs & Part Installation - Tier 3 Repair - Clear Drain Line,labor,1.0,165.0,165.0
invoice_5a363db97c7e456b88637b0d0deb4007,job_91fb49d1014a464c9b40b0fc691f6c73,4855,Diagnostic/dispatch fees - Service & Repair Fee - After-Hours,labor,1.0,184.0,184.0
invoice_5a363db97c7e456b88637b0d0deb4007,job_91fb49d1014a464c9b40b0fc691f6c73,4855,Service Calls - Repairs & Part Installation - Tier 3 Repair - Clear Drain Line,labor,1.0,165.0,165.0
invoice_c505cae53d734701bf2c1d149c814e26,job_48d74267a42e40309d67b53727577770,4854,Diagnostic/dispatch fees - Service & Repair Fee - After-Hours,labor,1.0,184.0,184.0
invoice_c505cae53d734701bf2c1d149c814e26,job_48d74267a42e40309d67b53727577770,4854,Service Calls - Repairs & Part Installation - Tier 3 Repair - Clear Drain Line,labor,1.0,165.0,165.0
invoice_99285858170d486ebaaee24473512cc1,job_106b8b2d1b0847beac105f0973e1521f,4853,Diagnostic/dispatch fees - Service & Repair Fee - After-Hours,labor,1.0,184.0,184.0
invoice_99285858170d486ebaaee24473512cc1,job_106b8b2d1b0847beac105f0973e1521f,4853,Service Calls - Repairs & Part Installation - Tier 3 Repair - Capacitor Replacement,labor,1.0,165.0,165.0
invoice_1993574dee424822b9de7b403cd08545,job_da871da56b0d4953ace8a8104d9ad797,4851,Diagnostic/dispatch fees - Service & Repair Fee - Commercial ($175),labor,1.0,170.0,170.0
invoice_1993574dee424822b9de7b403cd08545,job_da871da56b0d4953ace8a8104d9ad797,4851,Service Calls - Repairs & Part Installation - Tier 6 Repair - Low Pressure Switch Repair + Filter Drier ($600),labor,1.0,576.0,576.0
invoice_1993574dee424822b9de7b403cd08545,job_da871da56b0d4953ace8a8104d9ad797,4851,Generic Parts / Service - R410a refrigerant ($386.25),material,3.0,124.75,374.25
invoice_1993574dee424822b9de7b403cd08545,job_da871da56b0d4953ace8a8104d9ad797,4851,Generic Parts / Service - Filter dryer ($100),material,1.0,106.0,106.0
invoice_1993574dee424822b9de7b403cd08545,job_da871da56b0d4953ace8a8104d9ad797,4851,Unit Specific Parts - Low Pressure Switch ($225),material,1.0,218.0,218.0
invoice_9c8b93a508c3419191d7749776242d2e,job_899b1891761341c2a2fc464cac25541e,4850,Diagnostic/dispatch fees - Service & Repair Fee - Standard,labor,1.0,92.0,92.0
invoice_9c8b93a508c3419191d7749776242d2e,job_899b1891761341c2a2fc464cac25541e,4850,System Installation,labor,1.0,1410.0,1410.0
invoice_9c8b93a508c3419191d7749776242d2e,job_899b1891761341c2a2fc464cac25541e,4850,Carrier Coastal Heat Pump - 4 Ton Condenser - 15 SEER,material,1.0,8222.75,8222.75
invoice_9c8b93a508c3419191d7749776242d2e,job_899b1891761341c2a2fc464cac25541e,4850,"Comfort Series Fan Coil Multipoise, ECM Motor for Puron Advance - 4 Ton",material,1.0,3589.5,3589.5
invoice_9c8b93a508c3419191d7749776242d2e,job_899b1891761341c2a2fc464cac25541e,4850,10 KW Heat Kit,material,1.0,394.5,394.5
invoice_9c8b93a508c3419191d7749776242d2e,job_899b1891761341c2a2fc464cac25541e,4850,Honeywell FocusPro N100,material,1.0,194.0,194.0
invoice_9c8b93a508c3419191d7749776242d2e,job_899b1891761341c2a2fc464cac25541e,4850,Add Ons - Attic Install,material,1.0,515.0,515.0
invoice_9c8b93a508c3419191d7749776242d2e,job_899b1891761341c2a2fc464cac25541e,4850,Add Ons - Trim Removal,material,1.0,208.0,208.0
invoice_9c8b93a508c3419191d7749776242d2e,job_899b1891761341c2a2fc464cac25541e,4850,Add Ons - Drain package,material,1.0,280.0,280.0
invoice_4fce9945cc754ad09694292ab303d6fa,job_267b0173f8844202b8ccdc8406b3073f,4849,Diagnostic/dispatch fees - Service & Repair Fee - After-Hours,labor,1.0,184.0,184.0
invoice_4fce9945cc754ad09694292ab303d6fa,job_267b0173f8844202b8ccdc8406b3073f,4849,Service Calls - Repairs & Part Installation - Tier 3 Repair - Capacitor Replacement,labor,1.0,165.0,165.0
invoice_e6b7a9355a834e63a0cf4c1a3230017d,job_26689b41d3844ef8ad0411acfc202bd9,4848,Diagnostic/dispatch fees - Service & Repair Fee - Standard,labor,1.0,92.0,92.0
invoice_386c0f9d413647169e69e12a3f0ad7ed,job_8f0873a2339742d88cf19e2ee484fe46,4847,Service & Repair Fee - Standard,labor,1.0,102.0,102.0
invoice_dd0e2ad5a4674137a2b68ce94317bab6,job_b772bea09bc34381969c19ea84cbba57,4846,Diagnostic/dispatch fees - Service & Repair Fee - After-Hours,labor,1.0,184.0,184.0
invoice_dd0e2ad5a4674137a2b68ce94317bab6,job_b772bea09bc34381969c19ea84cbba57,4846,Service Calls - Repairs & Part Installation - Tier 3 Repair - Capacitor Replacement,labor,1.0,165.0,165.0
invoice_1a756a680cf549e182e82b00af85a64e,job_23db8c5644f3415d9b60a23f1b1e5025,4845,Service Calls - Service and Repair Call - Osprey Pointe,labor,1.0,258.0,258.0
invoice_1a756a680cf549e182e82b00af85a64e,job_23db8c5644f3415d9b60a23f1b1e5025,4845,Service Calls - Repairs & Part Installation - Tier 1 Repair - Re-Adjust Commercial RTU Belt,labor,1.0,73.0,73.0
invoice_5a165e6355b44a53ac953528f5b342ff,job_9d35209acc2142729f8c559bce1f35eb,4844,Diagnostic/dispatch fees - Service & Repair Fee - Standard,labor,1.0,92.0,92.0
invoice_5a165e6355b44a53ac953528f5b342ff,job_9d35209acc2142729f8c559bce1f35eb,4844,Service Calls - Repairs & Part Installation - Tier 1 Repair - Bypassed Defrost Board,labor,1.0,53.0,53.0
invoice_ae37f4cec7d146d1b655735e235e38e0,job_ed3f3c13dabf40ddbaa232552bff0f59,4843,Service & Repair Fee - After-Hours,labor,1.0,167.0,167.0
invoice_21f0d87f4c5a46778c2b8dd366534c25,job_177f54d143bd4f7487321f243670fc38,4842,Service & Repair Fee - Standard,labor,1.0,102.0,102.0
invoice_21f0d87f4c5a46778c2b8dd366534c25,job_177f54d143bd4f7487321f243670fc38,4842,Service Calls - Repairs & Part Installation - Service,labor,1.0,928.75,928.75
invoice_21f0d87f4c5a46778c2b8dd366534c25,job_177f54d143bd4f7487321f243670fc38,4842,Generic Parts / Service - Filter dryer,material,1.0,103.0,103.0
invoice_21f0d87f4c5a46778c2b8dd366534c25,job_177f54d143bd4f7487321f243670fc38,4842,Generic Parts / Service - R410a refrigerant,material,5.0,132.0,660.0
invoice_21f0d87f4c5a46778c2b8dd366534c25,job_177f54d143bd4f7487321f243670fc38,4842,WARRANTY Parts / Service - WARRANTY - Evaporator Coil,material,1.0,0.0,0.0
invoice_0eafa086461848018c3cc4a74af4fab9,job_babdd69fe3e94818b1c90f56bd40b4f1,4841,Service & Repair Fee - Standard,labor,1.0,102.0,102.0
invoice_0eafa086461848018c3cc4a74af4fab9,job_babdd69fe3e94818b1c90f56bd40b4f1,4841,Service Calls - Repairs & Part Installation - **Tier 3 Repair - Clear Drain Line,labor,1.0,186.0,186.0
invoice_0eafa086461848018c3cc4a74af4fab9,job_babdd69fe3e94818b1c90f56bd40b4f1,4841,MISC Labor - Redo 4-Piece Supply,labor,1.0,283.0,283.0
invoice_f273e219b2f64978b2911462b4202733,job_8a3afab1cf2441b7bf93439cd1357a1b,4840,Service & Repair Fee - Standard,labor,1.0,102.0,102.0
invoice_d7c9e6ea0a1046b89d3c445b8307664c,job_8734a1f7d97645c895a6c66e84b59821,4839,New System Installation - System Installation,labor,1.0,1584.0,1584.0
invoice_d7c9e6ea0a1046b89d3c445b8307664c,job_8734a1f7d97645c895a6c66e84b59821,4839,3 Ton - PREMIUM - PREMIER 18 - Trane 3 Ton (19 SEER) Heat Pump System (Inv 75 Speed - Communicating),material,1.0,15388.0,15388.0
invoice_d7c9e6ea0a1046b89d3c445b8307664c,job_8734a1f7d97645c895a6c66e84b59821,4839,Add Ons - Attic Install,material,1.0,515.0,515.0
invoice_d7c9e6ea0a1046b89d3c445b8307664c,job_8734a1f7d97645c895a6c66e84b59821,4839,Add Ons - Concrete Pad,material,1.0,256.0,256.0
invoice_d7c9e6ea0a1046b89d3c445b8307664c,job_8734a1f7d97645c895a6c66e84b59821,4839,Add Ons - Drain package,material,1.0,277.75,277.75
invoice_d7c9e6ea0a1046b89d3c445b8307664c,job_8734a1f7d97645c895a6c66e84b59821,4839,Misc Materials for Flu Pipe Extension and Adapters,material,1.0,194.0,194.0
invoice_d7c9e6ea0a1046b89d3c445b8307664c,job_8734a1f7d97645c895a6c66e84b59821,4839,Duct Tidewater Hospitality / Repair - Plenum / Duct Board Replacement - Plenum Only,material,1.0,0.0,0.0
invoice_d7c9e6ea0a1046b89d3c445b8307664c,job_8734a1f7d97645c895a6c66e84b59821,4839,Generic Parts / Service - Reme Halo Zero,material,1.0,969.0,969.0
invoice_d7c9e6ea0a1046b89d3c445b8307664c,job_8734a1f7d97645c895a6c66e84b59821,4839,Add Ons - Blu QR UV Stick Horton,material,1.0,212.0,212.0
invoice_d7c9e6ea0a1046b89d3c445b8307664c,job_8734a1f7d97645c895a6c66e84b59821,4839,Generic Parts / Service - Bio-Fresh Duct Cleaning,material,1.0,0.0,0.0
invoice_ad46909881c84fa68dc7e2669ce80663,job_0df3bce61ebd4f8f8166a92edbd0393a,4838,Visit #1,labor,1.0,88.0,88.0
invoice_9b0f06dacb3149f6abe374ea843cabd2,job_214f0e0ca5824c86ad9800a986444924,4837,Service and Repair Call - Osprey Pointe,labor,1.0,269.0,269.0
invoice_9b0f06dacb3149f6abe374ea843cabd2,job_214f0e0ca5824c86ad9800a986444924,4837,Service Calls - Repairs & Part Installation - Tier 4 Repair,labor,1.0,232.0,232.0
invoice_9b0f06dacb3149f6abe374ea843cabd2,job_214f0e0ca5824c86ad9800a986444924,4837,Solenoid,material,1.0,83.0,83.0
invoice_9b0f06dacb3149f6abe374ea843cabd2,job_214f0e0ca5824c86ad9800a986444924,4837,Generic Parts / Service - Filter dryer,material,1.0,103.0,103.0
invoice_9b0f06dacb3149f6abe374ea843cabd2,job_214f0e0ca5824c86ad9800a986444924,4837,Generic Parts / Service - R410a refrigerant,material,1.0,132.0,132.0
invoice_70b60608f6fc47fbb00f28ab829a79fd,job_d0b006e4f9fd4db199beb7921909b854,4836,Service & Repair Fee - Standard,labor,1.0,102.0,102.0
invoice_70b60608f6fc47fbb00f28ab829a79fd,job_d0b006e4f9fd4db199beb7921909b854,4836,Service Calls - Repairs & Part Installation - Tier 6 Repair - TXV Repair + Filter Drier,labor,1.0,636.0,636.0
invoice_70b60608f6fc47fbb00f28ab829a79fd,job_d0b006e4f9fd4db199beb7921909b854,4836,Service Calls - Repairs & Part Installation - Tier 3 Repair - Clear Drain Line,material,1.0,165.0,165.0
invoice_70b60608f6fc47fbb00f28ab829a79fd,job_d0b006e4f9fd4db199beb7921909b854,4836,Generic Parts / Service - Filter dryer,material,1.0,103.0,103.0
invoice_70b60608f6fc47fbb00f28ab829a79fd,job_d0b006e4f9fd4db199beb7921909b854,4836,Generic Parts / Service - R410a refrigerant,material,1.0,132.0,132.0
invoice_70b60608f6fc47fbb00f28ab829a79fd,job_d0b006e4f9fd4db199beb7921909b854,4836,Unit Specific Parts - TXV,material,1.0,0.0,0.0
invoice_81c477a8c2e34f4ab78700fdc524b440,job_9daae296b8084c2ea0a42ab71c041206,4835,2 System Preventative Maintenance - Residential Preventative Maintenance,labor,1.0,188.0,188.0
invoice_81c477a8c2e34f4ab78700fdc524b440,job_9daae296b8084c2ea0a42ab71c041206,4835,Service Calls - Repairs & Part Installation - Service Calls - Repairs & Part Installation - **Tier 3 Repair - Thermostat Installation,labor,2.0,145.0,290.0
invoice_d2ace30f98b1422cb4b0934cd11c580a,job_335d05f47fe448289f42edd26b634a70,4834,Service Calls - Repairs & Part Installation - Tier 5 Repair - Condensate Pump Installation (New) Labor Only,labor,1.0,349.0,349.0
invoice_d2ace30f98b1422cb4b0934cd11c580a,job_335d05f47fe448289f42edd26b634a70,4834,Generic Parts / Service - Condensate pump,material,1.0,153.0,153.0
invoice_d45e65010dfe40dcbe5e4bcb659d7895,job_4bca2020085c40aba9d838cf7c7aaef6,4833,Diagnostic/dispatch fees - Starfish Hospitality Service & Repair Fee - Standard,labor,1.0,77.0,77.0
invoice_d45e65010dfe40dcbe5e4bcb659d7895,job_4bca2020085c40aba9d838cf7c7aaef6,4833,Service Calls - Repairs & Part Installation - Tier 3 Repair - Clear Drain Line,labor,1.0,165.0,165.0
invoice_100a04bff30445b8adbbe20e7897dd28,job_04050244821a45f1a2c3de18b9fa0514,4832,Visit #1,labor,1.0,0.0,0.0
invoice_100a04bff30445b8adbbe20e7897dd28,job_04050244821a45f1a2c3de18b9fa0514,4832,Generic Parts / Service - Filters,material,1.0,43.0,43.0
invoice_1cfff8e407d044bc9878d58006ddb348,job_0ccaccda5b244be5b53e7b47f98a82d5,4831,Service and Repair Call - Osprey Pointe,labor,1.0,269.0,269.0
invoice_1cfff8e407d044bc9878d58006ddb348,job_0ccaccda5b244be5b53e7b47f98a82d5,4831,LABOR- Installing  Dampers,labor,1.0,259.0,259.0
invoice_1cfff8e407d044bc9878d58006ddb348,job_0ccaccda5b244be5b53e7b47f98a82d5,4831,Generic Parts / Service - Dampers,material,1.0,557.0,557.0
invoice_73025bd2b8784d869f302a690b51b9cf,job_600b14a638df4db2a1793283bb38ab75,4830,Service & Repair Fee - Standard,labor,1.0,102.0,102.0
invoice_73025bd2b8784d869f302a690b51b9cf,job_600b14a638df4db2a1793283bb38ab75,4830,Service Calls - Repairs & Part Installation - Tier 3 Repair - Capacitor Replacement,labor,1.0,165.0,165.0
invoice_68705f2770934a12a34d19a9f37f6d27,job_1bcccb63ea3b4351b641ade7abc25349,4829,Service & Repair Fee - Standard,labor,1.0,102.0,102.0
invoice_68705f2770934a12a34d19a9f37f6d27,job_1bcccb63ea3b4351b641ade7abc25349,4829,Service Calls - Repairs & Part Installation - Tier 3 Repair - Capacitor Replacement,labor,1.0,165.0,165.0
invoice_68705f2770934a12a34d19a9f37f6d27,job_1bcccb63ea3b4351b641ade7abc25349,4829,Service Calls - Repairs & Part Installation - Tier 2 Repair - Reconfigure Thermostat,labor,1.0,48.0,48.0
invoice_2b476f0f72104da8a8b7b44b22d34e81,job_86f349d33733438ca5877d48e94c885e,4828,Service Calls - Service & Repair Fee - Standard,labor,1.0,96.0,96.0
invoice_2b476f0f72104da8a8b7b44b22d34e81,job_86f349d33733438ca5877d48e94c885e,4828,Service Calls - Repairs & Part Installation - **Tier 3 Repair - Clear Drain Line,labor,1.0,186.0,186.0
invoice_2b476f0f72104da8a8b7b44b22d34e81,job_86f349d33733438ca5877d48e94c885e,4828,System Installation,labor,1.0,1639.0,1639.0
invoice_2b476f0f72104da8a8b7b44b22d34e81,job_86f349d33733438ca5877d48e94c885e,4828,Carrier Coastal Heat Pump - 2.5 Ton Condenser - 15 SEER,material,1.0,5595.75,5595.75
invoice_2b476f0f72104da8a8b7b44b22d34e81,job_86f349d33733438ca5877d48e94c885e,4828,"Comfort Series Fan Coil Multipoise, ECM Motor for Puron Advance - 2.5 Ton",material,1.0,2492.75,2492.75
invoice_2b476f0f72104da8a8b7b44b22d34e81,job_86f349d33733438ca5877d48e94c885e,4828,Electric Heater - 8kW 240 Volt-Single Phase with Terminal Block,material,1.0,258.5,258.5
invoice_2b476f0f72104da8a8b7b44b22d34e81,job_86f349d33733438ca5877d48e94c885e,4828,Honeywell Home FocusPRO® N100,material,1.0,190.0,190.0
invoice_2b476f0f72104da8a8b7b44b22d34e81,job_86f349d33733438ca5877d48e94c885e,4828,Add Ons - Metal Air Handler Stand,material,1.0,119.0,119.0
invoice_2b476f0f72104da8a8b7b44b22d34e81,job_86f349d33733438ca5877d48e94c885e,4828,Add Ons - Drain package,material,1.0,277.75,277.75
invoice_6aada690cb074be382c749b258ce0ff3,job_277d5e6eebf140f08ac093c51f50b351,4827,Service & Repair Fee - Standard,labor,1.0,102.0,102.0
invoice_6aada690cb074be382c749b258ce0ff3,job_277d5e6eebf140f08ac093c51f50b351,4827,Service Calls - Repairs & Part Installation - **Tier 2 Repair - Leak Detection Tidewater Hospitality (Bubbles / Electronic),labor,1.0,107.0,107.0
invoice_6aada690cb074be382c749b258ce0ff3,job_277d5e6eebf140f08ac093c51f50b351,4827,New System Installation - System Installation,labor,1.0,1584.0,1584.0
invoice_6aada690cb074be382c749b258ce0ff3,job_277d5e6eebf140f08ac093c51f50b351,4827,Generic Parts / Service - R410a refrigerant,material,2.0,132.0,264.0
invoice_6aada690cb074be382c749b258ce0ff3,job_277d5e6eebf140f08ac093c51f50b351,4827,3 Ton - BUDGET 14 - Trane 3 Ton 14.3 Seer2 (15 SEER) Heat Pump System,material,1.0,9269.0,9269.0
invoice_6aada690cb074be382c749b258ce0ff3,job_277d5e6eebf140f08ac093c51f50b351,4827,Add Ons - Concrete Pad,material,1.0,256.0,256.0
invoice_6aada690cb074be382c749b258ce0ff3,job_277d5e6eebf140f08ac093c51f50b351,4827,Add Ons - Drain package,material,1.0,277.75,277.75
invoice_7da8dcae352d4b34b3a511fe959e64e7,job_61bda0804f9b481384ffb4880bb1ccbd,4826,Service Calls - Repairs & Part Installation - Service Calls - Repairs & Part Installation - **Tier 3 Repair - Thermostat Installation,labor,1.0,145.0,145.0
invoice_6515cb629d874034a27e62f437d94451,job_2846cee9df4a47f1beaa731138c529e0,4825,Diagnostic/dispatch fees - Service & Repair Fee - Commercial,labor,1.0,183.0,183.0
invoice_6515cb629d874034a27e62f437d94451,job_2846cee9df4a47f1beaa731138c529e0,4825,Service Calls - Repairs & Part Installation - Tier 3 Repair - Clear Drain Line,labor,1.0,165.0,165.0
invoice_4a9c6b7d6f664af7a0dbfff5cb5cd36c,job_9d17b0c940b04586b43fe04ff6548849,4824,Service Calls - Repairs & Part Installation - Service,labor,1.0,180.0,180.0
invoice_4a9c6b7d6f664af7a0dbfff5cb5cd36c,job_9d17b0c940b04586b43fe04ff6548849,4824,Generic Parts / Service - Thermistor/ Temperature Sensor,material,1.0,0.0,0.0
invoice_d75c46f17c954723a4618bccdadf31e8,job_3de44371c75e456d9059df39449474d4,4823,Visit #1,labor,1.0,239.0,239.0
invoice_81a04f13247944929d4e634405c1e88f,job_cb6ab1c7c6ec4d30bbfbdd34a8534020,4822,Diagnostic/dispatch fees - Service & Repair Fee - After-Hours,labor,1.0,184.0,184.0
invoice_81a04f13247944929d4e634405c1e88f,job_cb6ab1c7c6ec4d30bbfbdd34a8534020,4822,Generic Parts / Service - Honeywell FocusPro N100,material,1.0,194.0,194.0
invoice_bc5fd2767dd14d19a53189242adc78b5,job_e76e7ef8606a46dbb6bf13b018b28104,4821,Diagnostic/dispatch fees - Service & Repair Fee - Standard,labor,1.0,92.0,92.0
invoice_bc5fd2767dd14d19a53189242adc78b5,job_e76e7ef8606a46dbb6bf13b018b28104,4821,Service Calls - Repairs & Part Installation - Tier 3 Repair - Clear Drain Line,labor,1.0,165.0,165.0
invoice_605548e929c44896bb37a55ec01c3904,job_8a56550ca6324d41bf4b195667a13c68,4820,Diagnostic/dispatch fees - Service & Repair Fee - After-Hours,labor,1.0,184.0,184.0
invoice_605548e929c44896bb37a55ec01c3904,job_8a56550ca6324d41bf4b195667a13c68,4820,Service Calls - Repairs & Part Installation - Tier 3 Repair - Clear Drain Line,labor,1.0,165.0,165.0
invoice_90a5e9cdde444861824baaba719f063f,job_9103a368f1e14166a5c7150d696dff34,4819,Replace Fill Valve,labor,1.0,218.0,218.0
invoice_90a5e9cdde444861824baaba719f063f,job_9103a368f1e14166a5c7150d696dff34,4819,"Moen Brantford Chrome 4"" Spread Lavatory Faucet",labor,1.0,753.75,753.75
invoice_90a5e9cdde444861824baaba719f063f,job_9103a368f1e14166a5c7150d696dff34,4819,Replace Lavatory Flex Lines,labor,1.0,350.5,350.5
invoice_2bcb37d9b7b245a78a323d3d0c51900b,job_535a2fb7663e403db648bd44f168d160,4818,Shepherd Service & Repair Fee - Standard,labor,1.0,80.0,80.0
invoice_2bcb37d9b7b245a78a323d3d0c51900b,job_535a2fb7663e403db648bd44f168d160,4818,Service Calls - Repairs & Part Installation - Tier 3 Repair - Clear Drain Line,labor,1.0,165.0,165.0
invoice_1f50fae75e794c98bd6555dd1c452669,job_535a2fb7663e403db648bd44f168d160,4817,Service & Repair Fee - Standard,labor,1.0,102.0,102.0
invoice_1f50fae75e794c98bd6555dd1c452669,job_535a2fb7663e403db648bd44f168d160,4817,Service Calls - Repairs & Part Installation - Tier 3 Repair - Clear Drain Line,labor,1.0,165.0,165.0
invoice_6a3f170477604d33a6f62ee429d0dd02,job_00e02958bb5e4f7aa33d7daf768b0961,4816,Diagnostic/dispatch fees - Service & Repair Fee - Commercial,labor,1.0,183.0,183.0
invoice_6a3f170477604d33a6f62ee429d0dd02,job_00e02958bb5e4f7aa33d7daf768b0961,4816,Service Calls - Repairs & Part Installation - Tier 3 Repair - Reconfigure PVC,labor,1.0,188.0,188.0
invoice_6a3f170477604d33a6f62ee429d0dd02,job_00e02958bb5e4f7aa33d7daf768b0961,4816,MISC Labor - Remove Reme Halo & Patch with Metal,labor,1.0,388.0,388.0
invoice_6a3f170477604d33a6f62ee429d0dd02,job_00e02958bb5e4f7aa33d7daf768b0961,4816,Service Calls - Repairs & Part Installation - Tier 3 Repair - Clear Drain Line & Clear Water from Blower Housing,labor,1.0,194.0,194.0
invoice_897318a350c54b518263e4fcb97c0d27,job_d6024b6f35984c5b8f582daef264e90e,4815,Diagnostic/dispatch fees - Service & Repair Fee - Standard,labor,1.0,92.0,92.0
invoice_897318a350c54b518263e4fcb97c0d27,job_d6024b6f35984c5b8f582daef264e90e,4815,Service Calls - Repairs & Part Installation - Tier 3 Repair - Clear Drain Line,labor,1.0,165.0,165.0
invoice_71f514c5c33544c9adddf237af955186,job_33c521ebf72445b487bdb5884fe7f405,4814,Diagnostic/dispatch fees - Service & Repair Fee - Standard,labor,1.0,92.0,92.0
invoice_71f514c5c33544c9adddf237af955186,job_33c521ebf72445b487bdb5884fe7f405,4814,Service Calls - Repairs & Part Installation - Tier 2 Repair - Re-Attach Condenser Wiring,labor,1.0,47.0,47.0
invoice_e868450181bd47dc967a12e4e4649ead,job_ab63372d0a544e7ea16022c2964b5d80,4813,HCPA SERVICE CALL.,labor,1.0,101.0,101.0
invoice_e868450181bd47dc967a12e4e4649ead,job_ab63372d0a544e7ea16022c2964b5d80,4813,Service Calls - Repairs & Part Installation - Tier 3 Repair - Clear Drain Line,labor,1.0,165.0,165.0
invoice_6257a71801704fb998d84ed3ec6e248b,job_e807e7f1755f460ba4583c103e211fb9,4812,Diagnostic/dispatch fees - Service & Repair Fee - Standard,labor,1.0,92.0,92.0
invoice_6257a71801704fb998d84ed3ec6e248b,job_e807e7f1755f460ba4583c103e211fb9,4812,Service Calls - Repairs & Part Installation - Tier 3 Repair - Clear Drain Line,labor,1.0,165.0,165.0
invoice_baf3bb69cbd94c1a96d05f0e03d360f4,job_7f30f8f605d44014ac6918a1b3a6c5cd,4811,Service Calls - Repairs & Part Installation - Tier 4 Repair - Disconnect Box Replacement Labor Only,labor,1.0,256.0,256.0
invoice_baf3bb69cbd94c1a96d05f0e03d360f4,job_7f30f8f605d44014ac6918a1b3a6c5cd,4811,Add Ons - Disconnect box,material,1.0,236.0,236.0
invoice_7c067140084f4645b07193c7a26d4cec,job_77216b1c5d4c4592bd48edb653b4e1d9,4810,AO Kirby 40 (38) Gallon Electric Water Heater (Low Boy),labor,1.0,2497.0,2497.0
invoice_a4e30962fa02482f872909469aa563ff,job_e71d223d94954b26bed9f1de3dfdf7ef,4809,System Installation,labor,1.0,1410.0,1410.0
invoice_a4e30962fa02482f872909469aa563ff,job_e71d223d94954b26bed9f1de3dfdf7ef,4809,Carrier Coastal Heat Pump - 3 Ton Condenser - 15 SEER,material,1.0,6434.0,6434.0
invoice_a4e30962fa02482f872909469aa563ff,job_e71d223d94954b26bed9f1de3dfdf7ef,4809,"Comfort Series Fan Coil Multipoise, ECM Motor for Puron Advance - 3 Ton",material,1.0,2825.0,2825.0
invoice_a4e30962fa02482f872909469aa563ff,job_e71d223d94954b26bed9f1de3dfdf7ef,4809,Electric Heater - 8kW 240 Volt-Single Phase with Terminal Block,material,1.0,258.5,258.5
invoice_a4e30962fa02482f872909469aa563ff,job_e71d223d94954b26bed9f1de3dfdf7ef,4809,Honeywell Home FocusPRO® N100,material,1.0,190.0,190.0
invoice_a4e30962fa02482f872909469aa563ff,job_e71d223d94954b26bed9f1de3dfdf7ef,4809,Add Ons - Drain package,material,1.0,277.75,277.75
invoice_b8bb8e8e5bcc4e82bf62c17a84505498,job_052a7d36bcc54c4691545a0c11134ac4,4807,Ellison Highline,labor,1.0,1263.75,1263.75
invoice_6dc43baaa6be447bbf73eb0ca74c9d86,job_676e25e8b73b4c9f84071de0e64ee182,4806,Service Calls - Repairs & Part Installation - Service,labor,1.0,436.0,436.0
invoice_6dc43baaa6be447bbf73eb0ca74c9d86,job_676e25e8b73b4c9f84071de0e64ee182,4806,Unit Specific Parts - Indoor Control Board,material,1.0,571.0,571.0
invoice_8163bdbe682b406089d5087273ce6069,job_8c3dcedb278846e0bd0dba90001f1a20,4805,Standard Brushed Nickel Tub spout Replacement,labor,1.0,246.25,246.25
invoice_90caeabc9a9b4dd0b16b6e668bee1ea7,job_4cf030b947f4409aaf11ed81cde5259e,4804,Diagnostic/dispatch fees - Service & Repair Fee - Standard,labor,1.0,92.0,92.0
invoice_90caeabc9a9b4dd0b16b6e668bee1ea7,job_4cf030b947f4409aaf11ed81cde5259e,4804,Service Calls - Repairs & Part Installation - Tier 2 Repair - Leak Detection Tidewater Hospitality (Bubbles / Electronic),labor,1.0,96.0,96.0
invoice_90caeabc9a9b4dd0b16b6e668bee1ea7,job_4cf030b947f4409aaf11ed81cde5259e,4804,New System Installation - System Installation,labor,1.0,1584.0,1584.0
invoice_90caeabc9a9b4dd0b16b6e668bee1ea7,job_4cf030b947f4409aaf11ed81cde5259e,4804,Service Calls - Repairs & Part Installation - Service Calls - Repairs & Part Installation - **Tier 3 Repair - Thermostat Installation,labor,1.0,145.0,145.0
invoice_90caeabc9a9b4dd0b16b6e668bee1ea7,job_4cf030b947f4409aaf11ed81cde5259e,4804,Generic Parts / Service - R410a refrigerant,material,2.0,132.0,264.0
invoice_90caeabc9a9b4dd0b16b6e668bee1ea7,job_4cf030b947f4409aaf11ed81cde5259e,4804,3 Ton - SUPERIOR - PRIORITY 17 - Trane 3 Ton 17 Seer2 (18 SEER) Heat Pump System (Inv Multi-Speed 24 V),material,1.0,14363.0,14363.0
invoice_90caeabc9a9b4dd0b16b6e668bee1ea7,job_4cf030b947f4409aaf11ed81cde5259e,4804,Generic Parts / Service - Ecobee 3 Thermostat,material,1.0,330.0,330.0
invoice_90caeabc9a9b4dd0b16b6e668bee1ea7,job_4cf030b947f4409aaf11ed81cde5259e,4804,Add Ons - Concrete Pad,material,1.0,256.0,256.0
invoice_90caeabc9a9b4dd0b16b6e668bee1ea7,job_4cf030b947f4409aaf11ed81cde5259e,4804,Add Ons - Drain package,material,1.0,280.0,280.0
invoice_0b886980b1604f60bc9f2e6e0979702e,job_e39bbbf7e5174988ac5c2db467fa77f4,4803,New System Installation - System Installation,labor,1.0,1584.0,1584.0
invoice_0b886980b1604f60bc9f2e6e0979702e,job_e39bbbf7e5174988ac5c2db467fa77f4,4803,New System Installation - System Installation,labor,1.0,1584.0,1584.0
invoice_0b886980b1604f60bc9f2e6e0979702e,job_e39bbbf7e5174988ac5c2db467fa77f4,4803,2.5 Ton - BUDGET 14 - Trane 2.5 Ton 14.3 Seer2 (15 SEER) Heat Pump System,material,1.0,8694.0,8694.0
invoice_0b886980b1604f60bc9f2e6e0979702e,job_e39bbbf7e5174988ac5c2db467fa77f4,4803,Add Ons - Metal Air Handler Stand,material,1.0,119.0,119.0
invoice_0b886980b1604f60bc9f2e6e0979702e,job_e39bbbf7e5174988ac5c2db467fa77f4,4803,Add Ons - Concrete Pad,material,1.0,256.0,256.0
invoice_0b886980b1604f60bc9f2e6e0979702e,job_e39bbbf7e5174988ac5c2db467fa77f4,4803,Add Ons - Drain package,material,1.0,277.75,277.75
invoice_0b886980b1604f60bc9f2e6e0979702e,job_e39bbbf7e5174988ac5c2db467fa77f4,4803,Generic Parts / Service - Bio-Fresh Duct Cleaning,material,1.0,0.0,0.0
invoice_0b886980b1604f60bc9f2e6e0979702e,job_e39bbbf7e5174988ac5c2db467fa77f4,4803,Add Ons - Concrete Pad,material,1.0,256.0,256.0
invoice_0b886980b1604f60bc9f2e6e0979702e,job_e39bbbf7e5174988ac5c2db467fa77f4,4803,Add Ons - Drain package,material,1.0,277.75,277.75
invoice_0b886980b1604f60bc9f2e6e0979702e,job_e39bbbf7e5174988ac5c2db467fa77f4,4803,Add Ons - Attic Install,material,1.0,515.0,515.0
invoice_0b886980b1604f60bc9f2e6e0979702e,job_e39bbbf7e5174988ac5c2db467fa77f4,4803,2.5 Ton - BUDGET 14 - Trane 2.5 Ton 14.3 Seer2 (15 SEER) Heat Pump System,material,1.0,8694.0,8694.0
invoice_0b886980b1604f60bc9f2e6e0979702e,job_e39bbbf7e5174988ac5c2db467fa77f4,4803,Generic Parts / Service - Bio-Fresh Duct Cleaning,material,1.0,0.0,0.0
invoice_f1d50860282f4149807f5a0817e5a1e1,job_b5dc463ff39b4176981dd6a3e9900588,4802,Service & Repair Fee - After-Hours,labor,1.0,167.0,167.0
invoice_f1d50860282f4149807f5a0817e5a1e1,job_b5dc463ff39b4176981dd6a3e9900588,4802,Service Calls - Repairs & Part Installation - Tier 3 Repair - Clear Drain Line,labor,1.0,165.0,165.0
invoice_835b3fc42bdc4ab6ba47d0f21ac71dc4,job_442e3cb543d74bc19b60b09af58112a6,4801,Diagnostic/dispatch fees - Service & Repair Fee - After-Hours,labor,1.0,184.0,184.0
invoice_835b3fc42bdc4ab6ba47d0f21ac71dc4,job_442e3cb543d74bc19b60b09af58112a6,4801,Service Calls - Repairs & Part Installation - Tier 3 Repair - Capacitor Replacement,labor,1.0,165.0,165.0
invoice_feb340e6282647ca8b3f704d0709f2f3,job_7494b58925ad459ba2779c1a01624c9a,4800,Diagnostic/dispatch fees - Service & Repair Fee - After-Hours,labor,1.0,184.0,184.0
invoice_feb340e6282647ca8b3f704d0709f2f3,job_7494b58925ad459ba2779c1a01624c9a,4800,New System Installation - System Installation,labor,1.0,1584.0,1584.0
invoice_feb340e6282647ca8b3f704d0709f2f3,job_7494b58925ad459ba2779c1a01624c9a,4800,2.5 Ton - BUDGET 14 - Trane 2.5 Ton 14.3 Seer2 (15 SEER) Heat Pump System,material,1.0,8694.0,8694.0
invoice_feb340e6282647ca8b3f704d0709f2f3,job_7494b58925ad459ba2779c1a01624c9a,4800,Add Ons - Drain package,material,1.0,277.75,277.75
invoice_a7e6f57dc67e4335b326f210eb90dddd,job_f38a57bb387b40209a2c8f3a67d7c2c9,4799,Service & Repair Fee - Standard,labor,1.0,102.0,102.0
invoice_a7e6f57dc67e4335b326f210eb90dddd,job_f38a57bb387b40209a2c8f3a67d7c2c9,4799,Service Calls - Repairs & Part Installation - Tier 3 Repair - Clear Drain Line,labor,1.0,165.0,165.0
invoice_a7e6f57dc67e4335b326f210eb90dddd,job_f38a57bb387b40209a2c8f3a67d7c2c9,4799,Service Calls - Repairs & Part Installation - Tier 1 Repair - Cut & Clear Water from Return,labor,1.0,52.0,52.0
invoice_0e587262b1af4a6a8b950e332dcedee4,job_dd9494aed08e4bdf8e04e8d3fd6683ca,4798,Diagnostic/dispatch fees - Service & Repair Fee - Standard,labor,1.0,92.0,92.0
invoice_0e587262b1af4a6a8b950e332dcedee4,job_dd9494aed08e4bdf8e04e8d3fd6683ca,4798,Service Calls - Repairs & Part Installation - Tier 3 Repair - Clear Drain Line,labor,1.0,165.0,165.0
invoice_02e83baa977a43d08774782a72f5b9ff,job_17e96406441a4e129c817fb315addb75,4797,Service Calls - Service & Repair Fee - Standard,labor,1.0,96.0,96.0
invoice_02e83baa977a43d08774782a72f5b9ff,job_17e96406441a4e129c817fb315addb75,4797,Service Calls - Repairs & Part Installation - Tier 7 Repair,labor,1.0,1212.0,1212.0
invoice_02e83baa977a43d08774782a72f5b9ff,job_17e96406441a4e129c817fb315addb75,4797,MISC Labor - Line Set Repair,labor,1.0,289.0,289.0
invoice_02e83baa977a43d08774782a72f5b9ff,job_17e96406441a4e129c817fb315addb75,4797,Generic Parts / Service - R410a refrigerant,material,2.0,132.0,264.0
invoice_02e83baa977a43d08774782a72f5b9ff,job_17e96406441a4e129c817fb315addb75,4797,Generic Parts / Service - Filter dryer,material,1.0,103.0,103.0
invoice_02e83baa977a43d08774782a72f5b9ff,job_17e96406441a4e129c817fb315addb75,4797,Generic Parts / Service - R410a refrigerant,material,3.0,132.0,396.0
invoice_02e83baa977a43d08774782a72f5b9ff,job_17e96406441a4e129c817fb315addb75,4797,Unit Specific Parts - Evaporator Coil &TXV,material,1.0,0.0,0.0
invoice_02e83baa977a43d08774782a72f5b9ff,job_17e96406441a4e129c817fb315addb75,4797,Generic Parts / Service - R410a refrigerant,material,2.0,132.0,264.0
invoice_eb778f923fe845eab49bc3bcbc0aee06,job_792f137ffec84879a4390b1b3473daae,4796,Diagnostic/dispatch fees - Service & Repair Fee - Standard,labor,1.0,92.0,92.0
invoice_818af094713f46d4aa1dc017d6df9df7,job_8097393dc0054c1382958654364c7474,4795,Diagnostic/dispatch fees - Service & Repair Fee - Standard,labor,1.0,92.0,92.0
invoice_956404ca947545ab8b0fa8aa24123cb4,job_bf12e1a40b9e4efa8048c55aa8f7723e,4794,Diagnostic/dispatch fees - Service & Repair Fee - Standard,labor,1.0,92.0,92.0
invoice_956404ca947545ab8b0fa8aa24123cb4,job_bf12e1a40b9e4efa8048c55aa8f7723e,4794,Service Calls - Repairs & Part Installation - Service Calls - Repairs & Part Installation - **Tier 3 Repair - Thermostat Installation,labor,1.0,145.0,145.0
invoice_956404ca947545ab8b0fa8aa24123cb4,job_bf12e1a40b9e4efa8048c55aa8f7723e,4794,Service Calls - Repairs & Part Installation - Tier 5 Repair - Condenser Fan Motor Installation Labor Only,labor,1.0,384.0,384.0
invoice_956404ca947545ab8b0fa8aa24123cb4,job_bf12e1a40b9e4efa8048c55aa8f7723e,4794,Service Calls - Repairs & Part Installation - Tier 3 Repair - Capacitor Replacement,labor,1.0,165.0,165.0
invoice_956404ca947545ab8b0fa8aa24123cb4,job_bf12e1a40b9e4efa8048c55aa8f7723e,4794,Unit Specific Parts - Condenser Fan Motor,material,1.0,729.0,729.0
invoice_4b6a629cc3c146189ed4f148a2c40c32,job_00e02958bb5e4f7aa33d7daf768b0961,4793,Diagnostic/dispatch fees - Service & Repair Fee - Commercial,labor,1.0,183.0,183.0
invoice_4b6a629cc3c146189ed4f148a2c40c32,job_00e02958bb5e4f7aa33d7daf768b0961,4793,Service Calls - Repairs & Part Installation - Tier 3 Repair - Reconfigure PVC,labor,1.0,188.0,188.0
invoice_4b6a629cc3c146189ed4f148a2c40c32,job_00e02958bb5e4f7aa33d7daf768b0961,4793,MISC Labor - Remove Reme Halo & Patch with Metal,labor,1.0,388.0,388.0
invoice_4b6a629cc3c146189ed4f148a2c40c32,job_00e02958bb5e4f7aa33d7daf768b0961,4793,Service Calls - Repairs & Part Installation - Tier 3 Repair - Clear Drain Line & Clear Water from Blower Housing,labor,1.0,194.0,194.0
invoice_3afa7f42d890404fb5c1dca96a472e72,job_0d8433dc87af499195a02af31f4d4f2d,4792,Diagnostic/dispatch fees - Service & Repair Fee - Standard,labor,1.0,92.0,92.0
invoice_3afa7f42d890404fb5c1dca96a472e72,job_0d8433dc87af499195a02af31f4d4f2d,4792,Generic Parts / Service - Honeywell FocusPro N100,material,1.0,194.0,194.0
invoice_b99e5a2ea7a943ffadddcf744e4533b8,job_87ef2086f47c446ca97272232398f0e4,4791,Diagnostic/dispatch fees - Service & Repair Fee - Standard,labor,1.0,92.0,92.0
invoice_b99e5a2ea7a943ffadddcf744e4533b8,job_87ef2086f47c446ca97272232398f0e4,4791,Service Calls - Repairs & Part Installation - Tier 3 Repair - Clear Drain Line,labor,1.0,165.0,165.0
invoice_9111d50690ed46abadd80964ba52b447,job_77216b1c5d4c4592bd48edb653b4e1d9,4790,AO Kirby 40 (38) Gallon Electric Water Heater (Low Boy),labor,1.0,2497.0,2497.0
invoice_296696e6b049401d83a9ec49718a48c6,job_b9193d022ec04019a93e13c51aa3a557,4789,Service & Repair Fee - Standard,labor,1.0,102.0,102.0
invoice_28389e596f26406b811db35b7364f7e4,job_f7bc0d55f9d945439fbb8aa3898f382e,4788,Diagnostic/dispatch fees - Service and Repair Call - Osprey Pointe,labor,1.0,256.0,256.0
invoice_28389e596f26406b811db35b7364f7e4,job_f7bc0d55f9d945439fbb8aa3898f382e,4788,Service Calls - Repairs & Part Installation - Tier 3 Repair - Clear Drain Line,labor,1.0,165.0,165.0
invoice_cb38f63aa1154c6aa4fe0d2d54117391,job_6000d78aacd2409da6e67b5a064adb63,4787,Diagnostic/dispatch fees - Service and Repair Call - Osprey Pointe,labor,1.0,256.0,256.0
invoice_cb38f63aa1154c6aa4fe0d2d54117391,job_6000d78aacd2409da6e67b5a064adb63,4787,Service Calls - Repairs & Part Installation - Tier 3 Repair - Capacitor Replacement,labor,1.0,165.0,165.0
invoice_4723b62230314faa9b975cf7213ca7d5,job_3c9380178d294528b110da77c35df04c,4786,Diagnostic/dispatch fees - Service and Repair Call - Osprey Pointe,labor,1.0,256.0,256.0
invoice_4723b62230314faa9b975cf7213ca7d5,job_3c9380178d294528b110da77c35df04c,4786,Service Calls - Repairs & Part Installation - Tier 3 Repair - Clear Drain Line,labor,1.0,165.0,165.0
invoice_c2b6817e5e5b4459865dd7a96141509a,job_a94df31f66124e1896bac7ebd7acb685,4785,Preventative Maintenance - Residential Preventative Maintenance,labor,1.0,272.0,272.0
invoice_c2b6817e5e5b4459865dd7a96141509a,job_a94df31f66124e1896bac7ebd7acb685,4785,Service Calls - Repairs & Part Installation - Service Calls - Repairs & Part Installation - **Tier 3 Repair - Thermostat Installation,labor,2.0,145.0,290.0
invoice_e33990ca59ce4d8bb3275a14e04cb0b3,job_6e577540899244418fb67761cee133c7,4784,Diagnostic/dispatch fees - Service and Repair Call - Osprey Pointe,labor,1.0,256.0,256.0
invoice_e33990ca59ce4d8bb3275a14e04cb0b3,job_6e577540899244418fb67761cee133c7,4784,Service Calls - Repairs & Part Installation - Tier 2 Repair - Replaced and Reconnected Disconnect Wiring,labor,1.0,97.0,97.0
invoice_31cf54d181f54d4b9d0598ed7cf0f5a4,job_9429c444984f4622814e43427c56505c,4783,System Installation,labor,1.0,1410.0,1410.0
invoice_31cf54d181f54d4b9d0598ed7cf0f5a4,job_9429c444984f4622814e43427c56505c,4783,Plenum / Duct Board Replacement - Plenum Only,labor,1.0,464.0,464.0
invoice_31cf54d181f54d4b9d0598ed7cf0f5a4,job_9429c444984f4622814e43427c56505c,4783,"Duct Board Replacement - 1.5"" for Non-Insulated and Commercial",labor,5.0,162.75,813.75
invoice_31cf54d181f54d4b9d0598ed7cf0f5a4,job_9429c444984f4622814e43427c56505c,4783,Replace Supply - Flex and Boot,labor,6.0,458.0,2748.0
invoice_31cf54d181f54d4b9d0598ed7cf0f5a4,job_9429c444984f4622814e43427c56505c,4783,**Tier 4 Repair - Electrical Whip,labor,1.0,257.0,257.0
invoice_31cf54d181f54d4b9d0598ed7cf0f5a4,job_9429c444984f4622814e43427c56505c,4783,Registers,labor,6.0,48.0,288.0
invoice_9bb187aef17346c9862e63ed5498a529,job_af18a4ce6cf94613b2095d1753f993ac,4782,Service Calls - Service & Repair Fee - Standard,labor,1.0,96.0,96.0
invoice_9bb187aef17346c9862e63ed5498a529,job_af18a4ce6cf94613b2095d1753f993ac,4782,Service Calls - Repairs & Part Installation - **Tier 3 Repair - Clear Drain Line,labor,1.0,186.0,186.0
invoice_9bb187aef17346c9862e63ed5498a529,job_af18a4ce6cf94613b2095d1753f993ac,4782,Service Calls - Repairs & Part Installation - **Tier 3 Repair - Zone & Low Voltage Adjustment,labor,1.0,103.0,103.0
invoice_9bb187aef17346c9862e63ed5498a529,job_af18a4ce6cf94613b2095d1753f993ac,4782,Service Calls - Repairs & Part Installation - Tier 4 Repair - Zone Dampener Motor Labor Only,labor,1.0,212.0,212.0
invoice_9bb187aef17346c9862e63ed5498a529,job_af18a4ce6cf94613b2095d1753f993ac,4782,Unit Specific Parts - Zone Damper Motor,material,1.0,238.0,238.0
invoice_987fe48c14b84bd6bae931548e0c0bc3,job_05a158c9f34d49278deb36aac2304b63,4781,Service Calls - Service and Repair Call - Osprey Pointe,labor,1.0,258.0,258.0
invoice_987fe48c14b84bd6bae931548e0c0bc3,job_05a158c9f34d49278deb36aac2304b63,4781,Service Calls - Repairs & Part Installation - Tier 1 Repair - Mini Split Setting Adjustments,labor,1.0,51.0,51.0
invoice_b25ccb164225441bb74ba6200a423608,job_121ff36404984c82a30b830529b9beda,4780,Diagnostic/dispatch fees - Service & Repair Fee - Standard,labor,1.0,92.0,92.0
invoice_b25ccb164225441bb74ba6200a423608,job_121ff36404984c82a30b830529b9beda,4780,Service Calls - Repairs & Part Installation - Tier 2 Repair - Coil clean in place,labor,1.0,94.0,94.0
invoice_209136596879433b9b6ef06ebc99055c,job_819a2d231ce54726a77aa2277e7c6481,4779,Diagnostic/dispatch fees - Service & Repair Fee - Standard,labor,1.0,92.0,92.0
invoice_209136596879433b9b6ef06ebc99055c,job_819a2d231ce54726a77aa2277e7c6481,4779,Service Calls - Repairs & Part Installation - Tier 3 Repair - Clear Drain Line,labor,1.0,165.0,165.0
invoice_a6f4e17f322947d6930a6dd54c0cf58e,job_96f0c88dea9d4fe280c8e800f48b1b39,4778,Diagnostic/dispatch fees - Service & Repair Fee - Standard,labor,1.0,92.0,92.0
invoice_a6f4e17f322947d6930a6dd54c0cf58e,job_96f0c88dea9d4fe280c8e800f48b1b39,4778,New System Installation - System Installation,labor,1.0,776.0,776.0
invoice_a6f4e17f322947d6930a6dd54c0cf58e,job_96f0c88dea9d4fe280c8e800f48b1b39,4778,Generic Parts / Service - R410a refrigerant,material,2.0,132.0,264.0
invoice_a6f4e17f322947d6930a6dd54c0cf58e,job_96f0c88dea9d4fe280c8e800f48b1b39,4778,Generic Parts / Service - R410a refrigerant,material,2.0,132.0,264.0
invoice_f99c8c3632234d24a4b248b57e5bedd8,job_d51e3176f9ae46bab3908c7f1d66d5ac,4777,Service & Repair Fee - Standard,labor,1.0,102.0,102.0
invoice_f99c8c3632234d24a4b248b57e5bedd8,job_d51e3176f9ae46bab3908c7f1d66d5ac,4777,Service Calls - Repairs & Part Installation - Tier 2 Repair - Leak Detection Tidewater Hospitality (Bubbles / Electronic),labor,1.0,96.0,96.0
invoice_f99c8c3632234d24a4b248b57e5bedd8,job_d51e3176f9ae46bab3908c7f1d66d5ac,4777,Generic Parts / Service - R410a refrigerant,material,2.0,132.0,264.0
invoice_9d130678d86e4fac8a2cdf87a5229fa1,job_e45d4858b46c43029e36a8b7cce0e398,4776,Service Calls - Repairs & Part Installation - Tier 2 Repair - Leak Detection Tidewater Hospitality (Bubbles / Electronic),labor,1.0,96.0,96.0
invoice_9d130678d86e4fac8a2cdf87a5229fa1,job_e45d4858b46c43029e36a8b7cce0e398,4776,Diagnostic/dispatch fees - Service & Repair Fee - Standard,labor,1.0,92.0,92.0
invoice_9d130678d86e4fac8a2cdf87a5229fa1,job_e45d4858b46c43029e36a8b7cce0e398,4776,Generic Parts / Service - R410a refrigerant,material,2.0,132.0,264.0
invoice_69d50c926b664022a48fd94e84ce561f,job_217056027c5743139759a31d9aff57c6,4775,New Construction - New Construction,labor,120.0,34.0,4080.0
invoice_69d50c926b664022a48fd94e84ce561f,job_217056027c5743139759a31d9aff57c6,4775,Dual Wall Spiral Duct and Vent Boxes,material,1.0,22582.0,22582.0
invoice_69d50c926b664022a48fd94e84ce561f,job_217056027c5743139759a31d9aff57c6,4775,Greenheck SP-B110 Bathroom Fan,material,1.0,275.0,275.0
invoice_69d50c926b664022a48fd94e84ce561f,job_217056027c5743139759a31d9aff57c6,4775,Bathroom Ventilation,material,1.0,209.0,209.0
invoice_69d50c926b664022a48fd94e84ce561f,job_217056027c5743139759a31d9aff57c6,4775,Titus Grilles - S300FL,material,18.0,141.0,2538.0
invoice_69d50c926b664022a48fd94e84ce561f,job_217056027c5743139759a31d9aff57c6,4775,Titus Grille - OMNI 12X12,material,1.0,566.0,566.0
invoice_69d50c926b664022a48fd94e84ce561f,job_217056027c5743139759a31d9aff57c6,4775,Titus Return - 25RL 28X28,material,2.0,375.0,750.0
invoice_69d50c926b664022a48fd94e84ce561f,job_217056027c5743139759a31d9aff57c6,4775,Move Thermostat,material,1.0,237.0,237.0
invoice_db3b6a2449824478a9c0d477742ba645,job_70e66d75c49d47a0ba9afdbf2c13516b,4774,Diagnostic/dispatch fees - Service and Repair Call - Osprey Pointe,labor,1.0,256.0,256.0
invoice_db3b6a2449824478a9c0d477742ba645,job_70e66d75c49d47a0ba9afdbf2c13516b,4774,Service Calls - Repairs & Part Installation - Tier 3 Repair - Clear Drain Line,labor,2.0,165.0,330.0
invoice_75a4244e07a841bebbb5db0b31143685,job_19748fe0dca5480cb000bfa64958fa92,4773,Service & Repair Fee - Standard,labor,1.0,102.0,102.0
invoice_301c1044a9ca4b6c848a6eba505e338b,job_9ca68b9bd91a40f5b266ffde97af3922,4772,Service & Repair Fee - After-Hours,labor,1.0,167.0,167.0
invoice_301c1044a9ca4b6c848a6eba505e338b,job_9ca68b9bd91a40f5b266ffde97af3922,4772,Service Calls - Repairs & Part Installation - Service,labor,1.0,1020.25,1020.25
invoice_301c1044a9ca4b6c848a6eba505e338b,job_9ca68b9bd91a40f5b266ffde97af3922,4772,Generic Parts / Service - R410a refrigerant,material,7.0,132.0,924.0
invoice_301c1044a9ca4b6c848a6eba505e338b,job_9ca68b9bd91a40f5b266ffde97af3922,4772,Generic Parts / Service - Filter dryer,material,1.0,103.0,103.0
invoice_301c1044a9ca4b6c848a6eba505e338b,job_9ca68b9bd91a40f5b266ffde97af3922,4772,WARRANTY Parts / Service - WARRANTY - Compressor,material,1.0,190.0,190.0
invoice_97ce8b8c02174629bc4ae206f3512e98,job_6e3ac18dcfff4095aab4d90182d9b0a0,4771,Generic Parts / Service - Filter,material,1.0,63.0,63.0
invoice_97ce8b8c02174629bc4ae206f3512e98,job_6e3ac18dcfff4095aab4d90182d9b0a0,4771,Generic Parts / Service - Filter,material,1.0,57.0,57.0
invoice_97ce8b8c02174629bc4ae206f3512e98,job_6e3ac18dcfff4095aab4d90182d9b0a0,4771,Generic Parts / Service - Filter,material,1.0,129.0,129.0
invoice_97ce8b8c02174629bc4ae206f3512e98,job_6e3ac18dcfff4095aab4d90182d9b0a0,4771,Generic Parts / Service - Reme Halo Cell Replacement,material,1.0,227.0,227.0
invoice_f351e569ec4f459cb3bf69f086d61efa,job_6c56a5d9ed5c46f094773ec6897d5f3f,4770,Service Calls - Service & Repair Fee - Standard,labor,1.0,269.0,269.0
invoice_1bf9bdec51f44d9fa03d2bdec61338c0,job_a837e7554d204e02ad40384e8edcf801,4769,Service Calls - Service & Repair Fee - After-Hours,labor,1.0,188.0,188.0
invoice_1bf9bdec51f44d9fa03d2bdec61338c0,job_a837e7554d204e02ad40384e8edcf801,4769,Service Calls - Repairs & Part Installation - **Tier 3 Repair - Clear Drain Line,labor,1.0,186.0,186.0
invoice_1bf9bdec51f44d9fa03d2bdec61338c0,job_a837e7554d204e02ad40384e8edcf801,4769,Service Calls - Repairs & Part Installation - Rescue Motor,material,1.0,676.0,676.0
invoice_e1358144db534d61a1f3e9f304fc2dc7,job_fd58dbb5b15a47109cdd8ffe9902d432,4768,Diagnostic/dispatch fees - Service & Repair Fee - Standard,labor,1.0,92.0,92.0
invoice_e1358144db534d61a1f3e9f304fc2dc7,job_fd58dbb5b15a47109cdd8ffe9902d432,4768,Service Calls - Repairs & Part Installation - Tier 5 Repair - Blower Motor Installation Labor Only,labor,1.0,384.0,384.0
invoice_e1358144db534d61a1f3e9f304fc2dc7,job_fd58dbb5b15a47109cdd8ffe9902d432,4768,Unit Specific Parts - Indoor Blower motor,material,1.0,1294.0,1294.0
invoice_39f704450a0f4db2a35f38ba0ee49875,job_79bfe58853e1422782e908510fc22e76,4767,Diagnostic/dispatch fees - Service & Repair Fee - After-Hours,labor,1.0,184.0,184.0
invoice_39f704450a0f4db2a35f38ba0ee49875,job_79bfe58853e1422782e908510fc22e76,4767,Service Calls - Repairs & Part Installation - Tier 3 Repair - Clear Drain Line,labor,1.0,165.0,165.0
invoice_14e689ab5d144f48bd9baaec0eb183ac,job_0e31d76cdbb24af588c47121c68f4579,4766,Service and Repair Call - Osprey Pointe,labor,1.0,269.0,269.0
invoice_14e689ab5d144f48bd9baaec0eb183ac,job_0e31d76cdbb24af588c47121c68f4579,4766,Service Calls - Repairs & Part Installation - Tier 3 Repair - Capacitor Replacement,labor,1.0,165.0,165.0
invoice_8e9d2980e72f4afca5d02d73ce177240,job_7494b58925ad459ba2779c1a01624c9a,4765,Diagnostic/dispatch fees - Service & Repair Fee - After-Hours,labor,1.0,184.0,184.0
invoice_8e9d2980e72f4afca5d02d73ce177240,job_7494b58925ad459ba2779c1a01624c9a,4765,New System Installation - System Installation,labor,1.0,1584.0,1584.0
invoice_8e9d2980e72f4afca5d02d73ce177240,job_7494b58925ad459ba2779c1a01624c9a,4765,2.5 Ton - BUDGET 14 - Trane 2.5 Ton 14.3 Seer2 (15 SEER) Heat Pump System,material,1.0,8694.0,8694.0
invoice_8e9d2980e72f4afca5d02d73ce177240,job_7494b58925ad459ba2779c1a01624c9a,4765,Add Ons - Drain package,material,1.0,277.75,277.75
invoice_734a426162044adbad48281562bcd959,job_13d930b49a2140959a9992697cae3742,4764,Install Rinnai RX199 Exterior ( Conversion from non condensing to condensing ),labor,2.0,4239.0,8478.0
invoice_32f87c5be96b4d24b77e1903bfb4e1b3,job_e8d1b81b432643aa840a04d247c2be4d,4763,Generic Parts / Service - Honeywell FocusPro N100,material,1.0,194.0,194.0
invoice_d1fcf69da36e422d9b604e58dd1d1174,job_a7d307b11d1a436d8b5d4054549f789d,4762,Diagnostic/dispatch fees - Service and Repair Call - Osprey Pointe,labor,1.0,256.0,256.0
invoice_d1fcf69da36e422d9b604e58dd1d1174,job_a7d307b11d1a436d8b5d4054549f789d,4762,Service Calls - Repairs & Part Installation - Rescue Motor,material,1.0,853.0,853.0
invoice_26ae22a0ac70477ba98c6d01f6814f4c,job_3fa36acc2fe34db88b64753984e2ce2d,4761,Diagnostic/dispatch fees - Service and Repair Call - Osprey Pointe,labor,1.0,256.0,256.0
invoice_26ae22a0ac70477ba98c6d01f6814f4c,job_3fa36acc2fe34db88b64753984e2ce2d,4761,Service Calls - Repairs & Part Installation - Tier 3 Repair - Contactor Replacement,labor,1.0,180.0,180.0
invoice_d6c2a31dc3cb41a59c10408bc1de18ea,job_53863224edc44b60aca2138f95e9ed17,4760,Diagnostic/dispatch fees - Service & Repair Fee - Standard,labor,1.0,92.0,92.0
invoice_d6c2a31dc3cb41a59c10408bc1de18ea,job_53863224edc44b60aca2138f95e9ed17,4760,Service Calls - Repairs & Part Installation - Tier 3 Repair - Clear Drain Line,labor,1.0,165.0,165.0
invoice_ee7b2263138642de82e218e87afc2b64,job_dbbd6b3e98e04a9682fbce1115dec1ed,4759,Diagnostic/dispatch fees - Service & Repair Fee - Standard,labor,1.0,92.0,92.0
invoice_ee7b2263138642de82e218e87afc2b64,job_dbbd6b3e98e04a9682fbce1115dec1ed,4759,Generic Parts / Service - Honeywell FocusPro N100,material,1.0,194.0,194.0
invoice_bd5d8ff381014e119d93f3e57e735a2a,job_6688dc8abbc5452bb9d4c2fa3c7a084e,4758,Service & Repair Fee - Standard,labor,1.0,102.0,102.0
invoice_c7fd88c420bc47beba5fd98e914afa76,job_a36644783a724387bb800e1808ab1317,4757,Diagnostic/dispatch fees - Service & Repair Fee - Standard,labor,1.0,92.0,92.0
invoice_c7fd88c420bc47beba5fd98e914afa76,job_a36644783a724387bb800e1808ab1317,4757,Service Calls - Repairs & Part Installation - Tier 3 Repair - Clear Drain Line,labor,1.0,165.0,165.0
invoice_c7fd88c420bc47beba5fd98e914afa76,job_a36644783a724387bb800e1808ab1317,4757,Generic Parts / Service - R410a refrigerant,material,2.0,132.0,264.0
invoice_73a876c31841412383c5345a6644e2c6,job_274f55109b2b4576b6d4ad0bc085f341,4756,Diagnostic/dispatch fees - Service & Repair Fee - Standard,labor,1.0,92.0,92.0
invoice_73a876c31841412383c5345a6644e2c6,job_274f55109b2b4576b6d4ad0bc085f341,4756,Service Calls - Repairs & Part Installation - Tier 3 Repair - Clear Drain Line,labor,1.0,165.0,165.0
invoice_1a2af92526f0409da262843d7d3526d0,job_3cb69fcb947b4d5f990d341e48a19d2c,4755,Diagnostic/dispatch fees - Service & Repair Fee - After-Hours,labor,1.0,184.0,184.0
invoice_1a2af92526f0409da262843d7d3526d0,job_3cb69fcb947b4d5f990d341e48a19d2c,4755,Service Calls - Repairs & Part Installation - Tier 3 Repair - Capacitor Replacement,labor,1.0,165.0,165.0
invoice_1a2af92526f0409da262843d7d3526d0,job_3cb69fcb947b4d5f990d341e48a19d2c,4755,Service Calls - Repairs & Part Installation - Tier 1 Repair - Cool Compressor & Fan,labor,1.0,52.0,52.0
invoice_183255e49ff04517a06900d8c0c9c6c0,job_c95310b9c67f4ca880cc4267c0bfc400,4754,Service Calls - Repairs & Part Installation - Service Calls - Repairs & Part Installation - **Tier 3 Repair - Thermostat Installation,labor,4.0,145.0,580.0
invoice_1014f40b004942699b72d2105d6427ec,job_7cbcb88334c144c6b71b606c94bbd79d,4753,Service & Repair Fee - After-Hours,labor,1.0,167.0,167.0
invoice_1014f40b004942699b72d2105d6427ec,job_7cbcb88334c144c6b71b606c94bbd79d,4753,Service Calls - Repairs & Part Installation - Tier 3 Repair - Clear Drain Line,labor,1.0,165.0,165.0
invoice_b2b47dd3bd384b4f93a97599d494df40,job_33c112cfc97c4da094dd9f1e452127b4,4752,Diagnostic/dispatch fees - Service & Repair Fee - After-Hours,labor,1.0,184.0,184.0
invoice_b2b47dd3bd384b4f93a97599d494df40,job_33c112cfc97c4da094dd9f1e452127b4,4752,Service Calls - Repairs & Part Installation - Tier 2 Repair - Circuit Breaker Reset,labor,1.0,103.0,103.0
invoice_f4341cd9dbb544c48471f9a15d760bdb,job_ca46500be37245b4ae43a8deca3238d9,4751,Service & Repair Fee - After-Hours,labor,1.0,167.0,167.0
invoice_21b628d0687544679bca94723f8fae80,job_04166102b86f43bdab49adbfa0b5c8da,4750,Diagnostic/dispatch fees - Service & Repair Fee - After-Hours,labor,1.0,184.0,184.0
invoice_21b628d0687544679bca94723f8fae80,job_04166102b86f43bdab49adbfa0b5c8da,4750,Service Calls - Repairs & Part Installation - Tier 3 Repair - Clear Drain Line,labor,1.0,165.0,165.0
invoice_c6a993b2f8864a4aa31db4de795377da,job_1619b02c8e7d4b95bb656a1d40da846a,4749,Diagnostic/dispatch fees - Service & Repair Fee - After-Hours,labor,1.0,184.0,184.0
invoice_c6a993b2f8864a4aa31db4de795377da,job_1619b02c8e7d4b95bb656a1d40da846a,4749,Service Calls - Repairs & Part Installation - Tier 3 Repair - Clear Drain Line,labor,1.0,165.0,165.0
invoice_f467616ecca84e9cae9c285c0e7cacec,job_a2e6fcef39f74adc9421f959cfd0fcb3,4748,Preventative Maintenance - Residential Preventative Maintenance,labor,1.0,92.0,92.0
invoice_fd77837e0e9247f99abf58b50a4ee99b,job_c8d4e360c5f540338e0c18311fa4de46,4747,Service Calls - Repairs & Part Installation - Tier 2 Repair - Coil clean in place,labor,1.0,94.0,94.0
invoice_fd77837e0e9247f99abf58b50a4ee99b,job_c8d4e360c5f540338e0c18311fa4de46,4747,Service & Repair Fee - Standard,labor,1.0,102.0,102.0
invoice_2498493a2848440e9183ac0a303a574a,job_f0f60d24f4ef4c0e9067adc7166c1d48,4746,Service Calls - Service and Repair Call - Osprey Pointe,labor,1.0,258.0,258.0
invoice_2498493a2848440e9183ac0a303a574a,job_f0f60d24f4ef4c0e9067adc7166c1d48,4746,Service Calls - Repairs & Part Installation - Service,labor,1.0,776.0,776.0
invoice_2498493a2848440e9183ac0a303a574a,job_f0f60d24f4ef4c0e9067adc7166c1d48,4746,Unit Specific Parts - Outdoor Defrost Control Board,material,1.0,0.0,0.0
invoice_2498493a2848440e9183ac0a303a574a,job_f0f60d24f4ef4c0e9067adc7166c1d48,4746,Unit Specific Parts - Indoor Control Board,material,1.0,0.0,0.0
invoice_1cec30a25fba4dc8b6fbdf8471786c01,job_fa6a49a87ebf4a62a45b67278ef9d4a0,4745,Service & Repair Fee - Standard,labor,1.0,102.0,102.0
invoice_1cec30a25fba4dc8b6fbdf8471786c01,job_fa6a49a87ebf4a62a45b67278ef9d4a0,4745,Service Calls - Repairs & Part Installation - Tier 3 Repair - Clear Drain Line,labor,1.0,165.0,165.0
invoice_1cec30a25fba4dc8b6fbdf8471786c01,job_fa6a49a87ebf4a62a45b67278ef9d4a0,4745,Service Calls - Repairs & Part Installation - Tier 3 Repair - Remove Refrigerant due to Overcharge,labor,1.0,186.0,186.0
invoice_176d07015b3948fab7383fbb8d67cad8,job_bfd66a5f78024336ad62cdcc30abee44,4744,Service Calls - Repairs & Part Installation - **Tier 3 Repair - Reconfigure PVC,labor,1.0,164.0,164.0
invoice_7246ff44a12640faa6d7b580cb209770,job_2a6170c0ddff4b0685b090d11354a767,4743,Service Calls - Service & Repair Fee - After-Hours,labor,1.0,188.0,188.0
invoice_09c9fdf64a334d3aae609da081608081,job_3a3e65d76a4c426b8768b3cacfaccb3a,4742,Service Calls - Repairs & Part Installation - Tier 6 Repair,labor,1.0,523.0,523.0
invoice_09c9fdf64a334d3aae609da081608081,job_3a3e65d76a4c426b8768b3cacfaccb3a,4742,Diagnostic/dispatch fees - Tidewater Hospitality Service & Repair Fee - Standard,labor,1.0,52.0,52.0
invoice_09c9fdf64a334d3aae609da081608081,job_3a3e65d76a4c426b8768b3cacfaccb3a,4742,Generic Parts / Service - R410a refrigerant,material,9.0,123.0,1107.0
invoice_09c9fdf64a334d3aae609da081608081,job_3a3e65d76a4c426b8768b3cacfaccb3a,4742,Generic Parts / Service - Filter dryer,material,1.0,103.0,103.0
invoice_344fe6d2c9f34119aabc0cfeeb9b86e9,job_0aa11b38d0f44404a1cc7d6293fb85dc,4741,Service & Repair Fee - Standard,labor,1.0,102.0,102.0
invoice_344fe6d2c9f34119aabc0cfeeb9b86e9,job_0aa11b38d0f44404a1cc7d6293fb85dc,4741,Service Calls - Repairs & Part Installation - Tier 1 Repair - Increase Fan Speed,labor,1.0,49.0,49.0
invoice_ca0ce36374ca4e388214521e258be94d,job_e57f7eef4602494b8bd01a8b70a2c079,4740,Service & Repair Fee - Standard,labor,1.0,102.0,102.0
invoice_dc85cefd45484739a6fc08c183155e84,job_20df63f2d0ef4f188edb534ddfbde7d3,4739,Diagnostic/dispatch fees - Service & Repair Fee - Standard,labor,1.0,92.0,92.0
invoice_0b5526d249474000ba128e5b9de02481,job_98283865fa3841569fba8e29c9061ab0,4738,Service & Repair Fee - Standard,labor,1.0,102.0,102.0
invoice_0b5526d249474000ba128e5b9de02481,job_98283865fa3841569fba8e29c9061ab0,4738,Service Calls - Repairs & Part Installation - **Tier 2 Repair - Leak Detection Tidewater Hospitality (Bubbles / Electronic),labor,1.0,107.0,107.0
invoice_0b5526d249474000ba128e5b9de02481,job_98283865fa3841569fba8e29c9061ab0,4738,Generic Parts / Service - R410a refrigerant,material,3.0,132.0,396.0
invoice_ed5d2111f95041779f73362623b4fe75,job_74a91321b2704ddb854ad94d95dfd9af,4737,Diagnostic/dispatch fees - Service & Repair Fee - Standard,labor,1.0,92.0,92.0
invoice_3950634fc92e4699b5a0d7cb9affcd10,job_4c667af1538e47a4818e667655b24303,4736,Service & Repair Fee - Standard,labor,1.0,102.0,102.0
invoice_3950634fc92e4699b5a0d7cb9affcd10,job_4c667af1538e47a4818e667655b24303,4736,Service Calls - Repairs & Part Installation - **Tier 2 Repair - Leak Detection Tidewater Hospitality (Bubbles / Electronic),labor,1.0,107.0,107.0
invoice_3950634fc92e4699b5a0d7cb9affcd10,job_4c667af1538e47a4818e667655b24303,4736,Generic Parts / Service - R410a refrigerant,material,4.0,132.0,528.0
invoice_82a5c4f49beb440998a8217036a86372,job_04b69d8609b642c28cdeca6f0ecf725a,4735,Service Calls - Service & Repair Fee - After-Hours,labor,1.0,188.0,188.0
invoice_82a5c4f49beb440998a8217036a86372,job_04b69d8609b642c28cdeca6f0ecf725a,4735,Service Calls - Repairs & Part Installation - **Tier 2 Repair - Leak Detection Tidewater Hospitality (Bubbles / Electronic),labor,1.0,107.0,107.0
invoice_82a5c4f49beb440998a8217036a86372,job_04b69d8609b642c28cdeca6f0ecf725a,4735,Generic Parts / Service - R410a refrigerant,material,2.0,132.0,264.0
invoice_6eaec74e13d747bea9843c7f1a87c3a9,job_ad2ac9988f524ffd903808b91aefe094,4734,Service Calls - Tidewater Hospitality Service & Repair Fee - Standard,labor,1.0,58.0,58.0
invoice_7cf98c60362f48dcab0b8565c016c16d,job_14f1851404c24c6fa8ac9756cbcbc2bb,4733,Service & Repair Fee - Standard,labor,1.0,102.0,102.0
invoice_030fa6a0d54b4311bd09b097a5f0213b,job_66fa06c9e7554c9691a09bccb4314668,4732,Service and Repair Call - Osprey Pointe,labor,1.0,269.0,269.0
invoice_efdc05811b134686a2cf65067e024153,job_103c08f07851436fa178c3c5aa4177ce,4731,Service and Repair Call - Osprey Pointe,labor,1.0,269.0,269.0
invoice_efdc05811b134686a2cf65067e024153,job_103c08f07851436fa178c3c5aa4177ce,4731,Generic Parts / Service - R410a refrigerant,material,3.0,132.0,396.0
invoice_9dba5099a3864e52875233f8dfe197f6,job_d4327bd5ddd34572bf4f7cbd3a1067d3,4730,Service Calls - Repairs & Part Installation - Tier 3 Repair - Clear Drain Line,labor,1.0,165.0,165.0
invoice_9dba5099a3864e52875233f8dfe197f6,job_d4327bd5ddd34572bf4f7cbd3a1067d3,4730,Service Calls - Repairs & Part Installation - Tier 2 Repair - Leak Detection Tidewater Hospitality (Bubbles / Electronic),labor,1.0,96.0,96.0
invoice_9dba5099a3864e52875233f8dfe197f6,job_d4327bd5ddd34572bf4f7cbd3a1067d3,4730,Service & Repair Fee - Standard,labor,1.0,102.0,102.0
invoice_07dc872ddea74dfca6bbbc45465b8c84,job_c35e293068fc4a128d6f0c94f02037e0,4729,Diagnostic/dispatch fees - Service and Repair Call - Osprey Pointe,labor,1.0,256.0,256.0
invoice_07dc872ddea74dfca6bbbc45465b8c84,job_c35e293068fc4a128d6f0c94f02037e0,4729,Service Calls - Repairs & Part Installation - Tier 2 Repair - Leak Detection Tidewater Hospitality (Bubbles / Electronic),labor,1.0,96.0,96.0
invoice_07dc872ddea74dfca6bbbc45465b8c84,job_c35e293068fc4a128d6f0c94f02037e0,4729,Generic Parts / Service - R410a refrigerant,material,3.0,132.0,396.0
invoice_6440ce6ccb29465a806c33ff6a607867,job_5b1589296eae480f93bc30d9dbe32344,4728,3 BATHROOM SLAB HOME WATER ONLY,labor,1.0,16970.0,16970.0
invoice_6440ce6ccb29465a806c33ff6a607867,job_5b1589296eae480f93bc30d9dbe32344,4728,ADD ON YARD LINE,labor,1.0,499.0,499.0
invoice_6440ce6ccb29465a806c33ff6a607867,job_5b1589296eae480f93bc30d9dbe32344,4728,Discount,labor,1.0,-625.75,-625.75
invoice_6440ce6ccb29465a806c33ff6a607867,job_5b1589296eae480f93bc30d9dbe32344,4728,ADD ON SHOWER VALVE,labor,3.0,615.0,1845.0
invoice_19f5b85a6b2f4740bc5f66470a5ec4f7,job_ba6a504e642f495cadbde6516bf015f5,4727,Service & Repair Fee - Standard,labor,1.0,102.0,102.0
invoice_223386031d5047b9ba258300b71de60f,job_d8ff8c9a76064c30873f5eed91c75578,4726,Diagnostic/dispatch fees - Service & Repair Fee - Commercial,labor,1.0,183.0,183.0
invoice_a46f59d2352c436884a1abfc505b7fc3,job_c9f7f410ae4d4366a9b1b358027c9c39,4725,Diagnostic/dispatch fees - Service & Repair Fee - Standard,labor,1.0,92.0,92.0
invoice_a46f59d2352c436884a1abfc505b7fc3,job_c9f7f410ae4d4366a9b1b358027c9c39,4725,Service Calls - Repairs & Part Installation - Tier 3 Repair - Bypass Disconnect & Capacitor Replacement,labor,1.0,206.0,206.0
invoice_b4819479e44b415d8122066b9a3ac675,job_b517f801f1194292abff1147b9de59c6,4724,Service Calls - Service & Repair Fee - After-Hours,labor,1.0,188.0,188.0
invoice_b4819479e44b415d8122066b9a3ac675,job_b517f801f1194292abff1147b9de59c6,4724,Service Calls - Repairs & Part Installation - **Tier 2 Repair - Leak Detection Tidewater Hospitality (Bubbles / Electronic),labor,1.0,107.0,107.0
invoice_b4819479e44b415d8122066b9a3ac675,job_b517f801f1194292abff1147b9de59c6,4724,Service Calls - Repairs & Part Installation - Service,labor,1.0,1151.5,1151.5
invoice_b4819479e44b415d8122066b9a3ac675,job_b517f801f1194292abff1147b9de59c6,4724,MISC Labor - Additional Part Installations,labor,1.0,260.0,260.0
invoice_b4819479e44b415d8122066b9a3ac675,job_b517f801f1194292abff1147b9de59c6,4724,Generic Parts / Service - R410a refrigerant,material,3.0,132.0,396.0
invoice_b4819479e44b415d8122066b9a3ac675,job_b517f801f1194292abff1147b9de59c6,4724,Generic Parts / Service - Filter dryer,material,1.0,103.0,103.0
invoice_b4819479e44b415d8122066b9a3ac675,job_b517f801f1194292abff1147b9de59c6,4724,Unit Specific Parts - Evaporator Coil & EEV,material,1.0,2061.0,2061.0
invoice_b4819479e44b415d8122066b9a3ac675,job_b517f801f1194292abff1147b9de59c6,4724,Generic Parts / Service - R410a refrigerant,material,4.0,132.0,528.0
invoice_b4819479e44b415d8122066b9a3ac675,job_b517f801f1194292abff1147b9de59c6,4724,Unit Specific Parts - Stepper Motor/ EEV Solenoid,material,1.0,236.0,236.0
invoice_0f3e6ec9b71f4db1b612f1868a5db28a,job_1c9fcc2a4fb74736ab9caf511e0e58e7,4723,Diagnostic/dispatch fees - Service & Repair Fee - Standard,labor,1.0,92.0,92.0
invoice_0f3e6ec9b71f4db1b612f1868a5db28a,job_1c9fcc2a4fb74736ab9caf511e0e58e7,4723,Service Calls - Repairs & Part Installation - Tier 3 Repair - Clear Drain Line,labor,1.0,165.0,165.0
invoice_9c485dec0ab34cd6b2309f9eec32c243,job_99d166bcb631418ea91d112b0c6e45d9,4722,Diagnostic/dispatch fees - Service & Repair Fee - After-Hours,labor,1.0,184.0,184.0
invoice_9c485dec0ab34cd6b2309f9eec32c243,job_99d166bcb631418ea91d112b0c6e45d9,4722,Service Calls - Repairs & Part Installation - Tier 2 Repair - Cut and Manually Open Damper,labor,1.0,106.0,106.0
invoice_c2234a922c7f4a1bb979626d7763fde8,job_1c21a29561a743768139dbc8cb4aff48,4721,Diagnostic/dispatch fees - Service & Repair Fee - Standard,labor,1.0,186.0,186.0
invoice_affab794bfeb42dda1fbc49c90bcd3dc,job_d718f5761df742fbba015020812ae740,4720,Diagnostic/dispatch fees - Service and Repair Call - Osprey Pointe,labor,1.0,256.0,256.0
invoice_affab794bfeb42dda1fbc49c90bcd3dc,job_d718f5761df742fbba015020812ae740,4720,Service Calls - Repairs & Part Installation - Tier 3 Repair - Clear Drain Line,labor,1.0,165.0,165.0
invoice_b785ef5bb43a49579cb12683df0bc48a,job_847177c51d32407ebc60008f4f3c617d,4719,Service Calls - Repairs & Part Installation - Service,labor,1.0,1151.5,1151.5
invoice_b785ef5bb43a49579cb12683df0bc48a,job_847177c51d32407ebc60008f4f3c617d,4719,Service Calls - Repairs & Part Installation - **Tier 3 Repair - Reconfigure PVC,labor,1.0,164.0,164.0
invoice_b785ef5bb43a49579cb12683df0bc48a,job_847177c51d32407ebc60008f4f3c617d,4719,Generic Parts / Service - Filter dryer,material,1.0,103.0,103.0
invoice_b785ef5bb43a49579cb12683df0bc48a,job_847177c51d32407ebc60008f4f3c617d,4719,Unit Specific Parts - Evaporator Coil & TXV,material,1.0,2954.0,2954.0
invoice_b785ef5bb43a49579cb12683df0bc48a,job_847177c51d32407ebc60008f4f3c617d,4719,Generic Parts / Service - R410a refrigerant,material,4.0,132.0,528.0
invoice_abd2c734d4964acd82c8254978ac0364,job_d9fe0e5c3a8e4034b6b343d591e16900,4718,Diagnostic/dispatch fees - Service & Repair Fee - Standard,labor,1.0,92.0,92.0
invoice_dcf004a5ba91410ba9ed50961e833752,job_c5e70d6910ca4017b0ed197c953966a5,4717,Service & Repair Fee - Standard,labor,1.0,102.0,102.0
invoice_782c6a95ae00450d86dafec666d0704e,job_5bab6309af3143eaba211b80790b3fa0,4716,Diagnostic/dispatch fees - Service & Repair Fee - After-Hours,labor,1.0,184.0,184.0
invoice_782c6a95ae00450d86dafec666d0704e,job_5bab6309af3143eaba211b80790b3fa0,4716,Service Calls - Repairs & Part Installation - Tier 3 Repair - Clear Drain Line,labor,1.0,165.0,165.0
invoice_0a0601c76bd6487e8b58541c3b0f8302,job_2bf7e627a34845e4bc6fcfd605d011dc,4715,Diagnostic/dispatch fees - Service & Repair Fee - After-Hours,labor,1.0,184.0,184.0
invoice_0a0601c76bd6487e8b58541c3b0f8302,job_2bf7e627a34845e4bc6fcfd605d011dc,4715,Service Calls - Repairs & Part Installation - Tier 2 Repair - Clean Valve Screen,labor,1.0,104.0,104.0
invoice_9908dd384dd14db193f811e7e72336fb,job_e13959eadbdf4d4494193afc898e42b8,4714,Diagnostic/dispatch fees - Service & Repair Fee - After-Hours,labor,1.0,184.0,184.0
invoice_9908dd384dd14db193f811e7e72336fb,job_e13959eadbdf4d4494193afc898e42b8,4714,Service Calls - Repairs & Part Installation - Tier 2 Repair - Re-level Drain,labor,1.0,103.0,103.0
invoice_bd43d95de3b64559b72e975bb8fa424c,job_59596f97757e42e8b06e8dfe9cfab189,4713,Diagnostic/dispatch fees - Service & Repair Fee - Standard,labor,1.0,92.0,92.0
invoice_bd43d95de3b64559b72e975bb8fa424c,job_59596f97757e42e8b06e8dfe9cfab189,4713,Service Calls - Repairs & Part Installation - Tier 3 Repair - Clear Drain Line,labor,1.0,165.0,165.0
invoice_8ba82abfc1a048fb954682383d80335f,job_604af1c19b374a5b9af949cb4369f19b,4712,HCPA Osprey Pointe SERVICE CALL.,labor,1.0,101.0,101.0
invoice_302d89202f2a4098b0e33a472084c9f0,job_1a6f93e5a0464a89be7ff47bb0eaff7b,4711,Diagnostic/dispatch fees - Service & Repair Fee - Standard,labor,1.0,92.0,92.0
invoice_302d89202f2a4098b0e33a472084c9f0,job_1a6f93e5a0464a89be7ff47bb0eaff7b,4711,Service Calls - Repairs & Part Installation - Tier 3 Repair - Clear Drain Line,labor,1.0,165.0,165.0
invoice_7e34fed098ec4b968c6fd77d0cb4691e,job_82b436a85e4a4f46826d8712af68e417,4710,Diagnostic/dispatch fees - Service & Repair Fee - Standard,labor,1.0,92.0,92.0
invoice_7e34fed098ec4b968c6fd77d0cb4691e,job_82b436a85e4a4f46826d8712af68e417,4710,Service Calls - Repairs & Part Installation - Tier 3 Repair - Capacitor Replacement,labor,1.0,165.0,165.0
invoice_31c7da64378f43b3bb61bd6a006e4a08,job_9b2ffdb9cf914938a43fff5ec06723ed,4709,Service Calls - Service & Repair Fee - After-Hours,labor,1.0,188.0,188.0
invoice_31c7da64378f43b3bb61bd6a006e4a08,job_9b2ffdb9cf914938a43fff5ec06723ed,4709,Service Calls - Repairs & Part Installation - **Tier 3 Repair - Capacitor Replacement,labor,1.0,180.0,180.0
invoice_31c7da64378f43b3bb61bd6a006e4a08,job_9b2ffdb9cf914938a43fff5ec06723ed,4709,Service Calls - Repairs & Part Installation - **Tier 2 Repair - Leak Detection Tidewater Hospitality (Bubbles / Electronic),labor,1.0,107.0,107.0
invoice_31c7da64378f43b3bb61bd6a006e4a08,job_9b2ffdb9cf914938a43fff5ec06723ed,4709,System Installation,labor,1.0,1410.0,1410.0
invoice_31c7da64378f43b3bb61bd6a006e4a08,job_9b2ffdb9cf914938a43fff5ec06723ed,4709,Generic Parts / Service - R410a refrigerant,material,2.0,132.0,264.0
invoice_31c7da64378f43b3bb61bd6a006e4a08,job_9b2ffdb9cf914938a43fff5ec06723ed,4709,Carrier Coastal Heat Pump - 2.5 Ton Condenser - 15 SEER,material,1.0,5595.75,5595.75
invoice_31c7da64378f43b3bb61bd6a006e4a08,job_9b2ffdb9cf914938a43fff5ec06723ed,4709,"Comfort Series Fan Coil Multipoise, ECM Motor for Puron Advance - 2.5 Ton",material,1.0,2492.75,2492.75
invoice_31c7da64378f43b3bb61bd6a006e4a08,job_9b2ffdb9cf914938a43fff5ec06723ed,4709,Electric Heater - 8kW 240 Volt-Single Phase with Terminal Block,material,1.0,258.5,258.5
invoice_31c7da64378f43b3bb61bd6a006e4a08,job_9b2ffdb9cf914938a43fff5ec06723ed,4709,Honeywell Home FocusPRO® N100,material,1.0,190.0,190.0
invoice_31c7da64378f43b3bb61bd6a006e4a08,job_9b2ffdb9cf914938a43fff5ec06723ed,4709,Add Ons - Concrete Pad,material,1.0,256.0,256.0
invoice_31c7da64378f43b3bb61bd6a006e4a08,job_9b2ffdb9cf914938a43fff5ec06723ed,4709,Add Ons - Metal Air Handler Stand,material,1.0,119.0,119.0
invoice_31c7da64378f43b3bb61bd6a006e4a08,job_9b2ffdb9cf914938a43fff5ec06723ed,4709,Add Ons - Drain package,material,1.0,277.75,277.75
invoice_adeeb2708ea34027a007efc24b131268,job_b55e65e45c024e64b0eea630526c1f29,4708,Visit #3,labor,1.0,97.0,97.0
invoice_e659aa1187a0481dba825432ca9cb91f,job_b0e193b9516e490ba9468079f42f612e,4707,Diagnostic/dispatch fees - Service & Repair Fee - After-Hours,labor,1.0,184.0,184.0
invoice_e659aa1187a0481dba825432ca9cb91f,job_b0e193b9516e490ba9468079f42f612e,4707,Service Calls - Repairs & Part Installation - Tier 3 Repair - Clear Drain Line,labor,1.0,165.0,165.0
invoice_641e07bfd6034f3c917bcc36fda7a073,job_4cd8fefb0b08403cbb1e2a76f61a41a7,4706,Diagnostic/dispatch fees - Service & Repair Fee - Standard,labor,1.0,92.0,92.0
invoice_641e07bfd6034f3c917bcc36fda7a073,job_4cd8fefb0b08403cbb1e2a76f61a41a7,4706,Service Calls - Repairs & Part Installation - Tier 3 Repair - Clear Condensation Pump,labor,1.0,180.0,180.0
invoice_43a754decb2e480088f393943339eeb0,job_1d1355a254c64cb486ca364cfc708ac4,4705,New System Installation - System Installation,labor,1.0,1584.0,1584.0
invoice_43a754decb2e480088f393943339eeb0,job_1d1355a254c64cb486ca364cfc708ac4,4705,Service Calls - Repairs & Part Installation - **Tier 2 Repair - Rewire Thermostat,labor,1.0,334.0,334.0
invoice_43a754decb2e480088f393943339eeb0,job_1d1355a254c64cb486ca364cfc708ac4,4705,2 Ton - STANDARD CHOICE 15 VARIABLE SPEED - Trane 2 Ton 15.2 Seer2 (16 SEER) Heat Pump System,material,1.0,8851.0,8851.0
invoice_43a754decb2e480088f393943339eeb0,job_1d1355a254c64cb486ca364cfc708ac4,4705,Generic Parts / Service - Ecobee 6 Thermostat,material,1.0,428.0,428.0
invoice_05d09add68e14375b0923a5d053b1590,job_a092a89e24e44e7e9702c476b5438f2e,4704,Diagnostic/dispatch fees - Service & Repair Fee - Standard,labor,1.0,92.0,92.0
invoice_05d09add68e14375b0923a5d053b1590,job_a092a89e24e44e7e9702c476b5438f2e,4704,Service Calls - Repairs & Part Installation - Tier 3 Repair - Capacitor Replacement,labor,1.0,165.0,165.0
invoice_7562dfefc221487fab2fb050a5a9ce32,job_0eabb665af7048eb8ca06d481b646eba,4703,New System Installation - System Installation,labor,1.0,484.0,484.0
invoice_7562dfefc221487fab2fb050a5a9ce32,job_0eabb665af7048eb8ca06d481b646eba,4703,PTAC Heatpump and 3.5kw Heater,material,1.0,1940.0,1940.0
invoice_01fc70064935471abd5c13693403c3a7,job_655f18edc86842e5a052d819cee1a5e8,4702,Service & Repair Fee - Standard,labor,1.0,102.0,102.0
invoice_01fc70064935471abd5c13693403c3a7,job_655f18edc86842e5a052d819cee1a5e8,4702,Service Calls - Repairs & Part Installation - Tier 3 Repair - Capacitor Replacement,labor,1.0,165.0,165.0
invoice_01fc70064935471abd5c13693403c3a7,job_655f18edc86842e5a052d819cee1a5e8,4702,Service Calls - Repairs & Part Installation - Tier 2 Repair - Reconfigure Thermostat,labor,1.0,96.0,96.0
invoice_01fc70064935471abd5c13693403c3a7,job_655f18edc86842e5a052d819cee1a5e8,4702,Service Calls - Repairs & Part Installation - Tier 2 Repair - Bypass High Voltage Disconnect,labor,1.0,97.0,97.0
invoice_cfb041aeb32a421f819d31b739ea1a60,job_4c5f7120217646899617aa9f860fb8c6,4701,Diagnostic/dispatch fees - Service & Repair Fee - Standard,labor,1.0,92.0,92.0
invoice_cfb041aeb32a421f819d31b739ea1a60,job_4c5f7120217646899617aa9f860fb8c6,4701,Service Calls - Repairs & Part Installation - Tier 3 Repair - Clear Drain Line,labor,1.0,165.0,165.0
invoice_03fd8f9fc8734cdd9c38fcfdf77b5c90,job_65ac12ef864f4a568c2f7c2ed4bf767a,4700,System Installation,labor,1.0,1410.0,1410.0
invoice_03fd8f9fc8734cdd9c38fcfdf77b5c90,job_65ac12ef864f4a568c2f7c2ed4bf767a,4700,MISC Labor - Pump Down/ Platform Removal,labor,1.0,1030.0,1030.0
invoice_03fd8f9fc8734cdd9c38fcfdf77b5c90,job_65ac12ef864f4a568c2f7c2ed4bf767a,4700,Carrier Coastal Heat Pump - 2 Ton Condenser - 15 SEER,material,1.0,5544.25,5544.25
invoice_03fd8f9fc8734cdd9c38fcfdf77b5c90,job_65ac12ef864f4a568c2f7c2ed4bf767a,4700,"Comfort Series Fan Coil Multipoise, ECM Motor for Puron Advance - 2 Ton",material,1.0,2166.25,2166.25
invoice_03fd8f9fc8734cdd9c38fcfdf77b5c90,job_65ac12ef864f4a568c2f7c2ed4bf767a,4700,Electric Heater - 5kW 240 Volt-Single Phase with Terminal Block,material,1.0,278.5,278.5
invoice_03fd8f9fc8734cdd9c38fcfdf77b5c90,job_65ac12ef864f4a568c2f7c2ed4bf767a,4700,Honeywell Home FocusPRO® N100,material,1.0,190.0,190.0
invoice_03fd8f9fc8734cdd9c38fcfdf77b5c90,job_65ac12ef864f4a568c2f7c2ed4bf767a,4700,Add Ons - Concrete Pad,material,2.0,256.0,512.0
invoice_eba241f2a1d849a7a20e8844c84dff4f,job_0e673e0efd434e36853b441c1b063a23,4699,Service & Repair Fee - Standard,labor,1.0,104.0,104.0
invoice_eba241f2a1d849a7a20e8844c84dff4f,job_0e673e0efd434e36853b441c1b063a23,4699,Service Calls - Repairs & Part Installation - Rescue Motor,material,1.0,966.0,966.0
invoice_ee6ec20c5094466394733d6aca8bbb36,job_4de1cddfef8d4af387176b8a1013878c,4697,Diagnostic/dispatch fees - Service & Repair Fee - Standard,labor,1.0,92.0,92.0
invoice_ee6ec20c5094466394733d6aca8bbb36,job_4de1cddfef8d4af387176b8a1013878c,4697,Service Calls - Repairs & Part Installation - Rescue Motor,material,1.0,676.0,676.0
invoice_789e8484bb214caa803b924721351eab,job_96362cb388a34294bf3aa0ae2c8e8bca,4696,Diagnostic/dispatch fees - Service & Repair Fee - After-Hours,labor,1.0,184.0,184.0
invoice_789e8484bb214caa803b924721351eab,job_96362cb388a34294bf3aa0ae2c8e8bca,4696,Service Calls - Repairs & Part Installation - Tier 3 Repair - Clear Drain Line,labor,1.0,165.0,165.0
invoice_789e8484bb214caa803b924721351eab,job_96362cb388a34294bf3aa0ae2c8e8bca,4696,Service Calls - Repairs & Part Installation - Tier 3 Repair - Reconfigure PVC,labor,1.0,188.0,188.0
invoice_079a46c03b4b41af94fdb8415b3e56bc,job_a72be1b05b734810b0082b23cd4be924,4695,Service & Repair Fee - Standard,labor,1.0,102.0,102.0
invoice_079a46c03b4b41af94fdb8415b3e56bc,job_a72be1b05b734810b0082b23cd4be924,4695,Service Calls - Repairs & Part Installation - Tier 3 Repair - Clear Drain Line,labor,1.0,165.0,165.0
invoice_af7721809694426fba3f02bd887ff5c4,job_660ea09040d149e68ad921e747f0ba9a,4694,New System Installation - System Installation,labor,3.0,1584.0,4752.0
invoice_af7721809694426fba3f02bd887ff5c4,job_660ea09040d149e68ad921e747f0ba9a,4694,Service Calls - Repairs & Part Installation - Tier 4 Repair - Replace Existing Condensate Pump,labor,1.0,306.0,306.0
invoice_af7721809694426fba3f02bd887ff5c4,job_660ea09040d149e68ad921e747f0ba9a,4694,Duct Tidewater Hospitality / Repair - Plenum / Duct Board Replacement - Plenum Only,labor,1.0,436.0,436.0
invoice_af7721809694426fba3f02bd887ff5c4,job_660ea09040d149e68ad921e747f0ba9a,4694,"Duct Tidewater Hospitality / Repair - Duct Board Replacement - 1"" for Insulated Residential",labor,4.0,174.5,698.0
invoice_af7721809694426fba3f02bd887ff5c4,job_660ea09040d149e68ad921e747f0ba9a,4694,Clean and Replace Supply Grilles,labor,4.0,80.0,320.0
invoice_af7721809694426fba3f02bd887ff5c4,job_660ea09040d149e68ad921e747f0ba9a,4694,Preventative Maintenance - Residential Preventative Maintenance,labor,1.0,92.0,92.0
invoice_af7721809694426fba3f02bd887ff5c4,job_660ea09040d149e68ad921e747f0ba9a,4694,"BASIC 14 - Trane 5 Ton 14.3 Seer2 (15 SEER) Heat Pump System

Main hvac system for 1st and 2nd floors",material,1.0,10670.0,10670.0
invoice_af7721809694426fba3f02bd887ff5c4,job_660ea09040d149e68ad921e747f0ba9a,4694,"BASIC 14 - Trane 2 Ton 14.3 Seer2 (15 SEER) Heat Pump System

1 system is for master bedroom HVAC. Located on 2nd floor. 
1 system is for basement HVAC.",material,2.0,8034.0,16068.0
invoice_af7721809694426fba3f02bd887ff5c4,job_660ea09040d149e68ad921e747f0ba9a,4694,Zone System - EWR Zone System Control,material,1.0,2743.0,2743.0
invoice_af7721809694426fba3f02bd887ff5c4,job_660ea09040d149e68ad921e747f0ba9a,4694,Ecobee 3 Thermostat,material,1.0,315.0,315.0
invoice_af7721809694426fba3f02bd887ff5c4,job_660ea09040d149e68ad921e747f0ba9a,4694,Generic Parts / Service - Condensate pump,material,1.0,153.0,153.0
invoice_af7721809694426fba3f02bd887ff5c4,job_660ea09040d149e68ad921e747f0ba9a,4694,ADDITION - Insulated Wrap New Air Handlers,material,2.0,313.0,626.0
invoice_af7721809694426fba3f02bd887ff5c4,job_660ea09040d149e68ad921e747f0ba9a,4694,Duct Installation Labor,labor,100.0,24.0,2400.0
invoice_af7721809694426fba3f02bd887ff5c4,job_660ea09040d149e68ad921e747f0ba9a,4694,"MASTER SUITE - Duct Tidewater Hospitality / Repair - Duct Board Replacement - 1.5"" for Non-Insulated and Commercial",labor,8.0,195.0,1560.0
invoice_af7721809694426fba3f02bd887ff5c4,job_660ea09040d149e68ad921e747f0ba9a,4694,MASTER SUITE - Duct Tidewater Hospitality / Repair - Replace Supply - Flex and Register,labor,6.0,489.0,2934.0
invoice_af7721809694426fba3f02bd887ff5c4,job_660ea09040d149e68ad921e747f0ba9a,4694,"TOP FLOOR - Duct Tidewater Hospitality / Repair - Duct Board Replacement - 1.5"" for Non-Insulated and Commercial",labor,10.0,189.0,1890.0
invoice_af7721809694426fba3f02bd887ff5c4,job_660ea09040d149e68ad921e747f0ba9a,4694,TOP FLOOR - Duct Tidewater Hospitality / Repair - Replace Supply - Flex and Boot,labor,8.0,444.0,3552.0
invoice_af7721809694426fba3f02bd887ff5c4,job_660ea09040d149e68ad921e747f0ba9a,4694,"BOTTOM FLOOR - Duct Tidewater Hospitality / Repair - Duct Board Replacement - 1.5"" for Non-Insulated and Commercial",labor,10.0,198.0,1980.0
invoice_af7721809694426fba3f02bd887ff5c4,job_660ea09040d149e68ad921e747f0ba9a,4694,BOTTOM FLOOR - Duct Tidewater Hospitality / Repair - Replace Supply - Reconnect Flex and Add Register,labor,15.0,309.0,4635.0
invoice_af7721809694426fba3f02bd887ff5c4,job_660ea09040d149e68ad921e747f0ba9a,4694,MOTHER IN LAW SUITE - Duct Tidewater Hospitality / Repair - Plenum / Duct Board Replacement - Plenum Only,labor,1.0,534.0,534.0
invoice_af7721809694426fba3f02bd887ff5c4,job_660ea09040d149e68ad921e747f0ba9a,4694,MOTHER IN LAW SUITE - Return Box & Filter Back Return Grille,labor,1.0,515.0,515.0
invoice_af7721809694426fba3f02bd887ff5c4,job_660ea09040d149e68ad921e747f0ba9a,4694,MOTHER IN LAW SUITE - Replace Existing Condensate Pump,labor,1.0,360.0,360.0
invoice_af7721809694426fba3f02bd887ff5c4,job_660ea09040d149e68ad921e747f0ba9a,4694,DOWNSTAIRS - Supply Grilles,labor,9.0,53.0,477.0
invoice_4975c993ad66499ca0805c2f6056c443,job_e0605db5b09c4dbfbafbd1fb9191de05,4693,Service & Repair Fee - Standard,labor,1.0,102.0,102.0
invoice_4975c993ad66499ca0805c2f6056c443,job_e0605db5b09c4dbfbafbd1fb9191de05,4693,Duct Tidewater Hospitality / Repair - Replace Supply - Remove Boot & Flex and Reseal Area,labor,1.0,360.0,360.0
invoice_38ffe20bfc6a4a869b039291ffaebded,job_65ac12ef864f4a568c2f7c2ed4bf767a,4691,System Installation,labor,1.0,1410.0,1410.0
invoice_38ffe20bfc6a4a869b039291ffaebded,job_65ac12ef864f4a568c2f7c2ed4bf767a,4691,MISC Labor - Pump Down/ Platform Removal,labor,1.0,1030.0,1030.0
invoice_38ffe20bfc6a4a869b039291ffaebded,job_65ac12ef864f4a568c2f7c2ed4bf767a,4691,Carrier Coastal Heat Pump - 2 Ton Condenser - 15 SEER,material,1.0,5544.25,5544.25
invoice_38ffe20bfc6a4a869b039291ffaebded,job_65ac12ef864f4a568c2f7c2ed4bf767a,4691,"Comfort Series Fan Coil Multipoise, ECM Motor for Puron Advance - 2 Ton",material,1.0,2166.25,2166.25
invoice_38ffe20bfc6a4a869b039291ffaebded,job_65ac12ef864f4a568c2f7c2ed4bf767a,4691,Electric Heater - 5kW 240 Volt-Single Phase with Terminal Block,material,1.0,278.5,278.5
invoice_38ffe20bfc6a4a869b039291ffaebded,job_65ac12ef864f4a568c2f7c2ed4bf767a,4691,Honeywell Home FocusPRO® N100,material,1.0,190.0,190.0
invoice_38ffe20bfc6a4a869b039291ffaebded,job_65ac12ef864f4a568c2f7c2ed4bf767a,4691,Add Ons - Concrete Pad,material,2.0,256.0,512.0
invoice_e7e1f9a2d57b46919b6792e449646ddf,job_e87808e8e6744dca892e1a98dc14be7e,4690,Service & Repair Fee - Standard,labor,1.0,102.0,102.0
invoice_e7e1f9a2d57b46919b6792e449646ddf,job_e87808e8e6744dca892e1a98dc14be7e,4690,Service Calls - Repairs & Part Installation - **Tier 2 Repair - Leak Detection Tidewater Hospitality (Bubbles / Electronic),labor,1.0,107.0,107.0
invoice_e7e1f9a2d57b46919b6792e449646ddf,job_e87808e8e6744dca892e1a98dc14be7e,4690,System Installation,labor,1.0,1410.0,1410.0
invoice_e7e1f9a2d57b46919b6792e449646ddf,job_e87808e8e6744dca892e1a98dc14be7e,4690,Service Calls - Repairs & Part Installation - Tier 3 Repair - Clear Drain Line,labor,1.0,165.0,165.0
invoice_e7e1f9a2d57b46919b6792e449646ddf,job_e87808e8e6744dca892e1a98dc14be7e,4690,Carrier Coastal Heat Pump - 4 Ton Condenser - 15 SEER,material,1.0,8222.75,8222.75
invoice_e7e1f9a2d57b46919b6792e449646ddf,job_e87808e8e6744dca892e1a98dc14be7e,4690,"Comfort Series Fan Coil Multipoise, ECM Motor for Puron Advance - 4 Ton",material,1.0,3589.5,3589.5
invoice_e7e1f9a2d57b46919b6792e449646ddf,job_e87808e8e6744dca892e1a98dc14be7e,4690,10 KW Heat Kit,material,1.0,394.5,394.5
invoice_e7e1f9a2d57b46919b6792e449646ddf,job_e87808e8e6744dca892e1a98dc14be7e,4690,Honeywell FocusPro N100,material,1.0,194.0,194.0
invoice_e7e1f9a2d57b46919b6792e449646ddf,job_e87808e8e6744dca892e1a98dc14be7e,4690,Generic Parts / Service - Wet Safety Switch,material,1.0,73.0,73.0
invoice_effe12f0bea24e0e8537f610aaad4bda,job_c616e7028818431dbffb01c488dad291,4689,Diagnostic/dispatch fees - Service & Repair Fee - Standard,labor,1.0,92.0,92.0
invoice_effe12f0bea24e0e8537f610aaad4bda,job_c616e7028818431dbffb01c488dad291,4689,Service Calls - Repairs & Part Installation - Tier 3 Repair - Capacitor Replacement,labor,1.0,165.0,165.0
invoice_11d9e296b33a4f7a892e439f7da2f317,job_2651b34cf59e47b3a4151c4596896fe7,4688,Diagnostic/dispatch fees - Service & Repair Fee - Standard,labor,1.0,92.0,92.0
invoice_11d9e296b33a4f7a892e439f7da2f317,job_2651b34cf59e47b3a4151c4596896fe7,4688,Service Calls - Repairs & Part Installation - Tier 3 Repair - Clear Drain Line,labor,1.0,165.0,165.0
invoice_e0c430853a504c6181cf8212c4f6009e,job_351906794cc74ddf8a3a18537047ed04,4687,Preventative Maintenance - Residential Preventative Maintenance,labor,2.0,92.0,184.0
invoice_492455a2154e4eb08aee30c44cf76fd8,job_0305f99de6ed400486d7b12cdec329b1,4686,Diagnostic/dispatch fees - Service & Repair Fee - After-Hours,labor,1.0,184.0,184.0
invoice_492455a2154e4eb08aee30c44cf76fd8,job_0305f99de6ed400486d7b12cdec329b1,4686,New System Installation - System Installation,labor,1.0,1584.0,1584.0
invoice_492455a2154e4eb08aee30c44cf76fd8,job_0305f99de6ed400486d7b12cdec329b1,4686,2.5 Ton - BUDGET 14 - Trane 2.5 Ton 14.3 Seer2 (15 SEER) Heat Pump System,material,1.0,8694.0,8694.0
invoice_81a012f8f6a946b783195abd843d0bb8,job_a028026fba18486eadf400ef284bf897,4685,HCPA SERVICE CALL.,labor,1.0,101.0,101.0
invoice_81a012f8f6a946b783195abd843d0bb8,job_a028026fba18486eadf400ef284bf897,4685,,labor,1.0,0.0,0.0
invoice_57842f05e9254a71b671d5a9e4cce42e,job_2e09998ef5384257879e62442fc366e3,4684,Service Calls - Repairs & Part Installation - Tier 3 Repair - Capacitor Replacement,labor,1.0,165.0,165.0
invoice_57842f05e9254a71b671d5a9e4cce42e,job_2e09998ef5384257879e62442fc366e3,4684,Diagnostic/dispatch fees - Service & Repair Fee - After-Hours,labor,1.0,184.0,184.0
invoice_4035f7356f414cb09f26a819d64a2feb,job_71eb8449d6314805b3a909d6b47a1701,4683,Preventative Maintenance - Residential Preventative Maintenance,labor,1.0,194.0,194.0
invoice_4035f7356f414cb09f26a819d64a2feb,job_71eb8449d6314805b3a909d6b47a1701,4683,Service Calls - Repairs & Part Installation - Service,labor,1.0,498.25,498.25
invoice_4035f7356f414cb09f26a819d64a2feb,job_71eb8449d6314805b3a909d6b47a1701,4683,WARRANTY Parts / Service - WARRANTY - Condenser Fan Motor,material,1.0,0.0,0.0
invoice_fb3645d369f040849318108e209807ec,job_2b495daa2520458a97c4b7d87022b77d,4682,Service & Repair Fee - Standard,labor,1.0,102.0,102.0
invoice_fb3645d369f040849318108e209807ec,job_2b495daa2520458a97c4b7d87022b77d,4682,Service Calls - Repairs & Part Installation - Tier 3 Repair - Clear Drain Line,labor,1.0,165.0,165.0
invoice_fb3645d369f040849318108e209807ec,job_2b495daa2520458a97c4b7d87022b77d,4682,Service Calls - Repairs & Part Installation - Tier 2 Repair - Coil clean in place,labor,1.0,94.0,94.0
invoice_55fe636f917a48a6ac8bf258c74001b2,job_366573822b1c402cb25ff4f70f1b1634,4681,Attempt to Auger Toilet,labor,1.0,262.25,262.25
invoice_3381161e8fab46989b9564db637773fe,job_df8b37d75aa34533827934015c74ea91,4680,Diagnostic/dispatch fees - Service & Repair Fee - After-Hours,labor,1.0,184.0,184.0
invoice_3381161e8fab46989b9564db637773fe,job_df8b37d75aa34533827934015c74ea91,4680,Service Calls - Repairs & Part Installation - Rescue Motor,material,1.0,676.0,676.0
invoice_1619fe2d9e8a4cf6b82de4231a519cb0,job_6f828c9acfa54873b81df1cc0fe90b84,4679,Preventative Maintenance - Residential Preventative Maintenance,labor,1.0,92.0,92.0
invoice_125d8355e58944a1b9f7a2df1bd7dd63,job_d564f27b186c448e983c0c2aa0f9e0a0,4678,Diagnostic/dispatch fees - Service and Repair Call - Osprey Pointe,labor,1.0,256.0,256.0
invoice_44ff0cf577f74800b5bcf89c326fc13c,job_f8295d14509d4a6fb02e67a120755b74,4677,Service and Repair Call - Osprey Pointe,labor,1.0,269.0,269.0
invoice_44ff0cf577f74800b5bcf89c326fc13c,job_f8295d14509d4a6fb02e67a120755b74,4677,Generic Parts / Service - R410a refrigerant,material,2.0,132.0,264.0
invoice_fdaffb90785f4d118deded7eb978d045,job_84617a792d314457bd682d042daaa1bd,4676,Service & Repair Fee - Standard,labor,1.0,102.0,102.0
invoice_fdaffb90785f4d118deded7eb978d045,job_84617a792d314457bd682d042daaa1bd,4676,Service Calls - Repairs & Part Installation - **Tier 2 Repair - Leak Detection Tidewater Hospitality (Bubbles / Electronic),labor,1.0,107.0,107.0
invoice_fdaffb90785f4d118deded7eb978d045,job_84617a792d314457bd682d042daaa1bd,4676,Service Calls - Repairs & Part Installation - Service,labor,1.0,928.75,928.75
invoice_fdaffb90785f4d118deded7eb978d045,job_84617a792d314457bd682d042daaa1bd,4676,Service Calls - Repairs & Part Installation - Service,labor,1.0,1310.0,1310.0
invoice_fdaffb90785f4d118deded7eb978d045,job_84617a792d314457bd682d042daaa1bd,4676,Generic Parts / Service - R410a refrigerant,material,3.0,132.0,396.0
invoice_fdaffb90785f4d118deded7eb978d045,job_84617a792d314457bd682d042daaa1bd,4676,Generic Parts / Service - Filter dryer,material,1.0,103.0,103.0
invoice_fdaffb90785f4d118deded7eb978d045,job_84617a792d314457bd682d042daaa1bd,4676,Generic Parts / Service - R410a refrigerant,material,8.0,132.0,1056.0
invoice_fdaffb90785f4d118deded7eb978d045,job_84617a792d314457bd682d042daaa1bd,4676,Unit Specific Parts - Evaporator Coil,material,1.0,1052.0,1052.0
invoice_fdaffb90785f4d118deded7eb978d045,job_84617a792d314457bd682d042daaa1bd,4676,Unit Specific Parts - Condenser Coil + Suction Tubing,material,1.0,2159.0,2159.0
invoice_b2bc379606a34fa3bacd082c72a76673,job_8d07a1ee57444b5c98593a31dc96566f,4675,Customer Supplied Kitchen Faucet Install,labor,1.0,241.0,241.0
invoice_4704eb7693404973aaf53ee76c5197ba,job_bde75897f64e4836bb6b3ecb64c94cdc,4674,New Construction - New Construction,labor,672.0,41.0,27552.0
invoice_4704eb7693404973aaf53ee76c5197ba,job_bde75897f64e4836bb6b3ecb64c94cdc,4674,New Construction - Rough-In & Trim-Out,material,7.0,5157.0,36099.0
invoice_4704eb7693404973aaf53ee76c5197ba,job_bde75897f64e4836bb6b3ecb64c94cdc,4674,3.5 Ton - Carrier Heat Pump - 3.5 Ton Condenser - 15 SEER,material,7.0,5399.0,37793.0
invoice_4704eb7693404973aaf53ee76c5197ba,job_bde75897f64e4836bb6b3ecb64c94cdc,4674,"3.5 Ton - Comfort Series Fan Coil Multipoise, ECM Motor for Puron Advance - 3.5 Ton",material,7.0,2369.0,16583.0
invoice_4704eb7693404973aaf53ee76c5197ba,job_bde75897f64e4836bb6b3ecb64c94cdc,4674,10 kW - Electric Heater - 10kW 240 Volt-Single Phase with Terminal Block,material,7.0,201.0,1407.0
invoice_4704eb7693404973aaf53ee76c5197ba,job_bde75897f64e4836bb6b3ecb64c94cdc,4674,Generic Parts / Service - Honeywell FocusPro 5000,material,7.0,194.0,1358.0
invoice_d05a024e7a2d4dcfa0ca14b7bc75b5ac,job_4c244a98f2884f9282c335c4628b9efe,4673,System Installation,labor,1.0,1410.0,1410.0
invoice_d05a024e7a2d4dcfa0ca14b7bc75b5ac,job_4c244a98f2884f9282c335c4628b9efe,4673,Carrier Coastal Heat Pump - 3 Ton Condenser - 15 SEER,material,1.0,6434.0,6434.0
invoice_d05a024e7a2d4dcfa0ca14b7bc75b5ac,job_4c244a98f2884f9282c335c4628b9efe,4673,"Comfort Series Fan Coil Multipoise, ECM Motor for Puron Advance - 3 Ton",material,1.0,2825.0,2825.0
invoice_d05a024e7a2d4dcfa0ca14b7bc75b5ac,job_4c244a98f2884f9282c335c4628b9efe,4673,Electric Heater - 8kW 240 Volt-Single Phase with Terminal Block,material,1.0,258.5,258.5
invoice_d05a024e7a2d4dcfa0ca14b7bc75b5ac,job_4c244a98f2884f9282c335c4628b9efe,4673,Honeywell Home FocusPRO® N100,material,1.0,190.0,190.0
invoice_44da998e306e4ef5857c5d10b46c0dfb,job_1d1355a254c64cb486ca364cfc708ac4,4672,New System Installation - System Installation,labor,1.0,1584.0,1584.0
invoice_44da998e306e4ef5857c5d10b46c0dfb,job_1d1355a254c64cb486ca364cfc708ac4,4672,Service Calls - Repairs & Part Installation - **Tier 2 Repair - Rewire Thermostat,labor,1.0,334.0,334.0
invoice_44da998e306e4ef5857c5d10b46c0dfb,job_1d1355a254c64cb486ca364cfc708ac4,4672,2 Ton - STANDARD CHOICE 15 VARIABLE SPEED - Trane 2 Ton 15.2 Seer2 (16 SEER) Heat Pump System,material,1.0,8851.0,8851.0
invoice_44da998e306e4ef5857c5d10b46c0dfb,job_1d1355a254c64cb486ca364cfc708ac4,4672,Generic Parts / Service - Ecobee 6 Thermostat,material,1.0,428.0,428.0
invoice_823d87d5cc934968929b8ff2bcfa2a09,job_59a6132a0660481fa21a6fbe5a9acba4,4671,Preventative Maintenance - Preventative Maintenance(Gold),labor,1.0,113.0,113.0
invoice_e4a3b891212d482bad30c6c43d3a5934,job_cda1ceb88c6543caa7f0fbcf3833d2f6,4669,Service & Repair Fee - Standard $98,labor,1.0,95.0,95.0
invoice_e4a3b891212d482bad30c6c43d3a5934,job_cda1ceb88c6543caa7f0fbcf3833d2f6,4669,Service Calls - Repairs & Part Installation - Service $465.47,labor,1.0,479.5,479.5
invoice_e4a3b891212d482bad30c6c43d3a5934,job_cda1ceb88c6543caa7f0fbcf3833d2f6,4669,Service Calls - Repairs & Part Installation - **Tier 3 Repair - Clear Drain Line $175,labor,1.0,182.0,182.0
invoice_e4a3b891212d482bad30c6c43d3a5934,job_cda1ceb88c6543caa7f0fbcf3833d2f6,4669,Service Calls - Repairs & Part Installation - Service $450.45,labor,1.0,427.25,427.25
invoice_e4a3b891212d482bad30c6c43d3a5934,job_cda1ceb88c6543caa7f0fbcf3833d2f6,4669,WARRANTY Parts / Service - WARRANTY - Indoor Blower Motor $225,material,1.0,222.0,222.0
invoice_e4a3b891212d482bad30c6c43d3a5934,job_cda1ceb88c6543caa7f0fbcf3833d2f6,4669,Unit Specific Parts - Indoor Control Board $230,material,1.0,234.0,234.0
invoice_cc747a0d72be4c56bbf5c4950850ef51,job_0818dcddd8974835bbe670d9c94031da,4668,System Installation,labor,1.0,1410.0,1410.0
invoice_cc747a0d72be4c56bbf5c4950850ef51,job_0818dcddd8974835bbe670d9c94031da,4668,STANDARD - CHOICE 15 - Trane 3 Ton 15.2 Seer2 (16 SEER) Heat Pump System,material,1.0,11192.0,11192.0
invoice_cc747a0d72be4c56bbf5c4950850ef51,job_0818dcddd8974835bbe670d9c94031da,4668,Metal Air Handler Stand,material,1.0,122.0,122.0
invoice_cc747a0d72be4c56bbf5c4950850ef51,job_0818dcddd8974835bbe670d9c94031da,4668,Add Ons - Drain package,material,1.0,277.75,277.75
invoice_c9a10eedf59442988d70d7bf68065dcc,job_af22fd54c0494a07a5d03ce4a44f408c,4667,Moen Chateau Chrome Shower Valve and Trim,labor,1.0,1624.0,1624.0
invoice_ea8dc4c806f1481b9cb3c3a07f01923b,job_bde75897f64e4836bb6b3ecb64c94cdc,4666,New Construction - New Construction,labor,672.0,41.0,27552.0
invoice_ea8dc4c806f1481b9cb3c3a07f01923b,job_bde75897f64e4836bb6b3ecb64c94cdc,4666,New Construction - Rough-In & Trim-Out,material,7.0,5157.0,36099.0
invoice_ea8dc4c806f1481b9cb3c3a07f01923b,job_bde75897f64e4836bb6b3ecb64c94cdc,4666,3.5 Ton - Carrier Heat Pump - 3.5 Ton Condenser - 15 SEER,material,7.0,5399.0,37793.0
invoice_ea8dc4c806f1481b9cb3c3a07f01923b,job_bde75897f64e4836bb6b3ecb64c94cdc,4666,"3.5 Ton - Comfort Series Fan Coil Multipoise, ECM Motor for Puron Advance - 3.5 Ton",material,7.0,2369.0,16583.0
invoice_ea8dc4c806f1481b9cb3c3a07f01923b,job_bde75897f64e4836bb6b3ecb64c94cdc,4666,10 kW - Electric Heater - 10kW 240 Volt-Single Phase with Terminal Block,material,7.0,201.0,1407.0
invoice_ea8dc4c806f1481b9cb3c3a07f01923b,job_bde75897f64e4836bb6b3ecb64c94cdc,4666,Generic Parts / Service - Honeywell FocusPro 5000,material,7.0,194.0,1358.0
invoice_d9afec15887e49b9acf39b833c1c2e81,job_cda1ceb88c6543caa7f0fbcf3833d2f6,4665,Service & Repair Fee - Standard,labor,1.0,102.0,102.0
invoice_d9afec15887e49b9acf39b833c1c2e81,job_cda1ceb88c6543caa7f0fbcf3833d2f6,4665,Service Calls - Repairs & Part Installation - Service,labor,1.0,498.25,498.25
invoice_d9afec15887e49b9acf39b833c1c2e81,job_cda1ceb88c6543caa7f0fbcf3833d2f6,4665,Service Calls - Repairs & Part Installation - **Tier 3 Repair - Clear Drain Line,labor,1.0,186.0,186.0
invoice_d9afec15887e49b9acf39b833c1c2e81,job_cda1ceb88c6543caa7f0fbcf3833d2f6,4665,Service Calls - Repairs & Part Installation - Service,labor,1.0,436.0,436.0
invoice_d9afec15887e49b9acf39b833c1c2e81,job_cda1ceb88c6543caa7f0fbcf3833d2f6,4665,WARRANTY Parts / Service - WARRANTY - Indoor Blower Motor,material,1.0,219.0,219.0
invoice_d9afec15887e49b9acf39b833c1c2e81,job_cda1ceb88c6543caa7f0fbcf3833d2f6,4665,Unit Specific Parts - Indoor Control Board,material,1.0,246.0,246.0
invoice_a6bcb3b2403944ed9dceaf8265359a19,job_bd5c156cd02f48da9ff495e7248e9c2a,4664,Replace Washer Box Valves,labor,1.0,569.75,569.75
invoice_43e700e04b9a4374892f5eba2d913591,job_1b0a5300455a4240846586d631a41ee3,4662,Diagnostic/dispatch fees - Service and Repair Call - Osprey Pointe,labor,1.0,256.0,256.0
invoice_43e700e04b9a4374892f5eba2d913591,job_1b0a5300455a4240846586d631a41ee3,4662,Service Calls - Repairs & Part Installation - Tier 3 Repair - Clear Drain Line,labor,1.0,165.0,165.0
invoice_742aae47752a4dc5b2e671f01ade48c6,job_06c279897fa549eda75bad79adb970ca,4661,PLUMBING EMERGENCY CALL,labor,1.0,214.0,214.0
invoice_ad9e9f7107f74aafa860c7f53ffa644e,job_32ab1887a6834d2ba9db6275bb064b42,4660,Service Calls - Tidewater Hospitality Service & Repair Fee - Standard,labor,1.0,92.0,92.0
invoice_ad9e9f7107f74aafa860c7f53ffa644e,job_32ab1887a6834d2ba9db6275bb064b42,4660,Service Calls - Repairs & Part Installation - **Tier 1 Repair - Clean Debris from Pan,labor,1.0,48.0,48.0
invoice_deb96c79a86f48e08e17ef356741caab,job_f94371a6a42c462ebe98b2c4400b11d3,4659,Preventative Maintenance - Residential Preventative Maintenance,labor,1.0,92.0,92.0
invoice_da0dfcd1dc5f4a0dac083f52c57558a8,job_1631207412194db89066cb50ae9e9475,4658,Preventative Maintenance - Residential Preventative Maintenance,labor,3.0,92.0,276.0
invoice_e1436c3a33234b25b75353675f3f6515,job_c54d0336d44c40ed9365301359d7b66a,4657,Service Calls - Repairs & Part Installation - **Tier 2 Repair - Leak Detection Tidewater Hospitality (Bubbles / Electronic),labor,1.0,107.0,107.0
invoice_e1436c3a33234b25b75353675f3f6515,job_c54d0336d44c40ed9365301359d7b66a,4657,Service Calls - Service & Repair Fee - Standard,labor,1.0,96.0,96.0
invoice_e8bd1b72c93c4affa07e119f6cd6d084,job_731bd72a81104434a746f8346f5afd42,4656,Service Calls - Service & Repair Fee - After-Hours,labor,1.0,188.0,188.0
invoice_3e4cca2db7804e66af7e05a7c5d3f4ad,job_13003d99f46446c88bb5c68bd3430e49,4655,Service & Repair Fee - Standard,labor,1.0,102.0,102.0
invoice_3e4cca2db7804e66af7e05a7c5d3f4ad,job_13003d99f46446c88bb5c68bd3430e49,4655,Service Calls - Repairs & Part Installation - **Tier 3 Repair - Capacitor Replacement,labor,1.0,180.0,180.0
invoice_139b4554486b485aaefe7bb0e8830273,job_12b395b72da44163abea45d90c48f2cf,4654,Service Calls - Service & Repair Fee - Commercial After Hours,labor,1.0,269.0,269.0
invoice_9cc41107d0ce4a81b19ef09346ae07e9,job_4b05f62e11714ca28cf3a33419b4d141,4653,Service & Repair Fee - Standard,labor,1.0,102.0,102.0
invoice_c8be075298674011a1680274658495c4,job_0a450483070f4639bc77be5cc79148ed,4652,Service & Repair Fee - Standard,labor,1.0,102.0,102.0
invoice_c8be075298674011a1680274658495c4,job_0a450483070f4639bc77be5cc79148ed,4652,Generic Parts / Service - R410a refrigerant,material,3.0,132.0,396.0
invoice_688f6f3c3a414ec5accaba66af3f6e67,job_2a8183beb0154e6eb09a83ad42239f90,4651,Service Calls - Service & Repair Fee - Standard,labor,1.0,96.0,96.0
invoice_cbc740686ef84e669c338b7a09180e64,job_f45feab6b3fd46c194000a589159d5ee,4650,Service Calls - Service & Repair Fee - After-Hours,labor,1.0,188.0,188.0
invoice_cbc740686ef84e669c338b7a09180e64,job_f45feab6b3fd46c194000a589159d5ee,4650,Service Calls - Repairs & Part Installation - Tier 1 Repair - Patching,labor,1.0,76.0,76.0
invoice_1c78e4cd359f473a98e21099c8e520bb,job_04d6efc018cb46ffaa27bb3ae6024004,4649,Service Calls - Service & Repair Fee - Standard,labor,1.0,96.0,96.0
invoice_1c78e4cd359f473a98e21099c8e520bb,job_04d6efc018cb46ffaa27bb3ae6024004,4649,Duct Tidewater Hospitality / Repair - Replace Supply - Flex Only,labor,2.0,334.0,668.0
invoice_1c78e4cd359f473a98e21099c8e520bb,job_04d6efc018cb46ffaa27bb3ae6024004,4649,Service Calls - Repairs & Part Installation - Tier 1 Repair - Patching,labor,2.0,76.0,152.0
invoice_1c78e4cd359f473a98e21099c8e520bb,job_04d6efc018cb46ffaa27bb3ae6024004,4649,Duct Tidewater Hospitality / Repair - Replace Supply - Flex and Boot,labor,1.0,503.25,503.25
invoice_1c78e4cd359f473a98e21099c8e520bb,job_04d6efc018cb46ffaa27bb3ae6024004,4649,New Construction - New Construction,labor,8.0,61.75,494.0
invoice_3dc947fe07cd44a599eb70f8244b523b,job_2802bed26dbd4b1a9dce3dc2f1b0ce88,4648,Service Calls - Service & Repair Fee - After-Hours,labor,1.0,188.0,188.0
invoice_3dc947fe07cd44a599eb70f8244b523b,job_2802bed26dbd4b1a9dce3dc2f1b0ce88,4648,Service Calls - Repairs & Part Installation - **Tier 3 Repair - Clear Drain Line,labor,2.0,186.0,372.0
invoice_3dc947fe07cd44a599eb70f8244b523b,job_2802bed26dbd4b1a9dce3dc2f1b0ce88,4648,Service Calls - Repairs & Part Installation - **Tier 2 Repair - Replace safety switch,material,1.0,103.0,103.0
invoice_86b0b1cd66ea4887b3028708ca2a429a,job_9c027094429a4e2d9d66127b13e37f09,4647,Service Calls - Service & Repair Fee - After-Hours,labor,1.0,188.0,188.0
invoice_86b0b1cd66ea4887b3028708ca2a429a,job_9c027094429a4e2d9d66127b13e37f09,4647,Service Calls - Repairs & Part Installation - **Tier 3 Repair - Capacitor Replacement,labor,1.0,180.0,180.0
invoice_c3359b1f29404574b2f0517c6a0bc675,job_13ae13f531b14760a2df636fa1f5e225,4646,Visit #4,labor,1.0,81.0,81.0
invoice_d1df5794b85747faa5f8cd21ff762b4f,job_89cf5b3b4d3c467a9f6961d9b7416955,4645,Service Calls - Repairs & Part Installation - **Tier 2 Repair - Coil clean in place,labor,1.0,104.0,104.0
invoice_44b31c21d5804e6cac55650399fadb37,job_4f15624266a54b7b96e12f1eef221ba6,4644,Service Calls - Service and Repair Call - Osprey Pointe,labor,1.0,258.0,258.0
invoice_44b31c21d5804e6cac55650399fadb37,job_4f15624266a54b7b96e12f1eef221ba6,4644,Service Calls - Repairs & Part Installation - **Tier 3 Repair - Capacitor Replacement,labor,1.0,180.0,180.0
invoice_44b31c21d5804e6cac55650399fadb37,job_4f15624266a54b7b96e12f1eef221ba6,4644,Service Calls - Repairs & Part Installation - **Tier 1 Repair - Cool Condenser Fan Motor,labor,1.0,53.0,53.0
invoice_16922e04fef44cb29245d2cb9fa42959,job_1aa15caf8e1e423bb2290cfdc705356f,4643,Service & Repair Fee - Standard,labor,1.0,102.0,102.0
invoice_16922e04fef44cb29245d2cb9fa42959,job_1aa15caf8e1e423bb2290cfdc705356f,4643,Service Calls - Repairs & Part Installation - Service,labor,1.0,928.75,928.75
invoice_16922e04fef44cb29245d2cb9fa42959,job_1aa15caf8e1e423bb2290cfdc705356f,4643,Service Calls - Repairs & Part Installation - **Tier 2 Repair - Leak Detection Tidewater Hospitality (Bubbles / Electronic),labor,1.0,107.0,107.0
invoice_16922e04fef44cb29245d2cb9fa42959,job_1aa15caf8e1e423bb2290cfdc705356f,4643,Generic Parts / Service - R410a refrigerant,material,7.0,132.0,924.0
invoice_16922e04fef44cb29245d2cb9fa42959,job_1aa15caf8e1e423bb2290cfdc705356f,4643,Generic Parts / Service - Filter dryer,material,1.0,103.0,103.0
invoice_16922e04fef44cb29245d2cb9fa42959,job_1aa15caf8e1e423bb2290cfdc705356f,4643,WARRANTY Parts / Service - WARRANTY - Evaporator Coil,material,1.0,0.0,0.0
invoice_3ef784ba47044c3e880c7cf366b684f7,job_8e96d201b99d4d7196b7118ae6272ee7,4642,Service Calls - Service & Repair Fee - Commercial,labor,1.0,168.0,168.0
invoice_3ef784ba47044c3e880c7cf366b684f7,job_8e96d201b99d4d7196b7118ae6272ee7,4642,Service Calls - Repairs & Part Installation - **Tier 3 Repair - Commercial Coil clean in place,labor,3.0,283.0,849.0
invoice_3ef784ba47044c3e880c7cf366b684f7,job_8e96d201b99d4d7196b7118ae6272ee7,4642,Generic Parts / Service - Filters,material,1.0,106.0,106.0
invoice_fde0464a9d594d61bbaae1206c717cbb,job_86f349d33733438ca5877d48e94c885e,4641,Service Calls - Service & Repair Fee - Standard,labor,1.0,96.0,96.0
invoice_fde0464a9d594d61bbaae1206c717cbb,job_86f349d33733438ca5877d48e94c885e,4641,Service Calls - Repairs & Part Installation - **Tier 3 Repair - Clear Drain Line,labor,1.0,186.0,186.0
invoice_4a00b3058c0443ea86a30ec306bbd16c,job_4c1805b8e8a7460f83588641d35f6ef6,4640,Service & Repair Fee - Standard,labor,1.0,102.0,102.0
invoice_4a00b3058c0443ea86a30ec306bbd16c,job_4c1805b8e8a7460f83588641d35f6ef6,4640,Service Calls - Repairs & Part Installation - Service,labor,1.0,242.0,242.0
invoice_4a00b3058c0443ea86a30ec306bbd16c,job_4c1805b8e8a7460f83588641d35f6ef6,4640,Service Calls - Repairs & Part Installation - Service,material,1.0,0.0,0.0
invoice_788baef32f50481a9cd8cf5053df9be7,job_08ed85eb1f40456c859a2530880eaa19,4639,Visit #4,labor,1.0,98.0,98.0
invoice_23ee2a07250c4f1c9a725ed2b7468cbf,job_fa9539ececed421c841d033605a3a0df,4638,Service Calls - Service & Repair Fee - Standard,labor,1.0,96.0,96.0
invoice_23ee2a07250c4f1c9a725ed2b7468cbf,job_fa9539ececed421c841d033605a3a0df,4638,Service Calls - Repairs & Part Installation - **Tier 2 Repair - Replace Thermostat,labor,1.0,102.0,102.0
invoice_e45bcd6cdc684c74a6396776a067384f,job_3b54167650854e7d84e84f79a2b27fdd,4637,Visit #4,labor,1.0,267.0,267.0
invoice_b2584c98f881481692a2dac9228bc33f,job_b92464378b0c4a4091e88aa56286fce4,4635,Service Calls - Service & Repair Fee - Standard,labor,1.0,96.0,96.0
invoice_b2584c98f881481692a2dac9228bc33f,job_b92464378b0c4a4091e88aa56286fce4,4635,Service Calls - Repairs & Part Installation - Service,labor,1.0,436.0,436.0
invoice_b2584c98f881481692a2dac9228bc33f,job_b92464378b0c4a4091e88aa56286fce4,4635,Unit Specific Parts - Defrost Control Board,material,1.0,206.0,206.0
invoice_248bf5d26efa42cea17961159e9dd0dc,job_06b3ef6db19a485abb34ac32a248dcf1,4634,Generic Parts / Service - R410a refrigerant,material,1.0,132.0,132.0
invoice_340ea1f63aa7450f966958958fc40b37,job_5dfbb11133854e1aab57df555271d34d,4633,Service Calls - Service & Repair Fee - Standard,labor,1.0,96.0,96.0
invoice_340ea1f63aa7450f966958958fc40b37,job_5dfbb11133854e1aab57df555271d34d,4633,Service Calls - Repairs & Part Installation - **Tier 3 Repair - Refrigerant Removal due to Overcharge,labor,1.0,186.0,186.0
invoice_ad8eb3e0eb904f7d9ba8d870498e4cb0,job_6259fa01f33f48b0bd9266c7b7a3e21e,4632,Service Calls - Service & Repair Fee - Standard,labor,1.0,96.0,96.0
invoice_ad8eb3e0eb904f7d9ba8d870498e4cb0,job_6259fa01f33f48b0bd9266c7b7a3e21e,4632,Service Calls - Repairs & Part Installation - **Tier 3 Repair - Clear Drain Line & Re-level Condensation Line,labor,1.0,207.0,207.0
invoice_78e8c8ec6eae4f5e9acc80eb24ac85a9,job_e3f9599b4ebc45ab8a16d170a911f24e,4631,Service & Repair Fee - After-Hours,labor,1.0,167.0,167.0
invoice_78e8c8ec6eae4f5e9acc80eb24ac85a9,job_e3f9599b4ebc45ab8a16d170a911f24e,4631,Service Calls - Repairs & Part Installation - **Tier 2 Repair - Coil clean in place,labor,1.0,104.0,104.0
invoice_25b8a1b832564e50883ec96eaac522c6,job_1d30184c37de4618b01cf006752c629e,4630,Service Calls - Repairs & Part Installation - Service,labor,1.0,1020.25,1020.25
invoice_25b8a1b832564e50883ec96eaac522c6,job_1d30184c37de4618b01cf006752c629e,4630,Service Calls - Service & Repair Fee - After-Hours,labor,1.0,188.0,188.0
invoice_25b8a1b832564e50883ec96eaac522c6,job_1d30184c37de4618b01cf006752c629e,4630,Generic Parts / Service - R410a refrigerant,material,11.0,132.0,1452.0
invoice_25b8a1b832564e50883ec96eaac522c6,job_1d30184c37de4618b01cf006752c629e,4630,Generic Parts / Service - Filter dryer,material,1.0,103.0,103.0
invoice_25b8a1b832564e50883ec96eaac522c6,job_1d30184c37de4618b01cf006752c629e,4630,WARRANTY Parts / Service - WARRANTY - Compressor,material,1.0,0.0,0.0
invoice_f2c159df8e05465d9c4310527ac82b64,job_51e4c947ca024452ae8ab6fbaeea92b5,4629,Service Calls - Service & Repair Fee - Standard,labor,1.0,96.0,96.0
invoice_f2c159df8e05465d9c4310527ac82b64,job_51e4c947ca024452ae8ab6fbaeea92b5,4629,Service Calls - Repairs & Part Installation - **Tier 3 Repair - Capacitor Replacement,labor,1.0,180.0,180.0
invoice_f2f5b66601964048b966963c4099b9f5,job_79bb458557b6488ebf3876fed00056ee,4628,Service & Repair Fee - Standard,labor,1.0,102.0,102.0
invoice_f2f5b66601964048b966963c4099b9f5,job_79bb458557b6488ebf3876fed00056ee,4628,Service Calls - Repairs & Part Installation - **Tier 3 Repair - Capacitor Replacement,labor,1.0,180.0,180.0
invoice_500d578535b247ce9b3d3b5d3296d3d6,job_47c2467f44fd4e66be7a6e85104084c8,4627,condenser covers,material,2.0,73.0,146.0
invoice_04063ad972ef4d39b24ee1e57cd00a8e,job_cf247da7cc564b4894d11f3a7e8bbd0f,4626,Service & Repair Fee - Standard,labor,1.0,102.0,102.0
invoice_04063ad972ef4d39b24ee1e57cd00a8e,job_cf247da7cc564b4894d11f3a7e8bbd0f,4626,Service Calls - Repairs & Part Installation - **Tier 2 Repair - Leak Detection Tidewater Hospitality (Bubbles / Electronic),labor,1.0,107.0,107.0
invoice_04063ad972ef4d39b24ee1e57cd00a8e,job_cf247da7cc564b4894d11f3a7e8bbd0f,4626,MISC Labor - Repair Leak + Install new Filter Dryer,labor,1.0,731.0,731.0
invoice_04063ad972ef4d39b24ee1e57cd00a8e,job_cf247da7cc564b4894d11f3a7e8bbd0f,4626,Generic Parts / Service - Filter dryer,material,1.0,103.0,103.0
invoice_04063ad972ef4d39b24ee1e57cd00a8e,job_cf247da7cc564b4894d11f3a7e8bbd0f,4626,Generic Parts / Service - R410a refrigerant,material,5.0,132.0,660.0
invoice_d1c1c0548b264ebb9c414ea713cd4573,job_6683e4ad379f49fcbc344486d54dc173,4625,Service Calls - Service & Repair Fee - Standard,labor,1.0,96.0,96.0
invoice_d1c1c0548b264ebb9c414ea713cd4573,job_6683e4ad379f49fcbc344486d54dc173,4625,Service Calls - Repairs & Part Installation - **Tier 3 Repair - Capacitor Replacement,labor,1.0,180.0,180.0
invoice_730b1be6555b4226aca5ed8126996fce,job_0eabb665af7048eb8ca06d481b646eba,4624,New System Installation - System Installation,labor,1.0,484.0,484.0
invoice_730b1be6555b4226aca5ed8126996fce,job_0eabb665af7048eb8ca06d481b646eba,4624,PTAC Heatpump and 3.5kw Heater,material,1.0,1940.0,1940.0
invoice_8f9d89f00cbc465baf18bd1426416b70,job_313e6c4f2a7842eab727655128c42f82,4623,Service Calls - Service & Repair Fee - Commercial,labor,1.0,168.0,168.0
invoice_8f9d89f00cbc465baf18bd1426416b70,job_313e6c4f2a7842eab727655128c42f82,4623,Service Calls - Repairs & Part Installation - **Tier 2 Repair - Commercial Coil clean in place,labor,1.0,154.0,154.0
invoice_91c94b5ba062416d9d0f6f8c86d3d67e,job_827580cd230f43a78ad0ab5c15b50f87,4622,Service & Repair Fee - Standard,labor,1.0,102.0,102.0
invoice_91c94b5ba062416d9d0f6f8c86d3d67e,job_827580cd230f43a78ad0ab5c15b50f87,4622,Service Calls - Repairs & Part Installation - **Tier 3 Repair - Capacitor Replacement,labor,1.0,180.0,180.0
invoice_67766dda07ea4ae498352b9c08299d1e,job_070a1f4ba9f14e9594c222144ccb77df,4621,Service & Repair Fee - Standard,labor,1.0,102.0,102.0
invoice_67766dda07ea4ae498352b9c08299d1e,job_070a1f4ba9f14e9594c222144ccb77df,4621,Service Calls - Repairs & Part Installation - **Tier 3 Repair - Clear Drain Line,labor,1.0,186.0,186.0
invoice_45639b164608455cab5240ba072f20f6,job_acec6110ad544e55a3a5ccb311ca8865,4620,Add Ons - Air Filters,material,1.0,202.0,202.0
invoice_f630441657444cd5acbb36d85a433d9b,job_42a4e92c98494d79ba958c934964b942,4619,Service Calls - Service & Repair Fee - After-Hours,labor,1.0,188.0,188.0
invoice_f630441657444cd5acbb36d85a433d9b,job_42a4e92c98494d79ba958c934964b942,4619,Generic Parts / Service - R410a refrigerant,material,1.0,132.0,132.0
invoice_a55cad8b355349ed95633fedae5a463c,job_b24cd24e57ad432f9f93592ccc760bc3,4618,Service & Repair Fee - Standard,labor,1.0,218.0,218.0
invoice_3f16c8962cd64f4f96fa5a833cd3dc8b,job_e87808e8e6744dca892e1a98dc14be7e,4617,Service & Repair Fee - Standard,labor,1.0,102.0,102.0
invoice_3f16c8962cd64f4f96fa5a833cd3dc8b,job_e87808e8e6744dca892e1a98dc14be7e,4617,Service Calls - Repairs & Part Installation - **Tier 2 Repair - Leak Detection Tidewater Hospitality (Bubbles / Electronic),labor,1.0,107.0,107.0
invoice_3f16c8962cd64f4f96fa5a833cd3dc8b,job_e87808e8e6744dca892e1a98dc14be7e,4617,Service Calls - Repairs & Part Installation - **Tier 3 Repair - Clear Drain Line,labor,1.0,186.0,186.0
invoice_3f16c8962cd64f4f96fa5a833cd3dc8b,job_e87808e8e6744dca892e1a98dc14be7e,4617,System Installation,labor,1.0,1410.0,1410.0
invoice_3f16c8962cd64f4f96fa5a833cd3dc8b,job_e87808e8e6744dca892e1a98dc14be7e,4617,Carrier Coastal Heat Pump - 4 Ton Condenser - 15 SEER,material,1.0,8222.75,8222.75
invoice_3f16c8962cd64f4f96fa5a833cd3dc8b,job_e87808e8e6744dca892e1a98dc14be7e,4617,"Comfort Series Fan Coil Multipoise, ECM Motor for Puron Advance - 4 Ton",material,1.0,3589.5,3589.5
invoice_3f16c8962cd64f4f96fa5a833cd3dc8b,job_e87808e8e6744dca892e1a98dc14be7e,4617,10 KW Heat Kit,material,1.0,394.5,394.5
invoice_3f16c8962cd64f4f96fa5a833cd3dc8b,job_e87808e8e6744dca892e1a98dc14be7e,4617,Honeywell FocusPro N100,material,1.0,194.0,194.0
invoice_3f16c8962cd64f4f96fa5a833cd3dc8b,job_e87808e8e6744dca892e1a98dc14be7e,4617,Generic Parts / Service - Wet Safety Switch,material,1.0,73.0,73.0
invoice_9fdb88193923445f971c0676872c8b47,job_24f404e261a446cf89f254c5dfffbf49,4616,Service & Repair Fee - Standard,labor,1.0,0.0,0.0
invoice_9fdb88193923445f971c0676872c8b47,job_24f404e261a446cf89f254c5dfffbf49,4616,Honeywell FocusPro N100,material,1.0,257.0,257.0
invoice_6c46c2615e8e4a5ebf25359449e37bdd,job_24f404e261a446cf89f254c5dfffbf49,4615,Service & Repair Fee - Standard,labor,1.0,0.0,0.0
invoice_6c46c2615e8e4a5ebf25359449e37bdd,job_24f404e261a446cf89f254c5dfffbf49,4615,Honeywell FocusPro N100,material,1.0,257.0,257.0
invoice_32001661beca45caade0e0e4edc24386,job_17b17d2146fe45f391f57669d96a50bd,4614,Install New 1/4 Turn Hose Bibb,labor,1.0,210.0,210.0
invoice_bb0cc0028bda415988a02c8dea06f2e6,job_17b17d2146fe45f391f57669d96a50bd,4613,Install New 1/4 Turn Hose Bibb,labor,1.0,210.0,210.0
invoice_a2b61005d14f4e269ae3e1bb6950427b,job_27f927b643d0446d8b7c4caffd9b4f42,4612,System Installation,labor,1.0,1410.0,1410.0
invoice_a2b61005d14f4e269ae3e1bb6950427b,job_27f927b643d0446d8b7c4caffd9b4f42,4612,Weekend Installation Fee,labor,1.0,483.0,483.0
invoice_a2b61005d14f4e269ae3e1bb6950427b,job_27f927b643d0446d8b7c4caffd9b4f42,4612,Service Calls - Service & Repair Fee - After-Hours,labor,1.0,188.0,188.0
invoice_a2b61005d14f4e269ae3e1bb6950427b,job_27f927b643d0446d8b7c4caffd9b4f42,4612,STANDARD - CHOICE 15 - Trane 3.5 Ton 15.2 Seer2 (16 SEER) Heat Pump System,material,1.0,11324.0,11324.0
invoice_a2b61005d14f4e269ae3e1bb6950427b,job_27f927b643d0446d8b7c4caffd9b4f42,4612,Add Ons - Metal Air Handler Stand,material,1.0,119.0,119.0
invoice_a2b61005d14f4e269ae3e1bb6950427b,job_27f927b643d0446d8b7c4caffd9b4f42,4612,Add Ons - Drain package,material,1.0,147.75,147.75
invoice_49228083fb6c4664890653ce61579f50,job_f5165d8b2fc1403fbdbca69fbf2ef562,4611,Service & Repair Fee - Standard,labor,1.0,102.0,102.0
invoice_49228083fb6c4664890653ce61579f50,job_f5165d8b2fc1403fbdbca69fbf2ef562,4611,Service Calls - Repairs & Part Installation - **Tier 1 Repair - Cool Compressor,labor,1.0,52.0,52.0
invoice_0d5965196861496b98c361879c661f5e,job_63ea0ebc6ab24274aa4311c0f69555e5,4610,Service & Repair Fee - Standard,labor,1.0,102.0,102.0
invoice_0d5965196861496b98c361879c661f5e,job_63ea0ebc6ab24274aa4311c0f69555e5,4610,System Installation,labor,1.0,1410.0,1410.0
invoice_0d5965196861496b98c361879c661f5e,job_63ea0ebc6ab24274aa4311c0f69555e5,4610,Carrier Coastal Heat Pump - 4 Ton Condenser - 15 SEER,material,1.0,8222.75,8222.75
invoice_0d5965196861496b98c361879c661f5e,job_63ea0ebc6ab24274aa4311c0f69555e5,4610,"Comfort Series Fan Coil Multipoise, ECM Motor for Puron Advance - 4 Ton",material,1.0,3589.5,3589.5
invoice_0d5965196861496b98c361879c661f5e,job_63ea0ebc6ab24274aa4311c0f69555e5,4610,10 KW Heat Kit,material,1.0,394.5,394.5
invoice_0d5965196861496b98c361879c661f5e,job_63ea0ebc6ab24274aa4311c0f69555e5,4610,Honeywell FocusPro N100,material,1.0,194.0,194.0
invoice_0d5965196861496b98c361879c661f5e,job_63ea0ebc6ab24274aa4311c0f69555e5,4610,Add Ons - Attic Install,material,1.0,515.0,515.0
invoice_0d5965196861496b98c361879c661f5e,job_63ea0ebc6ab24274aa4311c0f69555e5,4610,Add Ons - Drain package,material,1.0,277.75,277.75
invoice_985f97d7c27f4bd7a51c481c2fb9cfe1,job_1dd5f016f8db41a3b30ba3c14a5586e9,4609,Service Calls - Repairs & Part Installation - Tier 7 Repair,labor,1.0,946.0,946.0
invoice_985f97d7c27f4bd7a51c481c2fb9cfe1,job_1dd5f016f8db41a3b30ba3c14a5586e9,4609,Service Calls - Service & Repair Fee - After-Hours,labor,1.0,188.0,188.0
invoice_985f97d7c27f4bd7a51c481c2fb9cfe1,job_1dd5f016f8db41a3b30ba3c14a5586e9,4609,Generic Parts / Service - Filter dryer,material,1.0,103.0,103.0
invoice_2bf2ff7bee404b5aaae439c2a80753cd,job_0e06b7683da0419c9a934a8cab1bb52a,4608,Service & Repair Fee - Standard,labor,1.0,102.0,102.0
invoice_2bf2ff7bee404b5aaae439c2a80753cd,job_0e06b7683da0419c9a934a8cab1bb52a,4608,Service Calls - Repairs & Part Installation - Service,labor,1.0,498.25,498.25
invoice_2bf2ff7bee404b5aaae439c2a80753cd,job_0e06b7683da0419c9a934a8cab1bb52a,4608,Service Calls - Repairs & Part Installation - **Tier 2 Repair - Coil clean in place,labor,1.0,104.0,104.0
invoice_2bf2ff7bee404b5aaae439c2a80753cd,job_0e06b7683da0419c9a934a8cab1bb52a,4608,Service Calls - Repairs & Part Installation - **Tier 3 Repair - Install Thermostat,labor,1.0,144.0,144.0
invoice_2bf2ff7bee404b5aaae439c2a80753cd,job_0e06b7683da0419c9a934a8cab1bb52a,4608,Unit Specific Parts - Indoor Blower motor,material,1.0,1251.0,1251.0
invoice_2bf2ff7bee404b5aaae439c2a80753cd,job_0e06b7683da0419c9a934a8cab1bb52a,4608,Unit Specific Parts - Cormorant Shores Standard/Trane Specific Thermostat,material,1.0,522.0,522.0
invoice_18a1e4b9618e4a849dd5df6f362fa75c,job_b92464378b0c4a4091e88aa56286fce4,4607,Service Calls - Service & Repair Fee - Standard,labor,1.0,96.0,96.0
invoice_18a1e4b9618e4a849dd5df6f362fa75c,job_b92464378b0c4a4091e88aa56286fce4,4607,Service Calls - Repairs & Part Installation - Service,labor,1.0,436.0,436.0
invoice_18a1e4b9618e4a849dd5df6f362fa75c,job_b92464378b0c4a4091e88aa56286fce4,4607,Unit Specific Parts - Defrost Control Board,material,1.0,206.0,206.0
invoice_fcfd9acfa79c46618e4465021f29aa2f,job_497491d46aa24b3ab17552ce4f1e0501,4606,Service & Repair Fee - Standard,labor,1.0,102.0,102.0
invoice_fcfd9acfa79c46618e4465021f29aa2f,job_497491d46aa24b3ab17552ce4f1e0501,4606,New System Installation - System Installation,labor,1.0,1584.0,1584.0
invoice_fcfd9acfa79c46618e4465021f29aa2f,job_497491d46aa24b3ab17552ce4f1e0501,4606,Generic Parts / Service - R410a refrigerant,material,1.0,132.0,132.0
invoice_fcfd9acfa79c46618e4465021f29aa2f,job_497491d46aa24b3ab17552ce4f1e0501,4606,Generic Parts / Service - R410a refrigerant,material,2.0,132.0,264.0
invoice_92272775fad947c685867d8281d2ca1c,job_c771c581c8df469b9d9cd86a6f2431bc,4605,MISC Labor - Re-Run Thermostat Wire,labor,1.0,728.0,728.0
invoice_92272775fad947c685867d8281d2ca1c,job_c771c581c8df469b9d9cd86a6f2431bc,4605,New System Installation - System Installation,labor,1.0,1218.0,1218.0
invoice_92272775fad947c685867d8281d2ca1c,job_c771c581c8df469b9d9cd86a6f2431bc,4605,Service Calls - Repairs & Part Installation - Service,labor,1.0,498.25,498.25
invoice_92272775fad947c685867d8281d2ca1c,job_c771c581c8df469b9d9cd86a6f2431bc,4605,Unit Specific Parts - Condenser Fan Motor,material,1.0,564.0,564.0
invoice_a3cf2894ef644fe7905286f5be1249a6,job_2a1ee107c5cf49169d9bc156bf274f79,4604,HCPA SERVICE CALL.,labor,1.0,101.0,101.0
invoice_a3cf2894ef644fe7905286f5be1249a6,job_2a1ee107c5cf49169d9bc156bf274f79,4604,Service Calls - Repairs & Part Installation - **Tier 3 Repair - Reconfigure PVC,labor,1.0,164.0,164.0
invoice_a3cf2894ef644fe7905286f5be1249a6,job_2a1ee107c5cf49169d9bc156bf274f79,4604,Service Calls - Repairs & Part Installation - **Tier 3 Repair - Clear Drain Line,labor,1.0,186.0,186.0
invoice_6c11cc286c394fcda47f7662f910ba20,job_11385293ae814c0899fa9589ff3fce84,4603,HCPA SERVICE CALL.,labor,1.0,101.0,101.0
invoice_6c11cc286c394fcda47f7662f910ba20,job_11385293ae814c0899fa9589ff3fce84,4603,Service Calls - Repairs & Part Installation - **Tier 3 Repair - Capacitor Replacement,labor,1.0,180.0,180.0
invoice_6c11cc286c394fcda47f7662f910ba20,job_11385293ae814c0899fa9589ff3fce84,4603,Service Calls - Repairs & Part Installation - **Tier 3 Repair - Clear Drain Line,labor,1.0,186.0,186.0
invoice_e8efbc9681a348f2bf52cc75b72d98e7,job_e7eb11016e1a4f5da67ac890a2a8e1a5,4602,Service Calls - Service & Repair Fee - Standard,labor,1.0,96.0,96.0
invoice_e8efbc9681a348f2bf52cc75b72d98e7,job_e7eb11016e1a4f5da67ac890a2a8e1a5,4602,MISC LABOR- Installing Exhaust Fan/Damper / Foam Seal,labor,1.0,386.0,386.0
invoice_e8efbc9681a348f2bf52cc75b72d98e7,job_e7eb11016e1a4f5da67ac890a2a8e1a5,4602,"4in Back-flow Damper / 4in Exhaust Fan / 4"" Flex Run",material,1.0,183.0,183.0
invoice_e8efbc9681a348f2bf52cc75b72d98e7,job_e7eb11016e1a4f5da67ac890a2a8e1a5,4602,Generic Parts / Service - Bio-Fresh Duct Cleaning,material,1.0,321.0,321.0
invoice_e8efbc9681a348f2bf52cc75b72d98e7,job_e7eb11016e1a4f5da67ac890a2a8e1a5,4602,Vent Cleaning,material,1.0,121.0,121.0
invoice_f3ae4ccd694c46d4b6ec0729dd798399,job_ffeb29669af145b38ead2824eb289bfd,4601,Service & Repair Fee - After-Hours,labor,1.0,167.0,167.0
invoice_f3ae4ccd694c46d4b6ec0729dd798399,job_ffeb29669af145b38ead2824eb289bfd,4601,Service Calls - Repairs & Part Installation - Service,labor,1.0,590.0,590.0
invoice_f3ae4ccd694c46d4b6ec0729dd798399,job_ffeb29669af145b38ead2824eb289bfd,4601,Add Ons - Disconnect box,material,1.0,383.5,383.5
invoice_f3ae4ccd694c46d4b6ec0729dd798399,job_ffeb29669af145b38ead2824eb289bfd,4601,Generic Parts / Service - R410a refrigerant,material,7.0,132.0,924.0
invoice_f3ae4ccd694c46d4b6ec0729dd798399,job_ffeb29669af145b38ead2824eb289bfd,4601,Generic Parts / Service - Filter dryer,material,1.0,103.0,103.0
invoice_207cf044e926464f853131c7adb976db,job_91510de845534797b6fcd2d26ead017d,4600,Preventative Maintenance - Inspection Report,labor,2.0,98.0,196.0
invoice_b0c78a50000b4d8889fc3eeacf853500,job_a298ccaaa1f94e0fbdd5a1ddc91dd2cf,4599,Service Calls - Service & Repair Fee - Standard,labor,1.0,96.0,96.0
invoice_b0c78a50000b4d8889fc3eeacf853500,job_a298ccaaa1f94e0fbdd5a1ddc91dd2cf,4599,Service Calls - Repairs & Part Installation - **Tier 3 Repair - Clear Drain Line,labor,1.0,186.0,186.0
invoice_f83ae030378a463dafa1042019ac4fd4,job_2784a244394c4d72b553c539b83886f2,4598,Service & Repair Fee - After-Hours,labor,1.0,167.0,167.0
invoice_f83ae030378a463dafa1042019ac4fd4,job_2784a244394c4d72b553c539b83886f2,4598,Service Calls - Repairs & Part Installation - **Tier 2 Repair - Leak Detection Tidewater Hospitality (Bubbles / Electronic),labor,1.0,107.0,107.0
invoice_f83ae030378a463dafa1042019ac4fd4,job_2784a244394c4d72b553c539b83886f2,4598,Generic Parts / Service - R410a refrigerant,material,2.0,132.0,264.0
invoice_ffa634b2c74746f58b12518a6cb9c251,job_84c8fe9ff8c240279deaafee6eeac527,4597,Service & Repair Fee - After-Hours,labor,1.0,167.0,167.0
invoice_ffa634b2c74746f58b12518a6cb9c251,job_84c8fe9ff8c240279deaafee6eeac527,4597,Service Calls - Repairs & Part Installation - **Tier 1 Repair - Vacuum drain pan,labor,1.0,48.0,48.0
invoice_ffa634b2c74746f58b12518a6cb9c251,job_84c8fe9ff8c240279deaafee6eeac527,4597,Service Calls - Repairs & Part Installation - **Tier 2 Repair - Coil clean in place,labor,1.0,104.0,104.0
invoice_5fa81f7fc2d64759a2a59e7146c0457a,job_e3f648880a5f46f6827b483b02e56a9b,4596,Service & Repair Fee - After-Hours,labor,1.0,167.0,167.0
invoice_5fa81f7fc2d64759a2a59e7146c0457a,job_e3f648880a5f46f6827b483b02e56a9b,4596,Service Calls - Repairs & Part Installation - **Tier 2 Repair - Coil clean in place,labor,1.0,104.0,104.0
invoice_3a487f909d7c468c90307c5b1de0cb2d,job_8e5e48d2974749a98468742df50b6538,4595,Service Calls - Service & Repair Fee - Standard,labor,1.0,96.0,96.0
invoice_3a487f909d7c468c90307c5b1de0cb2d,job_8e5e48d2974749a98468742df50b6538,4595,Service Calls - Repairs & Part Installation - Service,labor,1.0,498.25,498.25
invoice_3a487f909d7c468c90307c5b1de0cb2d,job_8e5e48d2974749a98468742df50b6538,4595,Unit Specific Parts - Indoor Blower motor,material,1.0,1736.0,1736.0
invoice_1b47a5004d0946bf99c0bdcc2b28d83c,job_96b9077ff930458f90df312d47af0bf9,4594,Service Calls - Service & Repair Fee - Standard,labor,1.0,96.0,96.0
invoice_1b47a5004d0946bf99c0bdcc2b28d83c,job_96b9077ff930458f90df312d47af0bf9,4594,Service Calls - Repairs & Part Installation - **Tier 3 Repair - Transformer Replacement,labor,1.0,185.0,185.0
invoice_1b47a5004d0946bf99c0bdcc2b28d83c,job_96b9077ff930458f90df312d47af0bf9,4594,Generic Parts / Service - Transformer,material,1.0,52.0,52.0
invoice_1c57a929934c405d85549c0a83d4ac71,job_a80ae18298c24db2bbaa8c6ab6637d27,4593,Service & Repair Fee - Standard,labor,1.0,102.0,102.0
invoice_1c57a929934c405d85549c0a83d4ac71,job_a80ae18298c24db2bbaa8c6ab6637d27,4593,Service Calls - Repairs & Part Installation - **Tier 3 Repair - Contactor Replacement,labor,1.0,179.0,179.0
invoice_1c57a929934c405d85549c0a83d4ac71,job_a80ae18298c24db2bbaa8c6ab6637d27,4593,Generic Parts / Service - Contactor,material,1.0,52.0,52.0
invoice_99905face1b84f3abf54b6a9f80383eb,job_b4899d6eb7bb4cf58cbfa5170c194210,4592,Service Calls - Service & Repair Fee - After-Hours,labor,1.0,188.0,188.0
invoice_99905face1b84f3abf54b6a9f80383eb,job_b4899d6eb7bb4cf58cbfa5170c194210,4592,Service Calls - Repairs & Part Installation - **Tier 3 Repair - Clear Drain Line,labor,1.0,186.0,186.0
invoice_99905face1b84f3abf54b6a9f80383eb,job_b4899d6eb7bb4cf58cbfa5170c194210,4592,Service Calls - Repairs & Part Installation - **Tier 1 Repair - Vacuum drain pan,labor,1.0,48.0,48.0
invoice_6b8812efd4d84c57bb77d3a476b15366,job_1c80fafb6e984958bce5f18070b879c8,4591,Service & Repair Fee - Standard,labor,1.0,102.0,102.0
invoice_6b8812efd4d84c57bb77d3a476b15366,job_1c80fafb6e984958bce5f18070b879c8,4591,Generic Parts / Service - R410a refrigerant,material,4.0,132.0,528.0
invoice_601c5b44d4154d11bf9335e7d16cabdd,job_811ccc7fe8eb4456864d292e2131c86b,4590,Service Calls - Service & Repair Fee - After-Hours,labor,1.0,188.0,188.0
invoice_601c5b44d4154d11bf9335e7d16cabdd,job_811ccc7fe8eb4456864d292e2131c86b,4590,Service Calls - Repairs & Part Installation - Service,labor,1.0,1020.25,1020.25
invoice_601c5b44d4154d11bf9335e7d16cabdd,job_811ccc7fe8eb4456864d292e2131c86b,4590,Generic Parts / Service - Filter dryer,material,1.0,103.0,103.0
invoice_601c5b44d4154d11bf9335e7d16cabdd,job_811ccc7fe8eb4456864d292e2131c86b,4590,Generic Parts / Service - R410a refrigerant,material,7.0,132.0,924.0
invoice_601c5b44d4154d11bf9335e7d16cabdd,job_811ccc7fe8eb4456864d292e2131c86b,4590,WARRANTY Parts / Service - WARRANTY - Compressor,material,1.0,0.0,0.0
invoice_a41b31fa391d4df99a676284f4d073a4,job_a06860a310b34cc9bacad5670cd1999c,4589,Service & Repair Fee - Standard,labor,1.0,102.0,102.0
invoice_a41b31fa391d4df99a676284f4d073a4,job_a06860a310b34cc9bacad5670cd1999c,4589,Service Calls - Repairs & Part Installation - Tier 1 Repair - Vent Opening,labor,1.0,52.0,52.0
invoice_6c8bf5c240e1458db5cc54c6a192d16d,job_4497e39279894218aeef18ce8cb2e6bd,4588,Service & Repair Fee - Standard,labor,1.0,102.0,102.0
invoice_6c8bf5c240e1458db5cc54c6a192d16d,job_4497e39279894218aeef18ce8cb2e6bd,4588,Service Calls - Repairs & Part Installation - Service,labor,1.0,498.25,498.25
invoice_6c8bf5c240e1458db5cc54c6a192d16d,job_4497e39279894218aeef18ce8cb2e6bd,4588,High Pressure Switch,labor,1.0,464.0,464.0
invoice_6c8bf5c240e1458db5cc54c6a192d16d,job_4497e39279894218aeef18ce8cb2e6bd,4588,WARRANTY Parts / Service - WARRANTY - Condenser Fan Motor,material,1.0,0.0,0.0
invoice_6c8bf5c240e1458db5cc54c6a192d16d,job_4497e39279894218aeef18ce8cb2e6bd,4588,High Pressure Switch,material,1.0,0.0,0.0
invoice_6c8bf5c240e1458db5cc54c6a192d16d,job_4497e39279894218aeef18ce8cb2e6bd,4588,Generic Parts / Service - R410a refrigerant,material,2.0,132.0,264.0
invoice_5a2060f9b9664def9aad9f24e1cc2e9d,job_d9e0b73e8f6b42ecb4b040920d79757a,4587,Service Calls - Service & Repair Fee - Standard,labor,1.0,96.0,96.0
invoice_5a2060f9b9664def9aad9f24e1cc2e9d,job_d9e0b73e8f6b42ecb4b040920d79757a,4587,Service Calls - Repairs & Part Installation - **Tier 3 Repair - Clear Drain Line,labor,1.0,186.0,186.0
invoice_5a2060f9b9664def9aad9f24e1cc2e9d,job_d9e0b73e8f6b42ecb4b040920d79757a,4587,Service Calls - Repairs & Part Installation - **Tier 1 Repair - Vacuum drain pan,labor,1.0,48.0,48.0
invoice_6159a8aebb4d4ef0b766fcd644209efc,job_912019082fed43038d300eab789ee3d5,4586,Service & Repair Fee - Standard,labor,1.0,102.0,102.0
invoice_6159a8aebb4d4ef0b766fcd644209efc,job_912019082fed43038d300eab789ee3d5,4586,Remodel Labor,labor,8.0,82.0,656.0
invoice_6159a8aebb4d4ef0b766fcd644209efc,job_912019082fed43038d300eab789ee3d5,4586,"Duct Tidewater Hospitality / Repair - Duct Board Replacement - 1.5"" for Non-Insulated and Commercial",labor,2.0,179.0,358.0
invoice_6159a8aebb4d4ef0b766fcd644209efc,job_912019082fed43038d300eab789ee3d5,4586,Duct Tidewater Hospitality / Repair - Plenum / Duct Board Replacement - Plenum Only,labor,1.0,436.0,436.0
invoice_6159a8aebb4d4ef0b766fcd644209efc,job_912019082fed43038d300eab789ee3d5,4586,Demolition,labor,1.0,261.0,261.0
invoice_6159a8aebb4d4ef0b766fcd644209efc,job_912019082fed43038d300eab789ee3d5,4586,Generic Parts / Service - Reme Halo Zero,material,1.0,969.0,969.0
invoice_6159a8aebb4d4ef0b766fcd644209efc,job_912019082fed43038d300eab789ee3d5,4586,Add Ons - Blu QR UV Stick Horton,material,1.0,212.0,212.0
invoice_6159a8aebb4d4ef0b766fcd644209efc,job_912019082fed43038d300eab789ee3d5,4586,Attic Duct Installation,material,1.0,485.0,485.0
invoice_ff14d99220f8469c9f76e791b9cd2033,job_38d8802ef6b64d40849acd1c8cea5819,4585,New System Installation - System Installation,labor,1.0,1584.0,1584.0
invoice_ff14d99220f8469c9f76e791b9cd2033,job_38d8802ef6b64d40849acd1c8cea5819,4585,Service Calls - Repairs & Part Installation - **Tier 3 Repair -Re-Route Drain Line,labor,1.0,0.0,0.0
invoice_ff14d99220f8469c9f76e791b9cd2033,job_38d8802ef6b64d40849acd1c8cea5819,4585,2.5 Ton - STANDARD CHOICE 15 - Trane 2.5 Ton 15.2 Seer2 (16 SEER) Heat Pump System,material,1.0,10529.0,10529.0
invoice_ff14d99220f8469c9f76e791b9cd2033,job_38d8802ef6b64d40849acd1c8cea5819,4585,Add Ons - Blu QR UV Stick Horton,material,1.0,212.0,212.0
invoice_ff14d99220f8469c9f76e791b9cd2033,job_38d8802ef6b64d40849acd1c8cea5819,4585,Add Ons - Concrete Pad,material,1.0,256.0,256.0
invoice_ff14d99220f8469c9f76e791b9cd2033,job_38d8802ef6b64d40849acd1c8cea5819,4585,Generic Parts / Service - Reme Halo Zero,material,1.0,969.0,969.0
invoice_ff14d99220f8469c9f76e791b9cd2033,job_38d8802ef6b64d40849acd1c8cea5819,4585,Add Ons - Drain package,material,1.0,277.75,277.75
invoice_ff14d99220f8469c9f76e791b9cd2033,job_38d8802ef6b64d40849acd1c8cea5819,4585,Generic Parts / Service - Bio-Fresh Duct Cleaning-Free,material,1.0,0.0,0.0
invoice_f3a1dcc864e843e7b1d6539e81412ba9,job_5ebc5b6bb4d643608a58a3605cba6046,4584,Service Calls - Service & Repair Fee - After-Hours,labor,1.0,188.0,188.0
invoice_f3a1dcc864e843e7b1d6539e81412ba9,job_5ebc5b6bb4d643608a58a3605cba6046,4584,Service Calls - Repairs & Part Installation - Service,labor,1.0,543.0,543.0
invoice_f3a1dcc864e843e7b1d6539e81412ba9,job_5ebc5b6bb4d643608a58a3605cba6046,4584,MISC Labor - Insulate Air Handler,labor,1.0,566.0,566.0
invoice_f3a1dcc864e843e7b1d6539e81412ba9,job_5ebc5b6bb4d643608a58a3605cba6046,4584,Generic Parts / Service - R410a refrigerant,material,1.5,132.0,198.0
invoice_f3a1dcc864e843e7b1d6539e81412ba9,job_5ebc5b6bb4d643608a58a3605cba6046,4584,Generic Parts / Service - Filter dryer,material,1.0,103.0,103.0
invoice_f3a1dcc864e843e7b1d6539e81412ba9,job_5ebc5b6bb4d643608a58a3605cba6046,4584,Generic Parts / Service - R410a refrigerant,material,1.0,132.0,132.0
invoice_f3a1dcc864e843e7b1d6539e81412ba9,job_5ebc5b6bb4d643608a58a3605cba6046,4584,WARRANTY Parts / Service - WARRANTY - TXV,material,1.0,0.0,0.0
invoice_4f38879151ec4fd0be9bce06797a4f6b,job_cf477acf021f450db77465cecddc7673,4583,Service & Repair Fee - Standard,labor,1.0,102.0,102.0
invoice_4f38879151ec4fd0be9bce06797a4f6b,job_cf477acf021f450db77465cecddc7673,4583,New System Installation - System Installation,labor,1.0,1584.0,1584.0
invoice_4f38879151ec4fd0be9bce06797a4f6b,job_cf477acf021f450db77465cecddc7673,4583,4 Ton - STANDARD - CHOICE VARIABLE SPEED 15 - Trane 4 Ton 15.2 Seer2 (16 SEER) Heat Pump System,material,1.0,11882.0,11882.0
invoice_f073ce654ec142c4bf09f23a96641c8f,job_15f0761b7195454990085f90536d2746,4582,Service Calls - Service & Repair Fee - Standard,labor,1.0,96.0,96.0
invoice_f073ce654ec142c4bf09f23a96641c8f,job_15f0761b7195454990085f90536d2746,4582,Service Calls - Repairs & Part Installation - **Tier 3 Repair - Clear Drain Line,labor,1.0,186.0,186.0
invoice_32a77d0f893d44d78d582bfbaa4f4a72,job_4db8679de91a4aa0901d874e9a2b9598,4581,Service & Repair Fee - Standard,labor,1.0,102.0,102.0
invoice_32a77d0f893d44d78d582bfbaa4f4a72,job_4db8679de91a4aa0901d874e9a2b9598,4581,Service Calls - Repairs & Part Installation - **Tier 3 Repair - Clear Drain Line,labor,1.0,186.0,186.0
invoice_c99ab4f2f2714be19c8ce183adad98cf,job_238a86261f0c4ff6aeb59c467aafd01f,4580,Service Calls - Service & Repair Fee - After-Hours,labor,1.0,188.0,188.0
invoice_c99ab4f2f2714be19c8ce183adad98cf,job_238a86261f0c4ff6aeb59c467aafd01f,4580,New System Installation - System Installation,labor,1.0,1584.0,1584.0
invoice_c99ab4f2f2714be19c8ce183adad98cf,job_238a86261f0c4ff6aeb59c467aafd01f,4580,1.5 Ton - BUDGET 14 - Trane 1.5 Ton 14.3 Seer2 (15 SEER) Heat Pump System,material,1.0,8052.0,8052.0
invoice_c99ab4f2f2714be19c8ce183adad98cf,job_238a86261f0c4ff6aeb59c467aafd01f,4580,Add Ons - Concrete Pad,material,1.0,256.0,256.0
invoice_c99ab4f2f2714be19c8ce183adad98cf,job_238a86261f0c4ff6aeb59c467aafd01f,4580,Add Ons - Metal Air Handler Stand,material,1.0,119.0,119.0
invoice_c99ab4f2f2714be19c8ce183adad98cf,job_238a86261f0c4ff6aeb59c467aafd01f,4580,Service Calls - Repairs & Part Installation - **Tier 4 Repair - Electrical Whip,material,1.0,240.0,240.0
invoice_c378ef51eb8a4a6c88f73c8870fdcecf,job_8c2dfcd76c494649aecef0d8707e877d,4579,Service Calls - Service & Repair Fee - Standard,labor,1.0,96.0,96.0
invoice_1431f76c34ea4c40b61e3e3d458c4dd5,job_c145835eca2b4c26a10b70c315dabf88,4578,Service & Repair Fee - Standard,labor,1.0,102.0,102.0
invoice_1431f76c34ea4c40b61e3e3d458c4dd5,job_c145835eca2b4c26a10b70c315dabf88,4578,Service Calls - Repairs & Part Installation - **Tier 1 Repair - Vacuum drain pan,labor,1.0,48.0,48.0
invoice_621de753e1dc44eca6cc4eb7391f886e,job_4188d4f8e9a3454ca24343ae2e8ed170,4577,HCPA SERVICE CALL.,labor,1.0,101.0,101.0
invoice_621de753e1dc44eca6cc4eb7391f886e,job_4188d4f8e9a3454ca24343ae2e8ed170,4577,Diagnostic Fee - Diagnostic (Residential),labor,1.0,157.0,157.0
invoice_3f8fab7c0d6c4ad0a9a049f744c2ad3d,job_5d20052118214e2c8e33e30eef457e24,4576,Service & Repair Fee - Standard Tidewater Hospitality,labor,1.0,101.0,101.0
invoice_3f8fab7c0d6c4ad0a9a049f744c2ad3d,job_5d20052118214e2c8e33e30eef457e24,4576,Service Calls - Repairs & Part Installation - **Tier 2 Repair - Circuit Breaker Reset,labor,1.0,145.0,145.0
invoice_3592c32557fd49358ed82ea2fa60c2f5,job_404bb7466de749819f26b3134c5fecbd,4575,Service & Repair Fee - Standard,labor,1.0,102.0,102.0
invoice_3592c32557fd49358ed82ea2fa60c2f5,job_404bb7466de749819f26b3134c5fecbd,4575,Service Calls - Repairs & Part Installation - **Tier 3 Repair - Clear Drain Line,labor,1.0,186.0,186.0
invoice_a8269dc71d914325adad68836fd0ca7e,job_9586229473e34ba78ae5c5ca25736477,4574,HCPA SERVICE CALL.,labor,1.0,101.0,101.0
invoice_a8269dc71d914325adad68836fd0ca7e,job_9586229473e34ba78ae5c5ca25736477,4574,After Hours Upcharge,labor,1.0,72.0,72.0
invoice_a8269dc71d914325adad68836fd0ca7e,job_9586229473e34ba78ae5c5ca25736477,4574,Service Calls - Repairs & Part Installation - **Tier 2 Repair - Coil clean in place,labor,1.0,104.0,104.0
invoice_3a0738e308fe4d95b38d6927921e7ecb,job_2d9064e3d5ab4234adec455ce86a8fa3,4573,Replace Tub Spout,labor,1.0,258.0,258.0
invoice_4ba1152c762e44419704eb0d20ba31e7,job_fb61bc7dc90847f6a0663ebba9a25c5d,4572,Service & Repair Fee - After-Hours,labor,1.0,167.0,167.0
invoice_4ba1152c762e44419704eb0d20ba31e7,job_fb61bc7dc90847f6a0663ebba9a25c5d,4572,Service Calls - Repairs & Part Installation - **Tier 1 Repair,labor,1.0,53.0,53.0
invoice_465c0757db634e1892dff50c32760455,job_bc2425a843e1487e9cd51bb9f055171f,4571,Service & Repair Fee - After-Hours,labor,1.0,167.0,167.0
invoice_465c0757db634e1892dff50c32760455,job_bc2425a843e1487e9cd51bb9f055171f,4571,Service Calls - Repairs & Part Installation - **Tier 2 Repair - Refrigerant Charge Adjustment,labor,1.0,146.0,146.0
invoice_d897a6a807474cd8a5f92e52d2160c35,job_a1f83c81b7d2483ea388544875285a52,4570,HCPA SERVICE CALL.,labor,1.0,101.0,101.0
invoice_d897a6a807474cd8a5f92e52d2160c35,job_a1f83c81b7d2483ea388544875285a52,4570,Service Calls - Repairs & Part Installation - **Tier 1 Repair - Change Filters,labor,1.0,48.0,48.0
invoice_1d24f2aeace9433ab115995c9d0a24c4,job_a1f83c81b7d2483ea388544875285a52,4569,HCPA SERVICE CALL.,labor,1.0,101.0,101.0
invoice_1d24f2aeace9433ab115995c9d0a24c4,job_a1f83c81b7d2483ea388544875285a52,4569,Service Calls - Repairs & Part Installation - **Tier 1 Repair - Change Filters,labor,1.0,48.0,48.0
invoice_f6de7886cbd9456895e3e77b0e6e1a34,job_10300f519ca744b796e0054182f96eed,4568,Service & Repair Fee - After-Hours,labor,1.0,167.0,167.0
invoice_f6de7886cbd9456895e3e77b0e6e1a34,job_10300f519ca744b796e0054182f96eed,4568,Service Calls - Repairs & Part Installation - **Tier 1 Repair - reset thermostat,labor,1.0,49.0,49.0
invoice_5997c1b57c634f898fe5cff0c6e24ad9,job_f1ea2f0a7537455f8b450dea5e37ff50,4567,Service & Repair Fee - Standard,labor,1.0,102.0,102.0
invoice_5997c1b57c634f898fe5cff0c6e24ad9,job_f1ea2f0a7537455f8b450dea5e37ff50,4567,Service Calls - Repairs & Part Installation - Tier 1 Repair,labor,1.0,78.0,78.0
invoice_c1ee21f6d0a842febe6660cb9608f9d8,job_f0d35488c31f407ca2c6fa6653510ba2,4566,Service Calls - Service & Repair Fee - After-Hours,labor,1.0,188.0,188.0
invoice_c1ee21f6d0a842febe6660cb9608f9d8,job_f0d35488c31f407ca2c6fa6653510ba2,4566,Service Calls - Repairs & Part Installation - **Tier 3 Repair - Capacitor Replacement,labor,1.0,180.0,180.0
invoice_27b90d7e20784300b16a8bc018577633,job_e13326976ac043689d2b483d38204a02,4565,Service & Repair Fee - Standard,labor,1.0,102.0,102.0
invoice_27b90d7e20784300b16a8bc018577633,job_e13326976ac043689d2b483d38204a02,4565,Service Calls - Repairs & Part Installation - Service,labor,1.0,778.0,778.0
invoice_27b90d7e20784300b16a8bc018577633,job_e13326976ac043689d2b483d38204a02,4565,WARRANTY Parts / Service - WARRANTY - EEV Stepping Motor + Sub Cool & Super Heat Sensors,material,1.0,0.0,0.0
invoice_27b90d7e20784300b16a8bc018577633,job_e13326976ac043689d2b483d38204a02,4565,Add Ons - Same Day Rush Install,material,1.0,474.0,474.0
invoice_312cf87888634ec484be2f955b1dd2f7,job_017de31f73f84e29a33b7254b5135a9a,4564,Service Calls - Service & Repair Fee - Standard,labor,1.0,96.0,96.0
invoice_312cf87888634ec484be2f955b1dd2f7,job_017de31f73f84e29a33b7254b5135a9a,4564,Service Calls - Repairs & Part Installation - **Tier 2 Repair - Performed Hard Reset,labor,1.0,49.0,49.0
invoice_a141cb5e93a84d598f4346e476f69f2c,job_052068538fb44f7f82229bf247264801,4563,Service & Repair Fee - Standard,labor,1.0,102.0,102.0
invoice_a141cb5e93a84d598f4346e476f69f2c,job_052068538fb44f7f82229bf247264801,4563,Service Calls - Repairs & Part Installation - **Tier 2 Repair - Replace fuse,labor,1.0,97.0,97.0
invoice_a141cb5e93a84d598f4346e476f69f2c,job_052068538fb44f7f82229bf247264801,4563,Service Calls - Repairs & Part Installation - **Tier 2 Repair - Circuit Breaker Reset,labor,1.0,98.0,98.0
invoice_a141cb5e93a84d598f4346e476f69f2c,job_052068538fb44f7f82229bf247264801,4563,Service Calls - Repairs & Part Installation - **Tier 2 Repair - Leak Detection Tidewater Hospitality (Bubbles / Electronic),labor,1.0,107.0,107.0
invoice_a141cb5e93a84d598f4346e476f69f2c,job_052068538fb44f7f82229bf247264801,4563,Tier 2 Repair - Rewire Low Voltage,labor,1.0,97.0,97.0
invoice_c92ad3554b764f0e86d0dda229dbb551,job_421f32f302e843488cd50e5d2ac3ea6c,4562,Service Calls - Service & Repair Fee - After-Hours,labor,1.0,188.0,188.0
invoice_c92ad3554b764f0e86d0dda229dbb551,job_421f32f302e843488cd50e5d2ac3ea6c,4562,Service Calls - Repairs & Part Installation - **Tier 3 Repair - Capacitor Replacement,labor,1.0,180.0,180.0
invoice_c92ad3554b764f0e86d0dda229dbb551,job_421f32f302e843488cd50e5d2ac3ea6c,4562,Service Calls - Repairs & Part Installation - **Tier 1 Repair - Cool Compressor,labor,1.0,52.0,52.0
invoice_018711427206407495e064aa16dc6f3c,job_49bc0c05d51a49c3942618a5db580ec4,4561,Service & Repair Fee - Standard,labor,1.0,102.0,102.0
invoice_018711427206407495e064aa16dc6f3c,job_49bc0c05d51a49c3942618a5db580ec4,4561,Service Calls - Repairs & Part Installation - **Tier 2 Repair - Reprogram Thermostat,labor,1.0,104.0,104.0
invoice_a8fabd3ccd044d8a99dfe8a40cb2aca5,job_3a1e43bd1c4c457eb1e39519c6f30e36,4560,Service & Repair Fee - Standard,labor,1.0,102.0,102.0
invoice_a8fabd3ccd044d8a99dfe8a40cb2aca5,job_3a1e43bd1c4c457eb1e39519c6f30e36,4560,Service Calls - Repairs & Part Installation - **Tier 3 Repair - Capacitor Replacement,labor,1.0,180.0,180.0
invoice_732bfea757d240c2bd2c986abc38bad4,job_a7ca970a87d54570a03fb8dedb645ce5,4559,Service & Repair Fee - Standard,labor,1.0,102.0,102.0
invoice_732bfea757d240c2bd2c986abc38bad4,job_a7ca970a87d54570a03fb8dedb645ce5,4559,Service Calls - Repairs & Part Installation - **Tier 3 Repair - Capacitor Replacement,labor,1.0,180.0,180.0
invoice_24ead374c96d471faf2f9cd0d288106f,job_e8a560944ca444e28a5564559909c351,4558,Service Calls - Service & Repair Fee - After-Hours,labor,1.0,188.0,188.0
invoice_24ead374c96d471faf2f9cd0d288106f,job_e8a560944ca444e28a5564559909c351,4558,Service Calls - Repairs & Part Installation - **Tier 3 Repair - Clear Drain Line,labor,1.0,186.0,186.0
invoice_d7c49ab7ecb74d8f8f445569aa92627b,job_2789557202cb4b0687ce89b1f491e908,4557,Customer Supplied Toilet,labor,1.0,409.0,409.0
invoice_8e4e6f29a7e64129bf2fb80ae9bd87f8,job_c4f82feab7cf415ca98c13f9e2db9c7d,4556,Service Calls - Service & Repair Fee - After-Hours,labor,1.0,188.0,188.0
invoice_5a785316b1f445289325090a9bed19a4,job_cbeebe70c21d4664a8acb2c6c22c26ca,4555,System Installation,labor,1.0,1552.0,1552.0
invoice_5a785316b1f445289325090a9bed19a4,job_cbeebe70c21d4664a8acb2c6c22c26ca,4555,Carrier Coastal Heat Pump - 3 Ton Condenser - 15 SEER,material,1.0,6434.0,6434.0
invoice_5a785316b1f445289325090a9bed19a4,job_cbeebe70c21d4664a8acb2c6c22c26ca,4555,"Comfort Series Fan Coil Multipoise, ECM Motor for Puron Advance - 3 Ton",material,1.0,2825.0,2825.0
invoice_5a785316b1f445289325090a9bed19a4,job_cbeebe70c21d4664a8acb2c6c22c26ca,4555,Electric Heater - 8kW 240 Volt-Single Phase with Terminal Block,material,1.0,258.5,258.5
invoice_5a785316b1f445289325090a9bed19a4,job_cbeebe70c21d4664a8acb2c6c22c26ca,4555,Honeywell Home FocusPRO® N100,material,2.0,190.0,380.0
invoice_5a785316b1f445289325090a9bed19a4,job_cbeebe70c21d4664a8acb2c6c22c26ca,4555,Add Ons - New Zone System + Dampers,material,1.0,1440.0,1440.0
invoice_c1a866f349cd4439876e2f9081b28863,job_579cf662ce954ffd9987ff7037258e47,4554,Service Calls - Service & Repair Fee - After-Hours,labor,1.0,188.0,188.0
invoice_c1a866f349cd4439876e2f9081b28863,job_579cf662ce954ffd9987ff7037258e47,4554,Service Calls - Repairs & Part Installation - **Tier 3 Repair - Contactor Replacement,labor,1.0,179.0,179.0
invoice_c1a866f349cd4439876e2f9081b28863,job_579cf662ce954ffd9987ff7037258e47,4554,Generic Parts / Service - R410a refrigerant,material,4.0,132.0,528.0
invoice_d8e42202f97743a78b3d486158c5325e,job_04a82aa2d7ed4f7fb3959f6ecdd9598d,4553,Service & Repair Fee - After-Hours,labor,1.0,167.0,167.0
invoice_d8e42202f97743a78b3d486158c5325e,job_04a82aa2d7ed4f7fb3959f6ecdd9598d,4553,Service Calls - Repairs & Part Installation - **Tier 3 Repair - Clear Drain Line + Redo Gooseneck,labor,1.0,213.0,213.0
invoice_d521c917aad64dc593893916c22f1e09,job_55e9b56403d04540ad837c0074c70974,4552,Residential Preventative Maintenance,labor,1.0,91.0,91.0
invoice_eade40889a6c48c184e89b0fc0627e2e,job_8734a1f7d97645c895a6c66e84b59821,4551,New System Installation - System Installation,labor,1.0,1584.0,1584.0
invoice_eade40889a6c48c184e89b0fc0627e2e,job_8734a1f7d97645c895a6c66e84b59821,4551,3 Ton - PREMIUM - PREMIER 18 - Trane 3 Ton (19 SEER) Heat Pump System (Inv 75 Speed - Communicating),material,1.0,15388.0,15388.0
invoice_eade40889a6c48c184e89b0fc0627e2e,job_8734a1f7d97645c895a6c66e84b59821,4551,Add Ons - Attic Install,material,1.0,515.0,515.0
invoice_eade40889a6c48c184e89b0fc0627e2e,job_8734a1f7d97645c895a6c66e84b59821,4551,Add Ons - Concrete Pad,material,1.0,256.0,256.0
invoice_eade40889a6c48c184e89b0fc0627e2e,job_8734a1f7d97645c895a6c66e84b59821,4551,Add Ons - Drain package,material,1.0,277.75,277.75
invoice_eade40889a6c48c184e89b0fc0627e2e,job_8734a1f7d97645c895a6c66e84b59821,4551,Misc Materials for Flu Pipe Extension and Adapters,material,1.0,194.0,194.0
invoice_eade40889a6c48c184e89b0fc0627e2e,job_8734a1f7d97645c895a6c66e84b59821,4551,Duct Tidewater Hospitality / Repair - Plenum / Duct Board Replacement - Plenum Only,material,1.0,0.0,0.0
invoice_eade40889a6c48c184e89b0fc0627e2e,job_8734a1f7d97645c895a6c66e84b59821,4551,Generic Parts / Service - Reme Halo Zero,material,1.0,969.0,969.0
invoice_eade40889a6c48c184e89b0fc0627e2e,job_8734a1f7d97645c895a6c66e84b59821,4551,Add Ons - Blu QR UV Stick Horton,material,1.0,212.0,212.0
invoice_eade40889a6c48c184e89b0fc0627e2e,job_8734a1f7d97645c895a6c66e84b59821,4551,Generic Parts / Service - Bio-Fresh Duct Cleaning,material,1.0,0.0,0.0
invoice_a860bae4f86348e0af7753d596171da0,job_0f06f77eb28448c3a5b9cac2c0bb931e,4550,Replace washers on tubular,labor,1.0,186.0,186.0
invoice_ffb394af0f51404587b12f3fabed86af,job_bd28e63d3bbb4405b29c647d72cfc4a9,4549,"Repair on Copper Line up to 1""",labor,1.0,672.25,672.25
invoice_34daf880710e4762861afd69a7659b8a,job_e4f575e526c949349d96e4e35d0e11c8,4548,Service & Repair Fee - Standard,labor,1.0,102.0,102.0
invoice_34daf880710e4762861afd69a7659b8a,job_e4f575e526c949349d96e4e35d0e11c8,4548,Service Calls - Repairs & Part Installation - **Tier 3 Repair - Capacitor Replacement,labor,1.0,180.0,180.0
invoice_419a952c4eb5475da3b713f7aa1ae6fd,job_1476dc11f8464197bc0dfa2e10e4aa97,4547,Service & Repair Fee - Standard,labor,1.0,102.0,102.0
invoice_419a952c4eb5475da3b713f7aa1ae6fd,job_1476dc11f8464197bc0dfa2e10e4aa97,4547,Service Calls - Repairs & Part Installation - **Tier 2 Repair - Leak Detection Tidewater Hospitality (Bubbles / Electronic),labor,1.0,107.0,107.0
invoice_f8ce8ddf404043f4b457ebc1e637f389,job_280ca495d8df4c4cbbe7813804e6c4c9,4546,Service & Repair Fee - After-Hours,labor,1.0,167.0,167.0
invoice_f8ce8ddf404043f4b457ebc1e637f389,job_280ca495d8df4c4cbbe7813804e6c4c9,4546,Service Calls - Repairs & Part Installation - **Tier 2 Repair - Replace fuse,labor,1.0,97.0,97.0
invoice_9c5f43d23fac479dbf32610ed99c7aa0,job_77674fb491d64666b05fc718763b258a,4545,Service Calls - Repairs & Part Installation - **Tier 3 Repair - Capacitor Replacement,labor,1.0,180.0,180.0
invoice_9c5f43d23fac479dbf32610ed99c7aa0,job_77674fb491d64666b05fc718763b258a,4545,Visit #1,labor,1.0,88.0,88.0
invoice_663d9a2217a34071b4965e7935daccd6,job_77674fb491d64666b05fc718763b258a,4544,Service Calls - Repairs & Part Installation - **Tier 3 Repair - Capacitor Replacement,labor,1.0,180.0,180.0
invoice_663d9a2217a34071b4965e7935daccd6,job_77674fb491d64666b05fc718763b258a,4544,Visit #1,labor,1.0,88.0,88.0
invoice_87e6d34eec074f78b05aa78b3cd91d5b,job_fe59f7ca0f14450f92038c7237be3d6c,4543,Service Calls - Service & Repair Fee - After-Hours,labor,1.0,188.0,188.0
invoice_87e6d34eec074f78b05aa78b3cd91d5b,job_fe59f7ca0f14450f92038c7237be3d6c,4543,Service Calls - Repairs & Part Installation - **Tier 3 Repair - Clear Drain Line,labor,1.0,186.0,186.0
invoice_185b7e1b784e4ea7a4181a7675abeb04,job_3d16abd83bd84292a05344e622123803,4542,Service Calls - Service & Repair Fee - After-Hours,labor,1.0,188.0,188.0
invoice_185b7e1b784e4ea7a4181a7675abeb04,job_3d16abd83bd84292a05344e622123803,4542,Service Calls - Repairs & Part Installation - Tier 3 Repair - Bypass Control Board & Fan Relays,labor,1.0,122.0,122.0
invoice_4a9c982a133141c8a1a9b108a891e9db,job_cd1f0fc9fa76409285c6a12f5135c777,4541,Replace Single Lever Faucet,labor,1.0,720.5,720.5
invoice_88d0592a254b4f0e96be34fd6c1d8ac9,job_ec4d0f3bd9d24fa09bbdcdad843c71d6,4540,Service Calls - Service & Repair Fee - After-Hours,labor,1.0,188.0,188.0
invoice_88d0592a254b4f0e96be34fd6c1d8ac9,job_ec4d0f3bd9d24fa09bbdcdad843c71d6,4540,Service Calls - Repairs & Part Installation - **Tier 2 Repair - Leak Detection Tidewater Hospitality (Bubbles / Electronic),labor,1.0,107.0,107.0
invoice_88d0592a254b4f0e96be34fd6c1d8ac9,job_ec4d0f3bd9d24fa09bbdcdad843c71d6,4540,Generic Parts / Service - R410a refrigerant,material,2.0,132.0,264.0
invoice_88d0592a254b4f0e96be34fd6c1d8ac9,job_ec4d0f3bd9d24fa09bbdcdad843c71d6,4540,Generic Parts / Service - R410a refrigerant,material,3.0,132.0,396.0
invoice_7f96868e8d91456a82000d366a61061b,job_7c0faf8affa3497f9de2bba6e58ec557,4539,Jet Branchline Drain,labor,1.0,383.0,383.0
invoice_064beb7f642141fcbfd99a99a3492fd7,job_a4206ae4f07742d5a2104e9fd08353ba,4538,Service Calls - Service & Repair Fee - After-Hours,labor,1.0,188.0,188.0
invoice_ca7986ecc8c849f690eaa9a15a2edd5a,job_8071d013bbda4f36acf41d88c8416234,4537,Service Calls - Service & Repair Fee - After-Hours,labor,1.0,188.0,188.0
invoice_ca7986ecc8c849f690eaa9a15a2edd5a,job_8071d013bbda4f36acf41d88c8416234,4537,Service Calls - Repairs & Part Installation - **Tier 3 Repair - Clear Drain Line,labor,1.0,186.0,186.0
invoice_5b1e8b9841fd40bd884dec1ca6166993,job_c3fcf9b68bda48fdac9d49684c6e23a6,4536,Service Calls - Service & Repair Fee - After-Hours,labor,1.0,188.0,188.0
invoice_5b1e8b9841fd40bd884dec1ca6166993,job_c3fcf9b68bda48fdac9d49684c6e23a6,4536,Service Calls - Repairs & Part Installation - **Tier 3 Repair - Clear Drain Line,labor,1.0,186.0,186.0
invoice_a8a6be6b75a24ddea19a20429a54a717,job_439d2e2bcc5245289df72088f03eb793,4534,Service Calls - Service & Repair Fee - After-Hours,labor,1.0,188.0,188.0
invoice_a8a6be6b75a24ddea19a20429a54a717,job_439d2e2bcc5245289df72088f03eb793,4534,Service Calls - Repairs & Part Installation - **Tier 3 Repair - Clear Drain Line,labor,1.0,186.0,186.0
invoice_c35c4acfaf5e47e9849f64a9d021b777,job_63ea0ebc6ab24274aa4311c0f69555e5,4533,Service & Repair Fee - Standard,labor,1.0,102.0,102.0
invoice_c35c4acfaf5e47e9849f64a9d021b777,job_63ea0ebc6ab24274aa4311c0f69555e5,4533,System Installation,labor,1.0,1410.0,1410.0
invoice_c35c4acfaf5e47e9849f64a9d021b777,job_63ea0ebc6ab24274aa4311c0f69555e5,4533,Carrier Coastal Heat Pump - 4 Ton Condenser - 15 SEER,material,1.0,8222.75,8222.75
invoice_c35c4acfaf5e47e9849f64a9d021b777,job_63ea0ebc6ab24274aa4311c0f69555e5,4533,"Comfort Series Fan Coil Multipoise, ECM Motor for Puron Advance - 4 Ton",material,1.0,3589.5,3589.5
invoice_c35c4acfaf5e47e9849f64a9d021b777,job_63ea0ebc6ab24274aa4311c0f69555e5,4533,10 KW Heat Kit,material,1.0,394.5,394.5
invoice_c35c4acfaf5e47e9849f64a9d021b777,job_63ea0ebc6ab24274aa4311c0f69555e5,4533,Honeywell FocusPro N100,material,1.0,194.0,194.0
invoice_c35c4acfaf5e47e9849f64a9d021b777,job_63ea0ebc6ab24274aa4311c0f69555e5,4533,Add Ons - Attic Install,material,1.0,515.0,515.0
invoice_c35c4acfaf5e47e9849f64a9d021b777,job_63ea0ebc6ab24274aa4311c0f69555e5,4533,Add Ons - Drain package,material,1.0,277.75,277.75
invoice_daa2ba02fca74058b03e7f5e69c2e687,job_c44502467cce489f85d3b9c2e51f246f,4532,Service Calls - PLUMBING - Service Call - Standard,labor,1.0,0.0,0.0
invoice_daa2ba02fca74058b03e7f5e69c2e687,job_c44502467cce489f85d3b9c2e51f246f,4532,Navien NPE-240S 11.2gpm OUTDOOR unit,labor,1.0,5836.0,5836.0
invoice_daa2ba02fca74058b03e7f5e69c2e687,job_c44502467cce489f85d3b9c2e51f246f,4532,Discount,labor,1.0,-2281.0,-2281.0
invoice_a9bcf39f3c8645c8aaabe89036f6d864,job_5f6cbdb29eca4c63b597aa27e950b512,4531,Service Calls - Service & Repair Fee - After-Hours,labor,1.0,188.0,188.0
invoice_a9bcf39f3c8645c8aaabe89036f6d864,job_5f6cbdb29eca4c63b597aa27e950b512,4531,Generic Parts / Service - R410a refrigerant,material,3.0,132.0,396.0
invoice_09507a524cbf45a78626f58d17e16b15,job_94a7e2a32fac470f96775301bc39bd41,4530,Service Calls - Service & Repair Fee - After-Hours,labor,1.0,188.0,188.0
invoice_09507a524cbf45a78626f58d17e16b15,job_94a7e2a32fac470f96775301bc39bd41,4530,Service Calls - Repairs & Part Installation - **Tier 3 Repair - Clear Drain Line + Cut,labor,1.0,207.0,207.0
invoice_60ebf0b804a742e682c776f12a36827b,job_da245fb3e3c7407fb23323dd28ca3ce4,4529,Service & Repair Fee - Standard,labor,1.0,102.0,102.0
invoice_fc23dd2f194e4f08b3010cb912715993,job_5c57cfb216d9465dbaa0f9d5d7736d93,4528,Service & Repair Fee - Standard,labor,1.0,102.0,102.0
invoice_fc23dd2f194e4f08b3010cb912715993,job_5c57cfb216d9465dbaa0f9d5d7736d93,4528,Service Calls - Repairs & Part Installation - **Tier 3 Repair - Clear Drain Line,labor,1.0,186.0,186.0
invoice_b66b73ae7e7b4b089bebbb2eb02ae909,job_5796a7fbbdd04ecd8f644ee6cc30845e,4527,Service Calls - Service & Repair Fee - After-Hours,labor,1.0,188.0,188.0
invoice_2a062f8c95c740f5ae72e7f3a94efe55,job_13002d0f4b3f44a9a8d5e7a2e890a032,4526,Service & Repair Fee - Standard,labor,1.0,102.0,102.0
invoice_0936e156fc2340449ba782932f2a7a9a,job_9f8d991190834eceaa973fb86797ee02,4525,Service Calls - Service & Repair Fee - Standard,labor,1.0,96.0,96.0
invoice_0936e156fc2340449ba782932f2a7a9a,job_9f8d991190834eceaa973fb86797ee02,4525,Service Calls - Repairs & Part Installation - **Tier 3 Repair - Clear Drain Line + Re-Wire Float Switch,labor,1.0,196.0,196.0
invoice_77d4e0eaa9ab411fa9adb0090bf5cf02,job_a30b367c321442d1974ab34ba1319aaa,4524,Service Calls - Service & Repair Fee - Standard,labor,1.0,96.0,96.0
invoice_77d4e0eaa9ab411fa9adb0090bf5cf02,job_a30b367c321442d1974ab34ba1319aaa,4524,Service Calls - Repairs & Part Installation - **Tier 3 Repair - Capacitor Replacement,labor,1.0,180.0,180.0
invoice_cbf637af6da34a1fbab6283913e9effa,job_cbeebe70c21d4664a8acb2c6c22c26ca,4523,System Installation,labor,1.0,1552.0,1552.0
invoice_cbf637af6da34a1fbab6283913e9effa,job_cbeebe70c21d4664a8acb2c6c22c26ca,4523,Carrier Coastal Heat Pump - 3 Ton Condenser - 15 SEER,material,1.0,6434.0,6434.0
invoice_cbf637af6da34a1fbab6283913e9effa,job_cbeebe70c21d4664a8acb2c6c22c26ca,4523,"Comfort Series Fan Coil Multipoise, ECM Motor for Puron Advance - 3 Ton",material,1.0,2825.0,2825.0
invoice_cbf637af6da34a1fbab6283913e9effa,job_cbeebe70c21d4664a8acb2c6c22c26ca,4523,Electric Heater - 8kW 240 Volt-Single Phase with Terminal Block,material,1.0,258.5,258.5
invoice_cbf637af6da34a1fbab6283913e9effa,job_cbeebe70c21d4664a8acb2c6c22c26ca,4523,Honeywell Home FocusPRO® N100,material,2.0,190.0,380.0
invoice_cbf637af6da34a1fbab6283913e9effa,job_cbeebe70c21d4664a8acb2c6c22c26ca,4523,Add Ons - New Zone System + Dampers,material,1.0,1440.0,1440.0
invoice_6f334bec63544e0081f3386839897432,job_b0933bca21814aad9b2c85c2c8d06e1d,4522,Service & Repair Fee - Standard,labor,1.0,102.0,102.0
invoice_6f334bec63544e0081f3386839897432,job_b0933bca21814aad9b2c85c2c8d06e1d,4522,Service Calls - Repairs & Part Installation - **Tier 3 Repair - Clear Drain Line,labor,1.0,186.0,186.0
invoice_51b2c4391cb2440b8af8a68a5afbb686,job_b8be1b0a93c74f90a219051d85c439de,4521,Service & Repair Fee - Standard,labor,1.0,102.0,102.0
invoice_51b2c4391cb2440b8af8a68a5afbb686,job_b8be1b0a93c74f90a219051d85c439de,4521,Service Calls - Repairs & Part Installation - Service,labor,1.0,498.25,498.25
invoice_51b2c4391cb2440b8af8a68a5afbb686,job_b8be1b0a93c74f90a219051d85c439de,4521,Unit Specific Parts - Condenser Fan Motor,material,1.0,604.0,604.0
invoice_09522232ca6d47939e4d78308528bb91,job_6b75134cb314484b8b74011819529e1d,4520,Service & Repair Fee - Standard,labor,1.0,102.0,102.0
invoice_09522232ca6d47939e4d78308528bb91,job_6b75134cb314484b8b74011819529e1d,4520,Service Calls - Repairs & Part Installation - **Tier 3 Repair - Clear Drain Line,labor,1.0,186.0,186.0
invoice_af0c490207cb49a7a3fbe5988815c201,job_7264531727e3420d8c9d02ec4d146bf1,4519,Service & Repair Fee - Standard,labor,1.0,102.0,102.0
invoice_af0c490207cb49a7a3fbe5988815c201,job_7264531727e3420d8c9d02ec4d146bf1,4519,Service Calls - Repairs & Part Installation - **Tier 3 Repair - Clear Drain Line,labor,1.0,186.0,186.0
invoice_5c3d5ac768cb4266aa5eda98dbc7364b,job_6127c74bcbf3452983ecf7ada83f856e,4518,Service & Repair Fee - After-Hours,labor,1.0,167.0,167.0
invoice_5c3d5ac768cb4266aa5eda98dbc7364b,job_6127c74bcbf3452983ecf7ada83f856e,4518,Service Calls - Repairs & Part Installation - **Tier 3 Repair - Clear Drain Line,labor,1.0,186.0,186.0
invoice_ba601da27bec45dcaabeb417c4a997f1,job_e4f0190b67284fe98e194439b293ff11,4517,Service & Repair Fee - Standard,labor,1.0,102.0,102.0
invoice_d0907ffb530040168c6e302f92bcf144,job_c3a241754bc4404584dd82d0b2a0920c,4516,Visit #4,labor,1.0,98.0,98.0
invoice_6d53fd2d11fc4b5880caae3eba71308c,job_e0be14c6c40348c3ba5315a31d40da9f,4515,Service Calls - Service & Repair Fee - Standard,labor,1.0,96.0,96.0
invoice_cf0949e5cee54e6e92e97d74d9c7d9be,job_e64d78fc2e4e49ffbc04ee18985f2857,4514,Service Calls - Service & Repair Fee - Standard,labor,1.0,96.0,96.0
invoice_cf0949e5cee54e6e92e97d74d9c7d9be,job_e64d78fc2e4e49ffbc04ee18985f2857,4514,Service Calls - Repairs & Part Installation - **Tier 3 Repair - Clear Drain Line,labor,1.0,186.0,186.0
invoice_75dc470d3b5b4a4db7f49bc1ea203986,job_3b753f7639884679b6eb740d5ec619df,4512,GE 40 GALLON SHORT ELECTRIC,labor,1.0,2337.25,2337.25
invoice_335a5252b540498bb367e782b6116622,job_7157f83855b9406894fd320c28981b90,4511,Install New Hose Bibb,labor,1.0,208.75,208.75
invoice_e42d0d0cb9b74b638de77a095d95a1ac,job_51d21182e5614a1cb66daad99abbe61a,4510,Service & Repair Fee - Standard,labor,1.0,102.0,102.0
invoice_aeb3a0187ba748e382291a8f0145f739,job_ee44589e03944e479f6eaaa1df4a9e47,4509,Service Calls - PLUMBING - Service Call - Standard,labor,1.0,0.0,0.0
invoice_aeb3a0187ba748e382291a8f0145f739,job_ee44589e03944e479f6eaaa1df4a9e47,4509,"Repair on Copper Line up to 1""",labor,1.0,621.75,621.75
invoice_8b276bbd92a84a6ab951b352ad570996,job_d8e0fe2fd63d406985fbc654f2d75f42,4508,Service & Repair Fee - Standard,labor,1.0,102.0,102.0
invoice_8b276bbd92a84a6ab951b352ad570996,job_d8e0fe2fd63d406985fbc654f2d75f42,4508,Service Calls - Repairs & Part Installation - **Tier 3 Repair - Clear Drain Line,labor,1.0,186.0,186.0
invoice_cb132c2daba642e6ae02e4db34184999,job_71ccfe05723847b49e49d18411117e43,4507,Service Calls - Service & Repair Fee - After-Hours,labor,1.0,188.0,188.0
invoice_cb132c2daba642e6ae02e4db34184999,job_71ccfe05723847b49e49d18411117e43,4507,Service Calls - Repairs & Part Installation - **Tier 1 Repair - Cool Compressor,labor,1.0,52.0,52.0
invoice_37fd3b9e297f4e6c89f39489175d202c,job_815a4197b5e342f1b1c84151caf1b71c,4505,Service & Repair Fee - After-Hours,labor,1.0,167.0,167.0
invoice_37fd3b9e297f4e6c89f39489175d202c,job_815a4197b5e342f1b1c84151caf1b71c,4505,Service Calls - Repairs & Part Installation - **Tier 2 Repair - Leak Detection Tidewater Hospitality (Bubbles / Electronic),labor,1.0,107.0,107.0
invoice_37fd3b9e297f4e6c89f39489175d202c,job_815a4197b5e342f1b1c84151caf1b71c,4505,Generic Parts / Service - Lighthouse Hospitality - 410a Freon,material,3.0,98.0,294.0
invoice_08eb9f37c011439da075c15f94b206a2,job_946b8b451c1f41c1a6107fa3b6c83c1f,4504,New Construction - New Construction,labor,120.0,5.0,600.0
invoice_08eb9f37c011439da075c15f94b206a2,job_946b8b451c1f41c1a6107fa3b6c83c1f,4504,Carrier Heat Pump - 1.5 Ton Condenser - 15 SEER,material,1.0,3673.75,3673.75
invoice_08eb9f37c011439da075c15f94b206a2,job_946b8b451c1f41c1a6107fa3b6c83c1f,4504,"Comfort Series Fan Coil Multipoise, ECM Motor for Puron Advance - 1.5 Ton",material,1.0,2110.75,2110.75
invoice_08eb9f37c011439da075c15f94b206a2,job_946b8b451c1f41c1a6107fa3b6c83c1f,4504,4 Ton - Carrier Heat Pump - 4 Ton Condenser - 15 SEER,material,1.0,5763.5,5763.5
invoice_08eb9f37c011439da075c15f94b206a2,job_946b8b451c1f41c1a6107fa3b6c83c1f,4504,"4 Ton - Comfort Series Fan Coil Multipoise, ECM Motor for Puron Advance, 15kw Heat Kit - 4 Ton",material,1.0,3341.0,3341.0
invoice_08eb9f37c011439da075c15f94b206a2,job_946b8b451c1f41c1a6107fa3b6c83c1f,4504,5 KW HEATER 230-1 FJ4 1.5T,material,2.0,267.5,535.0
invoice_08eb9f37c011439da075c15f94b206a2,job_946b8b451c1f41c1a6107fa3b6c83c1f,4504,Rough-In & Trim-Out,material,2.0,2406.0,4812.0
invoice_cbc657e324e94d02afb1c71e69166b24,job_a6a620dc89544170bf13f4df71a25b75,4503,Service Calls - Service & Repair Fee - Standard,labor,1.0,96.0,96.0
invoice_cbc657e324e94d02afb1c71e69166b24,job_a6a620dc89544170bf13f4df71a25b75,4503,Service Calls - Repairs & Part Installation - Service,labor,1.0,436.0,436.0
invoice_cbc657e324e94d02afb1c71e69166b24,job_a6a620dc89544170bf13f4df71a25b75,4503,Unit Specific Parts - Indoor Control Board,material,1.0,1458.0,1458.0
invoice_160bee225e04494e90a7831af5236203,job_ce07b378cdf14ef28c1bf728f0ad1ab9,4501,Service & Repair Fee - After-Hours,labor,1.0,167.0,167.0
invoice_160bee225e04494e90a7831af5236203,job_ce07b378cdf14ef28c1bf728f0ad1ab9,4501,Service Calls - Repairs & Part Installation - **Tier 3 Repair - Clear Drain Line,labor,1.0,186.0,186.0
invoice_2ed1d8d93ed0460f8719e119956f55da,job_71eb8449d6314805b3a909d6b47a1701,4500,Preventative Maintenance - Residential Preventative Maintenance,labor,1.0,217.0,217.0
invoice_2ed1d8d93ed0460f8719e119956f55da,job_71eb8449d6314805b3a909d6b47a1701,4500,Service Calls - Repairs & Part Installation - Service,labor,1.0,498.25,498.25
invoice_2ed1d8d93ed0460f8719e119956f55da,job_71eb8449d6314805b3a909d6b47a1701,4500,WARRANTY Parts / Service - WARRANTY - Condenser Fan Motor,material,1.0,0.0,0.0
invoice_88d027d7a5f2442093b5a0bc35b6286c,job_c78424eec9c54bca98efac7188d2fc37,4499,Service & Repair Fee - After-Hours,labor,1.0,167.0,167.0
invoice_f3a6ccc71ecd412cbd251353a94bef21,job_6ecffeb64c634567ae5a2caeb166f037,4498,Preventative Maintenance - Residential Preventative Maintenance,labor,1.0,272.0,272.0
invoice_c5fcf0f6b3334582ae4a87a9f5a930c5,job_db1973506bab4d0f88bfb1a03c29f892,4497,Service & Repair Fee - Standard,labor,1.0,102.0,102.0
invoice_c5fcf0f6b3334582ae4a87a9f5a930c5,job_db1973506bab4d0f88bfb1a03c29f892,4497,Service Calls - Repairs & Part Installation - **Tier 2 Repair - Reconnected Thermostat,labor,1.0,25.0,25.0
invoice_cba300256c904d2cb065efc63af3b46f,job_efa68435737b41709427891500c2126d,4496,Service & Repair Fee - After-Hours,labor,1.0,167.0,167.0
invoice_fb147a7238b34dad9df9727dedebb244,job_130a5605fbc04bb88b9eccbfbad83a40,4495,Service & Repair Fee - After-Hours,labor,1.0,167.0,167.0
invoice_30e927489d734d379f2e29ffd4be2adf,job_3921dd3ee6ee49099ddd0c6beb0ab9ac,4494,Service & Repair Fee - Standard,labor,1.0,102.0,102.0
invoice_30e927489d734d379f2e29ffd4be2adf,job_3921dd3ee6ee49099ddd0c6beb0ab9ac,4494,Service Calls - Repairs & Part Installation - **Tier 2 Repair - Manually Open Zone Sentry & Perform Hard Reset,labor,1.0,47.0,47.0
invoice_a952f28f6aee4c0897c00a8cc8cef243,job_c35b2eaa8e0c48debbfd48b1f1e5f068,4493,Service & Repair Fee - Standard,labor,1.0,102.0,102.0
invoice_a952f28f6aee4c0897c00a8cc8cef243,job_c35b2eaa8e0c48debbfd48b1f1e5f068,4493,Service Calls - Repairs & Part Installation - **Tier 3 Repair - Clear Drain Line,labor,1.0,186.0,186.0
invoice_04628611f5664334b940546efe73618c,job_3cdda00eab704a40b1efc3deee385653,4492,Service & Repair Fee - Standard,labor,1.0,102.0,102.0
invoice_c00ce78d31524bdba109c9051ea0d03f,job_a58aed1f9dd048d2beae8f2ba3b4a0fd,4491,Service Calls - Service & Repair Fee - After-Hours,labor,1.0,188.0,188.0
invoice_c00ce78d31524bdba109c9051ea0d03f,job_a58aed1f9dd048d2beae8f2ba3b4a0fd,4491,Service Calls - Repairs & Part Installation - **Tier 3 Repair - Capacitor Replacement,labor,1.0,180.0,180.0
invoice_add2c093bb00494bba590381fb047391,job_fa8e647c3a2d4819905ea2caed4678ee,4490,Service & Repair Fee - Standard,labor,1.0,102.0,102.0
invoice_add2c093bb00494bba590381fb047391,job_fa8e647c3a2d4819905ea2caed4678ee,4490,Service Calls - Repairs & Part Installation - **Tier 3 Repair - Capacitor Replacement,labor,1.0,180.0,180.0
invoice_59400b885a20442ba87a72eedd442d2d,job_94f2203a11b54fc4be79ac6c87c6327d,4489,Service Calls - Service & Repair Fee - After-Hours,labor,1.0,188.0,188.0
invoice_59400b885a20442ba87a72eedd442d2d,job_94f2203a11b54fc4be79ac6c87c6327d,4489,Service Calls - Repairs & Part Installation - **Tier 1 Repair - Disconnect Switch,labor,1.0,26.0,26.0
invoice_0ab1f41e31c34ff39878fec42aad1434,job_658887d1f9964e598950b07fe6cd110f,4488,New System Installation - System Installation,labor,1.0,1584.0,1584.0
invoice_0ab1f41e31c34ff39878fec42aad1434,job_658887d1f9964e598950b07fe6cd110f,4488,2 Ton - BUDGET 14 - Trane 2 Ton 14.3 Seer2 (15 SEER) Heat Pump System,material,1.0,7474.0,7474.0
invoice_2b77ac83fecd4f778ad6fc9a3df996ac,job_d2552a39da8543e99f96c50243ce928b,4487,New System Installation - System Installation,labor,1.0,1584.0,1584.0
invoice_2b77ac83fecd4f778ad6fc9a3df996ac,job_d2552a39da8543e99f96c50243ce928b,4487,2 Ton - BUDGET 14 - Trane 2 Ton 14.3 Seer2 (15 SEER) Heat Pump System,material,1.0,5050.0,5050.0
invoice_2b77ac83fecd4f778ad6fc9a3df996ac,job_d2552a39da8543e99f96c50243ce928b,4487,Add Ons - Concrete Pad,material,1.0,256.0,256.0
invoice_5ec636baf4b84388a1a84bcb02a2c37f,job_925980d703b34b88955240b3d2805810,4486,Service Calls - Repairs & Part Installation - Service,labor,1.0,436.0,436.0
invoice_5ec636baf4b84388a1a84bcb02a2c37f,job_925980d703b34b88955240b3d2805810,4486,Unit Specific Parts - High Pressure Switch,material,1.0,211.0,211.0
invoice_5ec636baf4b84388a1a84bcb02a2c37f,job_925980d703b34b88955240b3d2805810,4486,Generic Parts / Service - R410a refrigerant,material,3.0,132.0,396.0
invoice_c66c8e5336b849fb810ebf3cd2703d46,job_c1d175da0e9d43a1880439203c787184,4485,Service & Repair Fee - Standard,labor,1.0,102.0,102.0
invoice_c66c8e5336b849fb810ebf3cd2703d46,job_c1d175da0e9d43a1880439203c787184,4485,Service Calls - Repairs & Part Installation - Service,labor,1.0,436.0,436.0
invoice_c66c8e5336b849fb810ebf3cd2703d46,job_c1d175da0e9d43a1880439203c787184,4485,Service Calls - Repairs & Part Installation - Tier 3 Repair - Bypass Defrost Board,labor,1.0,53.0,53.0
invoice_c66c8e5336b849fb810ebf3cd2703d46,job_c1d175da0e9d43a1880439203c787184,4485,Unit Specific Parts - Defrost Control Board,material,1.0,154.0,154.0
invoice_4aaf9587fbf2465b9265e35726371abc,job_84439d0fcba148aaba1daefe25cf0cb7,4484,Service & Repair Fee - After-Hours,labor,1.0,167.0,167.0
invoice_4aaf9587fbf2465b9265e35726371abc,job_84439d0fcba148aaba1daefe25cf0cb7,4484,Service Calls - Repairs & Part Installation - **Tier 3 Repair - Clear Drain Line,labor,1.0,186.0,186.0
invoice_e3d7b991ce2c4ee1a8c20b32040c2302,job_6355479661b54f9c8231a8507f59acc2,4483,Visit #2,labor,1.0,236.0,236.0
invoice_cb3e53e8cd05494481f5ee2dd76ed7c9,job_a5b92d358dae4db89906c880d55e70b8,4482,Service Calls - Repairs & Part Installation - **Tier 3 Repair - Clear Drain Line,labor,1.0,186.0,186.0
invoice_7aa00ab8aa684ebbb23b7533c0eafc47,job_fe99c424a23f4e0bb410bb8ef3be74fb,4480,Replace Shower Drain,labor,1.0,805.0,805.0
invoice_9de2cdf3b88d49eca3af5efba7f0f330,job_7bf90c215f324b65819f7a612beda86f,4479,Service & Repair Fee - Standard,labor,1.0,102.0,102.0
invoice_9de2cdf3b88d49eca3af5efba7f0f330,job_7bf90c215f324b65819f7a612beda86f,4479,Service Calls - Repairs & Part Installation - **Tier 1 Repair - Bypassed Defrost Board,labor,1.0,25.0,25.0
invoice_5d2739312d8a4773972d38de3a6c531e,job_be08e11b9b5c46988dcb410e131bed82,4478,Service & Repair Fee - Standard,labor,1.0,102.0,102.0
invoice_5d2739312d8a4773972d38de3a6c531e,job_be08e11b9b5c46988dcb410e131bed82,4478,Generic Parts / Service - Reme Halo Zero,material,1.0,969.0,969.0
invoice_5d2739312d8a4773972d38de3a6c531e,job_be08e11b9b5c46988dcb410e131bed82,4478,Add Ons - Blu QR UV Stick Horton,material,1.0,212.0,212.0
invoice_6b63ca8135794fc9abdcc91d23f301c8,job_100905b794e043cb8961dfde63c57463,4477,Replace Tub Spout,labor,1.0,258.0,258.0
invoice_9e2887e2f44d45228893f973eeb0d5d4,job_2f3d5bf8bd4d4e2ea4276667aec5aead,4476,Service & Repair Fee - Standard,labor,1.0,102.0,102.0
invoice_9e2887e2f44d45228893f973eeb0d5d4,job_2f3d5bf8bd4d4e2ea4276667aec5aead,4476,New System Installation - System Installation,labor,1.0,1584.0,1584.0
invoice_9e2887e2f44d45228893f973eeb0d5d4,job_2f3d5bf8bd4d4e2ea4276667aec5aead,4476,3 Ton Goodman Package unit,material,1.0,7139.0,7139.0
invoice_9e2887e2f44d45228893f973eeb0d5d4,job_2f3d5bf8bd4d4e2ea4276667aec5aead,4476,10kw Electric Heat Kit,material,1.0,258.0,258.0
invoice_9e2887e2f44d45228893f973eeb0d5d4,job_2f3d5bf8bd4d4e2ea4276667aec5aead,4476,Square to Glasswort Terrace Converter,material,1.0,155.0,155.0
invoice_9e2887e2f44d45228893f973eeb0d5d4,job_2f3d5bf8bd4d4e2ea4276667aec5aead,4476,Generic Parts / Service - R410a refrigerant,material,4.0,132.0,528.0
invoice_c30e4627c149488c9ce4ef4e0007baef,job_2f3d5bf8bd4d4e2ea4276667aec5aead,4475,Service & Repair Fee - Standard,labor,1.0,102.0,102.0
invoice_c30e4627c149488c9ce4ef4e0007baef,job_2f3d5bf8bd4d4e2ea4276667aec5aead,4475,New System Installation - System Installation,labor,1.0,1584.0,1584.0
invoice_c30e4627c149488c9ce4ef4e0007baef,job_2f3d5bf8bd4d4e2ea4276667aec5aead,4475,3 Ton Goodman Package unit,material,1.0,7139.0,7139.0
invoice_c30e4627c149488c9ce4ef4e0007baef,job_2f3d5bf8bd4d4e2ea4276667aec5aead,4475,10kw Electric Heat Kit,material,1.0,258.0,258.0
invoice_c30e4627c149488c9ce4ef4e0007baef,job_2f3d5bf8bd4d4e2ea4276667aec5aead,4475,Square to Glasswort Terrace Converter,material,1.0,155.0,155.0
invoice_c30e4627c149488c9ce4ef4e0007baef,job_2f3d5bf8bd4d4e2ea4276667aec5aead,4475,Generic Parts / Service - R410a refrigerant,material,4.0,132.0,528.0
invoice_e6990d7babba45b2a13168466dabd75a,job_2f3d5bf8bd4d4e2ea4276667aec5aead,4474,Service & Repair Fee - Standard,labor,1.0,102.0,102.0
invoice_e6990d7babba45b2a13168466dabd75a,job_2f3d5bf8bd4d4e2ea4276667aec5aead,4474,New System Installation - System Installation,labor,1.0,1584.0,1584.0
invoice_e6990d7babba45b2a13168466dabd75a,job_2f3d5bf8bd4d4e2ea4276667aec5aead,4474,3 Ton Goodman Package unit,material,1.0,7139.0,7139.0
invoice_e6990d7babba45b2a13168466dabd75a,job_2f3d5bf8bd4d4e2ea4276667aec5aead,4474,10kw Electric Heat Kit,material,1.0,258.0,258.0
invoice_e6990d7babba45b2a13168466dabd75a,job_2f3d5bf8bd4d4e2ea4276667aec5aead,4474,Square to Glasswort Terrace Converter,material,1.0,155.0,155.0
invoice_e6990d7babba45b2a13168466dabd75a,job_2f3d5bf8bd4d4e2ea4276667aec5aead,4474,Generic Parts / Service - R410a refrigerant,material,4.0,132.0,528.0
invoice_598b93c32c674f939bd9ac1f6f270423,job_5f39772289bf4529bb949368f7079482,4473,Service & Repair Fee - After-Hours,labor,1.0,167.0,167.0
invoice_598b93c32c674f939bd9ac1f6f270423,job_5f39772289bf4529bb949368f7079482,4473,Service Calls - Repairs & Part Installation - **Tier 3 Repair - Contactor Replacement,labor,1.0,179.0,179.0
invoice_66c85a74df90459e9e6bffc8bc46ceb9,job_f832fe948c544269b13127a4a14563ef,4472,Service & Repair Fee - After-Hours,labor,1.0,167.0,167.0
invoice_66c85a74df90459e9e6bffc8bc46ceb9,job_f832fe948c544269b13127a4a14563ef,4472,Service Calls - Repairs & Part Installation - **Tier 3 Repair - Clear Drain Line,labor,1.0,186.0,186.0
invoice_807e7e4b57d34a51bf588dc08f3bbec2,job_13d76805f6df496bb870534e54eff784,4471,Service Calls - Service & Repair Fee - After-Hours,labor,1.0,188.0,188.0
invoice_807e7e4b57d34a51bf588dc08f3bbec2,job_13d76805f6df496bb870534e54eff784,4471,Service Calls - Repairs & Part Installation - **Tier 3 Repair - Clear Drain Line,labor,1.0,186.0,186.0
invoice_a73f4446bdf44026b72df2038401006f,job_0ec0ef8fe3e84c24bd339e756f94e016,4470,Replace Single Lever Faucet,labor,1.0,1246.5,1246.5
invoice_cf52bc6912664a928af2f05fbf2d94af,job_bf5980a1a2bb49d19b2cacd49b1d435a,4469,Service & Repair Fee - After-Hours,labor,1.0,167.0,167.0
invoice_cf52bc6912664a928af2f05fbf2d94af,job_bf5980a1a2bb49d19b2cacd49b1d435a,4469,Service Calls - Repairs & Part Installation - **Tier 3 Repair - Clear Drain Line,labor,1.0,186.0,186.0
invoice_cf52bc6912664a928af2f05fbf2d94af,job_bf5980a1a2bb49d19b2cacd49b1d435a,4469,Service Calls - Repairs & Part Installation - **Tier 2 Repair - Replace safety switches (pan and float switches),labor,1.0,155.0,155.0
invoice_cf52bc6912664a928af2f05fbf2d94af,job_bf5980a1a2bb49d19b2cacd49b1d435a,4469,Service Calls - Repairs & Part Installation - **Tier 1 Repair - Vacuum drain pan,labor,1.0,48.0,48.0
invoice_97b01a1cb9324a38aea12cc210f21320,job_931e54e0e09a4a5ebc2088e4e867be32,4468,Service Calls - Service & Repair Fee - Standard,labor,1.0,96.0,96.0
invoice_97b01a1cb9324a38aea12cc210f21320,job_931e54e0e09a4a5ebc2088e4e867be32,4468,Service Calls - Repairs & Part Installation - **Tier 2 Repair - Rewire Thermostat,labor,1.0,103.0,103.0
invoice_650b785316b446dd9e9fd5c662fbbda0,job_2b74c582ed3142db8e49aa565ecb587d,4467,Service Calls - Repairs & Part Installation - Tier 4 Repair - Replace Existing Condensate Pump,labor,1.0,306.0,306.0
invoice_650b785316b446dd9e9fd5c662fbbda0,job_2b74c582ed3142db8e49aa565ecb587d,4467,Service Calls - Service & Repair Fee - After-Hours,labor,1.0,188.0,188.0
invoice_650b785316b446dd9e9fd5c662fbbda0,job_2b74c582ed3142db8e49aa565ecb587d,4467,Generic Parts / Service - Condensate pump,material,1.0,153.0,153.0
invoice_d68e04051d7743acaec7f6c296cb3ebf,job_13ae13f531b14760a2df636fa1f5e225,4466,Visit #4,labor,1.0,98.0,98.0
invoice_b53994951446415aa7f01f5003076fb2,job_c7c246b9e42b46cfa39acf0322cdb418,4465,Visit #4,labor,1.0,98.0,98.0
invoice_461a7b10284f469c873e8d6b89b76690,job_c71b022a4cf54eecac2b863524b0f221,4464,Service Calls - Service & Repair Fee - After-Hours,labor,1.0,188.0,188.0
invoice_461a7b10284f469c873e8d6b89b76690,job_c71b022a4cf54eecac2b863524b0f221,4464,MISC Labor - Adding a Flex Run + Boot,labor,1.0,360.0,360.0
invoice_0a987fdb0e2a4911afcbc39d6605b1bf,job_277d5e6eebf140f08ac093c51f50b351,4463,Service & Repair Fee - Standard,labor,1.0,102.0,102.0
invoice_0a987fdb0e2a4911afcbc39d6605b1bf,job_277d5e6eebf140f08ac093c51f50b351,4463,Service Calls - Repairs & Part Installation - **Tier 2 Repair - Leak Detection Tidewater Hospitality (Bubbles / Electronic),labor,1.0,107.0,107.0
invoice_0a987fdb0e2a4911afcbc39d6605b1bf,job_277d5e6eebf140f08ac093c51f50b351,4463,New System Installation - System Installation,labor,1.0,1584.0,1584.0
invoice_0a987fdb0e2a4911afcbc39d6605b1bf,job_277d5e6eebf140f08ac093c51f50b351,4463,Generic Parts / Service - R410a refrigerant,material,2.0,132.0,264.0
invoice_0a987fdb0e2a4911afcbc39d6605b1bf,job_277d5e6eebf140f08ac093c51f50b351,4463,3 Ton - BUDGET 14 - Trane 3 Ton 14.3 Seer2 (15 SEER) Heat Pump System,material,1.0,9269.0,9269.0
invoice_0a987fdb0e2a4911afcbc39d6605b1bf,job_277d5e6eebf140f08ac093c51f50b351,4463,Add Ons - Concrete Pad,material,1.0,256.0,256.0
invoice_0a987fdb0e2a4911afcbc39d6605b1bf,job_277d5e6eebf140f08ac093c51f50b351,4463,Add Ons - Drain package,material,1.0,277.75,277.75
invoice_0a987fdb0e2a4911afcbc39d6605b1bf,job_277d5e6eebf140f08ac093c51f50b351,4463,Add Ons - Attic Install,material,1.0,515.0,515.0
invoice_02c9f84eb04b454ba07df68bfb7df5c3,job_e9126c949ff141c3920b632d8ec1326e,4462,Service Calls - Service & Repair Fee - Commercial,labor,1.0,168.0,168.0
invoice_02c9f84eb04b454ba07df68bfb7df5c3,job_e9126c949ff141c3920b632d8ec1326e,4462,Service Calls - Repairs & Part Installation - **Tier 2 Repair - Leak Detection Tidewater Hospitality (Bubbles / Electronic),labor,1.0,107.0,107.0
invoice_4816850e5f5e4e18a6a47737ed8ee650,job_12a443cefad5478ba0611e6788fa48e1,4461,Service Calls - Service & Repair Fee - After-Hours - $175,labor,1.0,171.0,171.0
invoice_4816850e5f5e4e18a6a47737ed8ee650,job_12a443cefad5478ba0611e6788fa48e1,4461,Service Calls - Repairs & Part Installation - **Tier 3 Repair - Clear Drain Line $175,labor,1.0,182.0,182.0
invoice_4816850e5f5e4e18a6a47737ed8ee650,job_12a443cefad5478ba0611e6788fa48e1,4461,Service Calls - Repairs & Part Installation - Rescue Motor - $700,labor,1.0,753.0,753.0
invoice_4d7d07fb9b6945e985ad41b5d8c3cfe9,job_6eadbd5ae6d64daeab9bb282897e27d9,4460,50 Gallon Electric Water Heater 6 Yr,labor,1.0,2375.0,2375.0
invoice_4d7d07fb9b6945e985ad41b5d8c3cfe9,job_6eadbd5ae6d64daeab9bb282897e27d9,4460,Replace Washer Box Valves,labor,1.0,569.75,569.75
invoice_4d7d07fb9b6945e985ad41b5d8c3cfe9,job_6eadbd5ae6d64daeab9bb282897e27d9,4460,Replace Toilet Flex Line,labor,3.0,0.0,0.0
invoice_a99238c964c24cc890b269e1ca166858,job_91ef86bed96b438f9cda2115945bad3d,4459,Service Calls - Service & Repair Fee - Standard,labor,1.0,96.0,96.0
invoice_a99238c964c24cc890b269e1ca166858,job_91ef86bed96b438f9cda2115945bad3d,4459,Service Calls - Repairs & Part Installation - **Tier 3 Repair - Clear Drain Line,labor,1.0,186.0,186.0
invoice_a99238c964c24cc890b269e1ca166858,job_91ef86bed96b438f9cda2115945bad3d,4459,Service Calls - Repairs & Part Installation - **Tier 2 Repair - Coil clean in place,labor,1.0,104.0,104.0
invoice_38fef97830e14049a13736f3d9851d51,job_36296106e4db4b87989533e1b0751ae5,4458,Generic Parts / Service - Ecobee 6 Thermostat,material,1.0,499.25,499.25
invoice_7bcea751b3264b29b2bb5537bc0e0c13,job_778c22ef55e8453590bed73780b2ba53,4457,Service Calls - Service & Repair Fee - Standard,labor,1.0,96.0,96.0
invoice_7bcea751b3264b29b2bb5537bc0e0c13,job_778c22ef55e8453590bed73780b2ba53,4457,Service Calls - Repairs & Part Installation - **Tier 3 Repair - Clear Drain Line,labor,1.0,186.0,186.0
invoice_fab1edd8a57b4108b9620b3cee128e79,job_da7e7f47d38b422686d305797bebe44d,4456,Service & Repair Fee - After-Hours,labor,1.0,167.0,167.0
invoice_fab1edd8a57b4108b9620b3cee128e79,job_da7e7f47d38b422686d305797bebe44d,4456,Service Calls - Repairs & Part Installation - **Tier 3 Repair - Clear Drain Line,labor,1.0,186.0,186.0
invoice_fab1edd8a57b4108b9620b3cee128e79,job_da7e7f47d38b422686d305797bebe44d,4456,Service Calls - Repairs & Part Installation - **Tier 1 Repair - Cool Compressor,labor,1.0,52.0,52.0
invoice_c6a6be9fde5b4333993dec7a101545f4,job_3e0f3a805f3747bd8379b8aa5873e308,4455,Visit #4,labor,1.0,180.0,180.0
invoice_6c503a1b9d874d618e99039f49806ac0,job_36dd3d360ac44d5b85c41fa5fa8d9fab,4454,Service Calls - PLUMBING - Service Call - Standard,labor,1.0,0.0,0.0
invoice_6c503a1b9d874d618e99039f49806ac0,job_36dd3d360ac44d5b85c41fa5fa8d9fab,4454,18 KW Electric Tankless,labor,1.0,2865.25,2865.25
invoice_3c604288ef4d41ec962d6cf6cdf818ad,job_8c7e016f815e4ec5bdabd59181fa6000,4453,Service Calls - Service & Repair Fee - After-Hours,labor,1.0,188.0,188.0
invoice_5d814f8bc69c4f03a36119d304a4ed34,job_2f44eb612ac24a81ab3581c1e9e1cf96,4452,Service & Repair Fee - After-Hours,labor,1.0,167.0,167.0
invoice_65355e3689934f739dd581bd891dcbd8,job_433d49ac32604f908c63a08b813770db,4451,Service Calls - Service & Repair Fee - After-Hours,labor,1.0,188.0,188.0
invoice_65355e3689934f739dd581bd891dcbd8,job_433d49ac32604f908c63a08b813770db,4451,Service Calls - Repairs & Part Installation - **Tier 3 Repair - Clear Drain Line,labor,1.0,186.0,186.0
invoice_fb0e239bdccb47b7b241340a0c77a767,job_a828f41798d2434bb4a1582b5d96e8e8,4450,Service Calls - Service & Repair Fee - Standard,labor,1.0,96.0,96.0
invoice_72c8b728fb2040338b0250e0839fbc90,job_b0150b0cef6a4d6ca4f4db989161d032,4449,Service Calls - Service & Repair Fee - After-Hours,labor,1.0,188.0,188.0
invoice_72c8b728fb2040338b0250e0839fbc90,job_b0150b0cef6a4d6ca4f4db989161d032,4449,Service Calls - Repairs & Part Installation - **Tier 3 Repair - Clear Drain Line,labor,1.0,186.0,186.0
invoice_6ce5faacf90d444ab7f600d0bf4b39a8,job_a099913194574934aab2fad87f04c88a,4448,Service Calls - Service & Repair Fee - After-Hours,labor,1.0,188.0,188.0
invoice_6ce5faacf90d444ab7f600d0bf4b39a8,job_a099913194574934aab2fad87f04c88a,4448,Service Calls - Repairs & Part Installation - **Tier 3 Repair - Clear Drain Line,labor,1.0,186.0,186.0
invoice_6008fdd670b84bf887562f378657f799,job_0a58cf11f1ba4026820d804ba7b3f225,4447,Visit #4,labor,1.0,98.0,98.0
invoice_d56c47cdd2fe40c0ac3d48d2651e02be,job_3b20b3698c6342f3a9110b6e9a535360,4446,Service Calls - Service & Repair Fee - After-Hours,labor,1.0,188.0,188.0
invoice_b18d8e6b46354bc3a65b0b9b85ac84d0,job_0d971494c61c4212834127863256b14c,4445,Service & Repair Fee - Standard,labor,1.0,102.0,102.0
invoice_b18d8e6b46354bc3a65b0b9b85ac84d0,job_0d971494c61c4212834127863256b14c,4445,Service Calls - Repairs & Part Installation - **Tier 3 Repair - Capacitor Replacement,labor,1.0,180.0,180.0
invoice_c614706aebf04f0b80974ffb05480fe1,job_d6fde0c1d13a43f08efd162e700fd0ed,4444,Service Calls - Repairs & Part Installation - **Tier 1 Repair - Re-Attach Air Handler Insulation,labor,1.0,52.0,52.0
invoice_c614706aebf04f0b80974ffb05480fe1,job_d6fde0c1d13a43f08efd162e700fd0ed,4444,Visit #4,labor,1.0,98.0,98.0
invoice_48757e681cfe4eae8128ef7cea91eac5,job_65ac12ef864f4a568c2f7c2ed4bf767a,4443,System Installation,labor,1.0,1410.0,1410.0
invoice_48757e681cfe4eae8128ef7cea91eac5,job_65ac12ef864f4a568c2f7c2ed4bf767a,4443,Carrier Coastal Heat Pump - 2 Ton Condenser - 15 SEER,material,1.0,5544.25,5544.25
invoice_48757e681cfe4eae8128ef7cea91eac5,job_65ac12ef864f4a568c2f7c2ed4bf767a,4443,"Comfort Series Fan Coil Multipoise, ECM Motor for Puron Advance - 2 Ton",material,1.0,2166.25,2166.25
invoice_48757e681cfe4eae8128ef7cea91eac5,job_65ac12ef864f4a568c2f7c2ed4bf767a,4443,Electric Heater - 5kW 240 Volt-Single Phase with Terminal Block,material,1.0,278.5,278.5
invoice_48757e681cfe4eae8128ef7cea91eac5,job_65ac12ef864f4a568c2f7c2ed4bf767a,4443,Honeywell Home FocusPRO® N100,material,1.0,190.0,190.0
invoice_48757e681cfe4eae8128ef7cea91eac5,job_65ac12ef864f4a568c2f7c2ed4bf767a,4443,MISC Labor - Pump Down/ Platform Removal,labor,1.0,1030.0,1030.0
invoice_48757e681cfe4eae8128ef7cea91eac5,job_65ac12ef864f4a568c2f7c2ed4bf767a,4443,Add Ons - Concrete Pad,material,2.0,256.0,512.0
invoice_ce92403484934bfa984fe96c4d48356c,job_435ea5fc6b4d4e0288876ff58f2f99f4,4442,Service & Repair Fee - Standard,labor,1.0,102.0,102.0
invoice_ce92403484934bfa984fe96c4d48356c,job_435ea5fc6b4d4e0288876ff58f2f99f4,4442,Service Calls - Repairs & Part Installation - **Tier 3 Repair - Clear Drain Line,labor,1.0,186.0,186.0
invoice_dcb870d5892646a69ba2ea81cf9d846a,job_0cc7fae01d5b40628b8d468e1e4de22f,4441,Service & Repair Fee - Standard,labor,1.0,102.0,102.0
invoice_209859451c8542b0ad70fd7b87e8e015,job_882d915f213a450f85ba10d7d752887c,4440,Visit #4,labor,1.0,180.0,180.0
invoice_b287b707475d45c1ae7caaf970df5c3f,job_678b8d71150a4cd6aa1b88b62dc38a92,4439,Service Calls - Service & Repair Fee - Standard,labor,1.0,96.0,96.0
invoice_b287b707475d45c1ae7caaf970df5c3f,job_678b8d71150a4cd6aa1b88b62dc38a92,4439,Service Calls - Repairs & Part Installation - **Tier 2 Repair - Leak Detection Tidewater Hospitality (Bubbles / Electronic),labor,1.0,107.0,107.0
invoice_5e7a79543f0b4676958eeb1ff6e5c096,job_7a2b35da2a11401a9eab4eacb03bac48,4438,Service & Repair Fee - Standard,labor,1.0,102.0,102.0
invoice_5e7a79543f0b4676958eeb1ff6e5c096,job_7a2b35da2a11401a9eab4eacb03bac48,4438,Service Calls - Repairs & Part Installation - **Tier 3 Repair - Clear Drain Line,labor,1.0,186.0,186.0
invoice_c1994c2eb5a84698bdf2480fc7e80533,job_36dd3d360ac44d5b85c41fa5fa8d9fab,4436,Service Calls - PLUMBING - Service Call - Standard,labor,1.0,0.0,0.0
invoice_6c4c28e99bd445eb97a5279e21d0552e,job_36dd3d360ac44d5b85c41fa5fa8d9fab,4437,Service Calls - PLUMBING - Service Call - Standard,labor,1.0,0.0,0.0
invoice_d048b3c5277447bd86a8a89d514a7ec5,job_ded7d9f6506545c4935c991747631523,4435,Service & Repair Fee - Standard,labor,1.0,102.0,102.0
invoice_d048b3c5277447bd86a8a89d514a7ec5,job_ded7d9f6506545c4935c991747631523,4435,Service Calls - Repairs & Part Installation - **Tier 1 Repair - Cool compressor,labor,1.0,52.0,52.0
invoice_d048b3c5277447bd86a8a89d514a7ec5,job_ded7d9f6506545c4935c991747631523,4435,New System Installation - System Installation,labor,1.0,1584.0,1584.0
invoice_d048b3c5277447bd86a8a89d514a7ec5,job_ded7d9f6506545c4935c991747631523,4435,2.5 Ton - STANDARD CHOICE 15 - Trane 2.5 Ton  Front Return 15.2 Seer2 (16 SEER) Heat Pump System,material,1.0,10227.0,10227.0
invoice_ba2c9de6026f4dd7bfe4328c44742955,job_144ba256b51d46918de5aed051a6fee5,4434,Service Calls - Service & Repair Fee - After-Hours,labor,1.0,188.0,188.0
invoice_ba2c9de6026f4dd7bfe4328c44742955,job_144ba256b51d46918de5aed051a6fee5,4434,Service Calls - Repairs & Part Installation - **Tier 3 Repair - Capacitor Replacement,labor,1.0,180.0,180.0
invoice_9588a0a47fa24f02bc8ff8acbb09efd0,job_10110a894d7e4db995d65c778902963b,4433,Service Calls - Service & Repair Fee - Standard,labor,1.0,96.0,96.0
invoice_4b1dcc66a5d24218a87e55d2a4de7a63,job_b1a9cc0719484d06b1c471a7d77badba,4432,Service Calls - Service & Repair Fee - After-Hours,labor,1.0,188.0,188.0
invoice_4b1dcc66a5d24218a87e55d2a4de7a63,job_b1a9cc0719484d06b1c471a7d77badba,4432,Service Calls - Repairs & Part Installation - Rescue Motor,material,1.0,676.0,676.0
invoice_74a594e9b8034ed4afa9bac19ab9e120,job_475eb884cb5e4b4197d4927c5111acf6,4431,Service Calls - Service & Repair Fee - After-Hours,labor,1.0,188.0,188.0
invoice_74a594e9b8034ed4afa9bac19ab9e120,job_475eb884cb5e4b4197d4927c5111acf6,4431,Service Calls - Repairs & Part Installation - **Tier 3 Repair - Clear Drain Line,labor,1.0,186.0,186.0
invoice_ca16be77a4394680ad2ce9f9a5ed5569,job_514cc06f41e343128ce1bef3168d53aa,4430,Service Calls - Service & Repair Fee - After-Hours,labor,1.0,188.0,188.0
invoice_ca16be77a4394680ad2ce9f9a5ed5569,job_514cc06f41e343128ce1bef3168d53aa,4430,Thermostat - Honeywell Home FocusPRO® N100,material,1.0,193.0,193.0
invoice_7145e1a9391d4d829d3e99cf6f953fc1,job_f912eae8f9ab4688980086f2835d095b,4429,Service Calls - Service & Repair Fee - Standard,labor,1.0,96.0,96.0
invoice_7145e1a9391d4d829d3e99cf6f953fc1,job_f912eae8f9ab4688980086f2835d095b,4429,Service Calls - Repairs & Part Installation - **Tier 3 Repair - Capacitor Replacement,labor,1.0,180.0,180.0
invoice_529ade130043485a838c528e518267ec,job_9562b1bf3fee4437bfcbee8391b40181,4428,Service & Repair Fee - Standard,labor,1.0,102.0,102.0
invoice_529ade130043485a838c528e518267ec,job_9562b1bf3fee4437bfcbee8391b40181,4428,Service Calls - Repairs & Part Installation - **Tier 3 Repair - Clear Drain Line,labor,1.0,186.0,186.0
invoice_2a1e8740f62d4c48a8ae315e4c297f42,job_12a443cefad5478ba0611e6788fa48e1,4427,Service Calls - Service & Repair Fee - After-Hours,labor,1.0,188.0,188.0
invoice_2a1e8740f62d4c48a8ae315e4c297f42,job_12a443cefad5478ba0611e6788fa48e1,4427,Service Calls - Repairs & Part Installation - **Tier 3 Repair - Clear Drain Line,labor,1.0,186.0,186.0
invoice_2a1e8740f62d4c48a8ae315e4c297f42,job_12a443cefad5478ba0611e6788fa48e1,4427,Service Calls - Repairs & Part Installation - Rescue Motor,labor,1.0,718.0,718.0
invoice_95f7a8f93d5a43adbec54502da09b3f6,job_277d5e6eebf140f08ac093c51f50b351,4426,Service & Repair Fee - Standard,labor,1.0,102.0,102.0
invoice_95f7a8f93d5a43adbec54502da09b3f6,job_277d5e6eebf140f08ac093c51f50b351,4426,Service Calls - Repairs & Part Installation - **Tier 2 Repair - Leak Detection Tidewater Hospitality (Bubbles / Electronic),labor,1.0,107.0,107.0
invoice_95f7a8f93d5a43adbec54502da09b3f6,job_277d5e6eebf140f08ac093c51f50b351,4426,New System Installation - System Installation,labor,1.0,1584.0,1584.0
invoice_95f7a8f93d5a43adbec54502da09b3f6,job_277d5e6eebf140f08ac093c51f50b351,4426,Generic Parts / Service - R410a refrigerant,material,2.0,132.0,264.0
invoice_95f7a8f93d5a43adbec54502da09b3f6,job_277d5e6eebf140f08ac093c51f50b351,4426,3 Ton - BUDGET 14 - Trane 3 Ton 14.3 Seer2 (15 SEER) Heat Pump System,material,1.0,9269.0,9269.0
invoice_0cd646d87c504df0a91fe881ad21bcef,job_5ed83f686e32432fbb0a6db10a5c2240,4425,Service Calls - Tidewater Hospitality Service & Repair Fee - After Hours,labor,1.0,92.0,92.0
invoice_0cd646d87c504df0a91fe881ad21bcef,job_5ed83f686e32432fbb0a6db10a5c2240,4425,Service Calls - Repairs & Part Installation - Service,labor,1.0,436.0,436.0
invoice_0cd646d87c504df0a91fe881ad21bcef,job_5ed83f686e32432fbb0a6db10a5c2240,4425,Unit Specific Parts - Defrost Control Board,material,1.0,154.0,154.0
invoice_a17300efa217428b9af773a8b79fa9ad,job_ac9864720bb143c389f92016267de5f3,4424,Service Calls - Service & Repair Fee - Standard,labor,1.0,96.0,96.0
invoice_a17300efa217428b9af773a8b79fa9ad,job_ac9864720bb143c389f92016267de5f3,4424,Service Calls - Repairs & Part Installation - **Tier 3 Repair - Capacitor Replacement,labor,1.0,180.0,180.0
invoice_78f42ba5afe24ce2b8ce60a514076922,job_4826c0bffcec4f698931cad1b7eb4065,4423,Preventative Maintenance - Residential Preventative Maintenance,labor,1.0,92.0,92.0
invoice_f4e58b70c9914f57830263157d58b223,job_785a462f370b41afbe371d101faaa458,4422,Service Calls - Service & Repair Fee - Standard,labor,1.0,96.0,96.0
invoice_f4e58b70c9914f57830263157d58b223,job_785a462f370b41afbe371d101faaa458,4422,Service Calls - Repairs & Part Installation - **Tier 3 Repair - Capacitor Replacement,labor,2.0,180.0,360.0
invoice_65f5cc32c2ab45e2be4f727343351c9d,job_ded5b00dbd55452596a0c5aede628dc0,4421,Service Calls - Service & Repair Fee - Standard,labor,1.0,96.0,96.0
invoice_65f5cc32c2ab45e2be4f727343351c9d,job_ded5b00dbd55452596a0c5aede628dc0,4421,Service Calls - Repairs & Part Installation - **Tier 3 Repair - Clear Drain Line,labor,1.0,186.0,186.0
invoice_c45fb3900d9e4740ba02cd4d6fbd7852,job_ded5b00dbd55452596a0c5aede628dc0,4420,Service Calls - Service & Repair Fee - Standard,labor,1.0,96.0,96.0
invoice_57435e6a447d4073b92643656323ce50,job_1697dd2061124dc5a64075702c304d49,4419,Visit #4,labor,1.0,0.0,0.0
invoice_57435e6a447d4073b92643656323ce50,job_1697dd2061124dc5a64075702c304d49,4419,Generic Parts / Service - Safety Switch,material,1.0,73.0,73.0
invoice_5e36631255d942b3aa62fc0d2931c2ad,job_72fe822673344162a04f9cdb005f6561,4418,Service & Repair Fee - Standard,labor,1.0,102.0,102.0
invoice_5e36631255d942b3aa62fc0d2931c2ad,job_72fe822673344162a04f9cdb005f6561,4418,Service Calls - Repairs & Part Installation - **Tier 3 Repair - Clear Drain Line,labor,1.0,186.0,186.0
invoice_df30852601194b18a798472aa15a1e2f,job_d9d0071672e74acdb0e5093eeb3e7d90,4417,Service & Repair Fee - After-Hours,labor,1.0,167.0,167.0
invoice_df30852601194b18a798472aa15a1e2f,job_d9d0071672e74acdb0e5093eeb3e7d90,4417,Service Calls - Repairs & Part Installation - **Tier 2 Repair - Recalibrated Thermostat,labor,1.0,95.0,95.0
invoice_df30852601194b18a798472aa15a1e2f,job_d9d0071672e74acdb0e5093eeb3e7d90,4417,Service Calls - Repairs & Part Installation - **Tier 1 Repair - Re-adjusted Vents,labor,1.0,48.0,48.0
invoice_f5f62358baf041969d2b98b53c212c9f,job_03050be6b3244a9fb477052c93f35fcb,4416,Service & Repair Fee - Standard,labor,1.0,102.0,102.0
invoice_fa083d5f19034a8ba33fe86fe1f34e7f,job_9443f03bfee34c0585acb4a7046a9416,4415,Service Calls - Repairs & Part Installation - **Tier 2 Repair - Coil clean in place,labor,1.0,104.0,104.0
invoice_fa083d5f19034a8ba33fe86fe1f34e7f,job_9443f03bfee34c0585acb4a7046a9416,4415,Service Calls - Repairs & Part Installation - Tier 1 Repair - Re-Insulate Copper Line Set,labor,1.0,71.0,71.0
invoice_fa083d5f19034a8ba33fe86fe1f34e7f,job_9443f03bfee34c0585acb4a7046a9416,4415,Service Calls - Repairs & Part Installation - Tier 1 Repair -  Cleaning of Air Handler,labor,1.0,72.0,72.0
invoice_fa083d5f19034a8ba33fe86fe1f34e7f,job_9443f03bfee34c0585acb4a7046a9416,4415,Add Ons - Blu QR UV Stick Horton,material,1.0,212.0,212.0
invoice_a0aea4b5923e492c9d6102a3c29677f3,job_f57af6c59e03415cba6ff157095a937c,4414,Add Ons - Wet Switch,material,1.0,191.0,191.0
invoice_ed17e7dae55147e9a1ef1f41c8dab517,job_9d1830486ec94c48bd757190b77fd74e,4413,Service & Repair Fee - Standard,labor,1.0,102.0,102.0
invoice_ed17e7dae55147e9a1ef1f41c8dab517,job_9d1830486ec94c48bd757190b77fd74e,4413,Service Calls - Repairs & Part Installation - Service,labor,1.0,436.0,436.0
invoice_ed17e7dae55147e9a1ef1f41c8dab517,job_9d1830486ec94c48bd757190b77fd74e,4413,New System Installation - System Installation,labor,1.0,1584.0,1584.0
invoice_ed17e7dae55147e9a1ef1f41c8dab517,job_9d1830486ec94c48bd757190b77fd74e,4413,Unit Specific Parts - Indoor Control Board,material,1.0,771.0,771.0
invoice_ed17e7dae55147e9a1ef1f41c8dab517,job_9d1830486ec94c48bd757190b77fd74e,4413,Carrier - Carrier 1 Ton Water Source HVAC Heat Pump,material,1.0,5847.0,5847.0
invoice_4f196066824747158f51b96271941a8d,job_f1ab63a267bb401b8b8730048d8b18b3,4412,Service Calls - Service & Repair Fee - After-Hours,labor,1.0,188.0,188.0
invoice_4f196066824747158f51b96271941a8d,job_f1ab63a267bb401b8b8730048d8b18b3,4412,Service Calls - Repairs & Part Installation - **Tier 2 Repair - Reprogram Thermostat,labor,1.0,104.0,104.0
invoice_24e3f506e6204b89b0fa6ae324bf7937,job_b1f020bb20694ff1bea7306314151aee,4411,Service & Repair Fee - Standard,labor,1.0,102.0,102.0
invoice_24e3f506e6204b89b0fa6ae324bf7937,job_b1f020bb20694ff1bea7306314151aee,4411,Service Calls - Repairs & Part Installation - **Tier 3 Repair - Clear Drain Line,labor,1.0,186.0,186.0
invoice_49bf4f1fa855462880a44875ab9301a0,job_87c227f91c72467e94b5d65b7734cb4e,4410,New System Installation - System Installation,labor,1.0,1584.0,1584.0
invoice_49bf4f1fa855462880a44875ab9301a0,job_87c227f91c72467e94b5d65b7734cb4e,4410,2 Ton Trane Air Handler - 410a,material,1.0,3144.0,3144.0
invoice_08296de3d8ed4bb4a3c63a507072c1a9,job_2da3fd081c5d46b380b7db3cecac7fcd,4408,Preventative Maintenance - Residential Preventative Maintenance,labor,2.5,92.0,230.0
invoice_3a55bfdd66e24f0f9309a637eb06ed88,job_9ac36f6df5cf408099c743faf894f99b,4407,Service Calls - Service & Repair Fee - Standard,labor,1.0,96.0,96.0
invoice_3a55bfdd66e24f0f9309a637eb06ed88,job_9ac36f6df5cf408099c743faf894f99b,4407,Thermostat - Honeywell Home FocusPRO® N100,material,1.0,193.0,193.0
invoice_0de2e1d790234ed9ae34f5dc28abfc8f,job_20d199793b99441582de43b3fe55ed66,4406,Service Calls - Service & Repair Fee - After-Hours,labor,1.0,188.0,188.0
invoice_0de2e1d790234ed9ae34f5dc28abfc8f,job_20d199793b99441582de43b3fe55ed66,4406,Service Calls - Repairs & Part Installation - **Tier 2 Repair - Redo Inlet Connection,labor,1.0,94.0,94.0
invoice_6a28f0e322a94951bd8bf99dff443900,job_d488c42926eb4488bdb68e57a98501aa,4405,Service Calls - Service & Repair Fee - Standard,labor,1.0,96.0,96.0
invoice_6a28f0e322a94951bd8bf99dff443900,job_d488c42926eb4488bdb68e57a98501aa,4405,Service Calls - Repairs & Part Installation - **Tier 3 Repair - Clear Drain Line,labor,1.0,186.0,186.0
invoice_5c7cb583a25d4edfb3b11e9d1e4a28b1,job_85188b1e472d4a3d8a84587cfa5cec7c,4404,Service Calls - Service & Repair Fee - After-Hours,labor,1.0,188.0,188.0
invoice_5c7cb583a25d4edfb3b11e9d1e4a28b1,job_85188b1e472d4a3d8a84587cfa5cec7c,4404,Service Calls - Repairs & Part Installation - **Tier 3 Repair - Clear Drain Line,labor,1.0,186.0,186.0
invoice_f8c80196059d40a8ac34f96f9c61a45b,job_ded7d9f6506545c4935c991747631523,4403,Service & Repair Fee - Standard,labor,1.0,102.0,102.0
invoice_f8c80196059d40a8ac34f96f9c61a45b,job_ded7d9f6506545c4935c991747631523,4403,Service Calls - Repairs & Part Installation - **Tier 1 Repair - Cool compressor,labor,1.0,52.0,52.0
invoice_f8c80196059d40a8ac34f96f9c61a45b,job_ded7d9f6506545c4935c991747631523,4403,New System Installation - System Installation,labor,1.0,1584.0,1584.0
invoice_f8c80196059d40a8ac34f96f9c61a45b,job_ded7d9f6506545c4935c991747631523,4403,2.5 Ton - STANDARD CHOICE 15 - Trane 2.5 Ton  Front Return 15.2 Seer2 (16 SEER) Heat Pump System,material,1.0,10227.0,10227.0
invoice_75f6f1f40c074dd6ba3c56ab15d1f36b,job_ded7d9f6506545c4935c991747631523,4402,Service & Repair Fee - Standard,labor,1.0,102.0,102.0
invoice_75f6f1f40c074dd6ba3c56ab15d1f36b,job_ded7d9f6506545c4935c991747631523,4402,Service Calls - Repairs & Part Installation - **Tier 1 Repair - Cool compressor,labor,1.0,52.0,52.0
invoice_75f6f1f40c074dd6ba3c56ab15d1f36b,job_ded7d9f6506545c4935c991747631523,4402,New System Installation - System Installation,labor,1.0,1584.0,1584.0
invoice_75f6f1f40c074dd6ba3c56ab15d1f36b,job_ded7d9f6506545c4935c991747631523,4402,2.5 Ton - STANDARD CHOICE 15 - Trane 2.5 Ton  Front Return 15.2 Seer2 (16 SEER) Heat Pump System,material,1.0,10227.0,10227.0
invoice_80f1c7e26dcb4f2681f8f86c2138b81d,job_b57b664f75834802a23b11573ad5aecb,4401,Service & Repair Fee - Standard,labor,1.0,102.0,102.0
invoice_80f1c7e26dcb4f2681f8f86c2138b81d,job_b57b664f75834802a23b11573ad5aecb,4401,Service Calls - Repairs & Part Installation - **Tier 3 Repair - Capacitor Replacement,labor,1.0,180.0,180.0
invoice_1cf5cd9bd99944d396fe234bcce398f7,job_26812bf0d83648918b7eb331bddf817b,4400,Service Calls - Service & Repair Fee - After-Hours,labor,1.0,188.0,188.0
invoice_1cf5cd9bd99944d396fe234bcce398f7,job_26812bf0d83648918b7eb331bddf817b,4400,Service Calls - Repairs & Part Installation - **Tier 3 Repair - Clear Drain Line,labor,1.0,186.0,186.0
invoice_1cf5cd9bd99944d396fe234bcce398f7,job_26812bf0d83648918b7eb331bddf817b,4400,Service Calls - Repairs & Part Installation - Tier 5 Repair,labor,1.0,386.0,386.0
invoice_1cf5cd9bd99944d396fe234bcce398f7,job_26812bf0d83648918b7eb331bddf817b,4400,Generic Parts / Service - Condensate pump,material,1.0,153.0,153.0
invoice_79bef93a41f44a52bd9e6909b60a77fa,job_f2b09ecd45fb4fdaa996ac8df8c30c6f,4399,Service Calls - Repairs & Part Installation - **Tier 3 Repair - Capacitor Replacement,labor,1.0,180.0,180.0
invoice_79bef93a41f44a52bd9e6909b60a77fa,job_f2b09ecd45fb4fdaa996ac8df8c30c6f,4399,Visit #4,labor,1.0,267.0,267.0
invoice_0b151d9125b94f7085bb6fc67a342fbf,job_c8b12784780c4f398d2a699140a741a2,4398,Service Calls - Service & Repair Fee - After-Hours,labor,1.0,188.0,188.0
invoice_0b151d9125b94f7085bb6fc67a342fbf,job_c8b12784780c4f398d2a699140a741a2,4398,Service Calls - Repairs & Part Installation - **Tier 3 Repair - Clear Drain Line,labor,1.0,186.0,186.0
invoice_2446ff32352c485facecdd6ebbead3ae,job_c63e9d059b134de3b72de878b6f9df06,4397,Service & Repair Fee - After-Hours,labor,1.0,167.0,167.0
invoice_2446ff32352c485facecdd6ebbead3ae,job_c63e9d059b134de3b72de878b6f9df06,4397,Service Calls - Repairs & Part Installation - **Tier 3 Repair - Clear Drain Line,labor,1.0,186.0,186.0
invoice_2446ff32352c485facecdd6ebbead3ae,job_c63e9d059b134de3b72de878b6f9df06,4397,Service Calls - Repairs & Part Installation - **Tier 2 Repair - Pressurized Leak Detection Tidewater Hospitality,labor,1.0,283.0,283.0
invoice_2446ff32352c485facecdd6ebbead3ae,job_c63e9d059b134de3b72de878b6f9df06,4397,MISC Labor - 2nd Floor Copper Line Repair,labor,1.0,475.0,475.0
invoice_2446ff32352c485facecdd6ebbead3ae,job_c63e9d059b134de3b72de878b6f9df06,4397,Generic Parts / Service - R410a refrigerant,material,2.0,132.0,264.0
invoice_2446ff32352c485facecdd6ebbead3ae,job_c63e9d059b134de3b72de878b6f9df06,4397,Generic Parts / Service - R410a refrigerant,material,7.0,132.0,924.0
invoice_1235110eb3ac438e8dd609b9050ffb8a,job_994df6dc68d54639b60ca30868c37544,4396,Service Calls - Service & Repair Fee - After-Hours,labor,1.0,188.0,188.0
invoice_1235110eb3ac438e8dd609b9050ffb8a,job_994df6dc68d54639b60ca30868c37544,4396,Service Calls - Repairs & Part Installation - **Tier 2 Repair - Replace fuse,labor,1.0,97.0,97.0
invoice_3f7e610a58ff4d52802724880664f4d2,job_930e51774f3c49e8b921506295fdfb8d,4395,Service & Repair Fee - Standard,labor,1.0,102.0,102.0
invoice_3f7e610a58ff4d52802724880664f4d2,job_930e51774f3c49e8b921506295fdfb8d,4395,Service Calls - Repairs & Part Installation - **Tier 2 Repair - Leak Detection Tidewater Hospitality (Bubbles / Electronic),labor,1.0,107.0,107.0
invoice_3f7e610a58ff4d52802724880664f4d2,job_930e51774f3c49e8b921506295fdfb8d,4395,Generic Parts / Service - R410a refrigerant,material,3.0,132.0,396.0
invoice_4e650806102f4bdeb69719858343b8ce,job_caa599549c9d47ffbadff2ec8055d4f0,4394,Service & Repair Fee - Standard,labor,1.0,102.0,102.0
invoice_4e650806102f4bdeb69719858343b8ce,job_caa599549c9d47ffbadff2ec8055d4f0,4394,Service Calls - Repairs & Part Installation - **Tier 3 Repair - Capacitor Replacement,labor,1.0,180.0,180.0
invoice_37f2eead027f47ab8182eb1b09f0fb89,job_e078d679372b472ea4b65612bda924b8,4393,Service & Repair Fee - Standard,labor,1.0,102.0,102.0
invoice_37f2eead027f47ab8182eb1b09f0fb89,job_e078d679372b472ea4b65612bda924b8,4393,Service Calls - Repairs & Part Installation - **Tier 2 Repair - Leak Detection Tidewater Hospitality (Bubbles / Electronic),labor,1.0,107.0,107.0
invoice_a15bb88c8e5d4fdb9d3287638b5c1c82,job_97962061b833411d921c4a14ee8e4842,4392,Service Calls - Service & Repair Fee - Standard,labor,1.0,96.0,96.0
invoice_a20dcb16650d4c499b76ceadadebdbfb,job_e6519d87522d4a3f843a7117b8f4c846,4391,MISC Labor - Seal Supply Duct,labor,1.0,79.0,79.0
invoice_a20dcb16650d4c499b76ceadadebdbfb,job_e6519d87522d4a3f843a7117b8f4c846,4391,Add Ons - Drain package,material,1.0,277.75,277.75
invoice_51a10c8ea03e45e0ad6c48678613b69f,job_ded7d9f6506545c4935c991747631523,4390,Service & Repair Fee - Standard,labor,1.0,102.0,102.0
invoice_51a10c8ea03e45e0ad6c48678613b69f,job_ded7d9f6506545c4935c991747631523,4390,Service Calls - Repairs & Part Installation - **Tier 1 Repair - Cool compressor,labor,1.0,52.0,52.0
invoice_9a751e3f437a48448fefb317fa5fc868,job_8bf07f7f065e4ca2bd7343415a5d843c,4389,Service & Repair Fee - Standard,labor,1.0,102.0,102.0
invoice_9a751e3f437a48448fefb317fa5fc868,job_8bf07f7f065e4ca2bd7343415a5d843c,4389,Service Calls - Repairs & Part Installation - **Tier 2 Repair - Leak Detection Tidewater Hospitality (Bubbles / Electronic),labor,1.0,107.0,107.0
invoice_9a751e3f437a48448fefb317fa5fc868,job_8bf07f7f065e4ca2bd7343415a5d843c,4389,New System Installation - System Installation,labor,1.0,1584.0,1584.0
invoice_9a751e3f437a48448fefb317fa5fc868,job_8bf07f7f065e4ca2bd7343415a5d843c,4389,Generic Parts / Service - R410a refrigerant,material,2.0,132.0,264.0
invoice_9a751e3f437a48448fefb317fa5fc868,job_8bf07f7f065e4ca2bd7343415a5d843c,4389,3.5 Ton - BUDGET 14 - Trane 3.5 Ton 14.3 Seer2 (15 SEER) Heat Pump System,material,1.0,9780.0,9780.0
invoice_9a751e3f437a48448fefb317fa5fc868,job_8bf07f7f065e4ca2bd7343415a5d843c,4389,Add Ons - Drain package,material,1.0,277.75,277.75
invoice_9a751e3f437a48448fefb317fa5fc868,job_8bf07f7f065e4ca2bd7343415a5d843c,4389,Add Ons - Attic Install,material,1.0,515.0,515.0
invoice_85ee49f2ef3e4fe68f3c0b355b6e72a8,job_36b539661a744be38f7691ccf5a0db1a,4388,Service & Repair Fee - Standard,labor,1.0,102.0,102.0
invoice_85ee49f2ef3e4fe68f3c0b355b6e72a8,job_36b539661a744be38f7691ccf5a0db1a,4388,Service Calls - Repairs & Part Installation - **Tier 2 Repair - Coil clean in place,labor,1.0,104.0,104.0
invoice_85ee49f2ef3e4fe68f3c0b355b6e72a8,job_36b539661a744be38f7691ccf5a0db1a,4388,Service Calls - Repairs & Part Installation - **Tier 2 Repair - Leak Detection Tidewater Hospitality (Bubbles / Electronic),labor,1.0,107.0,107.0
invoice_85ee49f2ef3e4fe68f3c0b355b6e72a8,job_36b539661a744be38f7691ccf5a0db1a,4388,Generic Parts / Service - R410a refrigerant,material,1.5,132.0,198.0
invoice_0ba1b5948ab04d93b33f8c2d6bbb2efe,job_1adc012a42934be491c0ad8b5f261426,4387,Service & Repair Fee - After-Hours,labor,1.0,167.0,167.0
invoice_0ba1b5948ab04d93b33f8c2d6bbb2efe,job_1adc012a42934be491c0ad8b5f261426,4387,Generic Parts / Service - R410a refrigerant,material,2.0,132.0,264.0
invoice_b7109d80b2314547a82411183389de71,job_726a59074fa84f49994ceb09d0bceebe,4386,Service Calls - Service & Repair Fee - After-Hours,labor,1.0,188.0,188.0
invoice_b7109d80b2314547a82411183389de71,job_726a59074fa84f49994ceb09d0bceebe,4386,Service Calls - Repairs & Part Installation - **Tier 3 Repair - Clear Drain Line,labor,1.0,186.0,186.0
invoice_b7109d80b2314547a82411183389de71,job_726a59074fa84f49994ceb09d0bceebe,4386,Generic Parts / Service - R410a refrigerant,material,2.0,132.0,264.0
invoice_2b6df39b19c74b5b933eb80b02812442,job_a45f7d725173406ea7be585808effd60,4385,Service Calls - Service & Repair Fee - After-Hours,labor,1.0,188.0,188.0
invoice_3bda94bffee94c5e860832c30be2f48a,job_a5f4ba7071004661b57448f400f3b3e5,4384,MISC Labor - Installing New Fan Tech Exhaust Fans,labor,1.0,3880.0,3880.0
invoice_3bda94bffee94c5e860832c30be2f48a,job_a5f4ba7071004661b57448f400f3b3e5,4384,Generic Parts / Service - (9) Fan-Tech Bathroom Exhaust Fans,material,1.0,2614.0,2614.0
invoice_8a266c5f3477485689286ade6cc198ce,job_0543aafd5e9c4b7eb7bffbbea5259ae1,4383,MISC Labor - Re-Run Flex Line,labor,1.0,1078.0,1078.0
invoice_3a9c74b69595463d9c5e8144651a4e75,job_663c4f842c304a678cdde8aa7c9482f7,4382,MISC Labor - Re-Run Drain Line,labor,1.0,1141.0,1141.0
invoice_283d5a3593574bb0ae0f6ee0164fa7c8,job_95f4d5442df24eee9afc13713ff204f8,4381,Preventative Maintenance - Residential Preventative Maintenance,labor,3.0,92.0,276.0
invoice_69860da202b6481a8eeed3d9060ff9b2,job_661a2c583d9e4e598fcbf419988aa691,4380,Service & Repair Fee - After-Hours,labor,1.0,167.0,167.0
invoice_69860da202b6481a8eeed3d9060ff9b2,job_661a2c583d9e4e598fcbf419988aa691,4380,Service Calls - Repairs & Part Installation - **Tier 3 Repair - Condenser Wire Repair,labor,1.0,131.0,131.0
invoice_b99616ff6c3545bb9973f0fdd6b86ec9,job_d19abef3b525449882a93a4512ffaee7,4379,System Installation,labor,1.0,1410.0,1410.0
invoice_b99616ff6c3545bb9973f0fdd6b86ec9,job_d19abef3b525449882a93a4512ffaee7,4379,Carrier Coastal Heat Pump - 2 Ton Condenser - 15 SEER,material,1.0,5544.25,5544.25
invoice_b99616ff6c3545bb9973f0fdd6b86ec9,job_d19abef3b525449882a93a4512ffaee7,4379,"Comfort Series Fan Coil Multipoise, ECM Motor for Puron Advance - 2 Ton",material,1.0,2166.25,2166.25
invoice_b99616ff6c3545bb9973f0fdd6b86ec9,job_d19abef3b525449882a93a4512ffaee7,4379,Electric Heater - 5kW 240 Volt-Single Phase with Terminal Block,material,1.0,278.5,278.5
invoice_b99616ff6c3545bb9973f0fdd6b86ec9,job_d19abef3b525449882a93a4512ffaee7,4379,Honeywell Home FocusPRO® N100,material,1.0,190.0,190.0
invoice_9f5cb81f0bf441698eff501016afec3c,job_9d1830486ec94c48bd757190b77fd74e,4378,Service & Repair Fee - Standard,labor,1.0,102.0,102.0
invoice_9f5cb81f0bf441698eff501016afec3c,job_9d1830486ec94c48bd757190b77fd74e,4378,Service Calls - Repairs & Part Installation - Service,labor,1.0,436.0,436.0
invoice_9f5cb81f0bf441698eff501016afec3c,job_9d1830486ec94c48bd757190b77fd74e,4378,New System Installation - System Installation,labor,1.0,1584.0,1584.0
invoice_9f5cb81f0bf441698eff501016afec3c,job_9d1830486ec94c48bd757190b77fd74e,4378,Unit Specific Parts - Indoor Control Board,material,1.0,771.0,771.0
invoice_9f5cb81f0bf441698eff501016afec3c,job_9d1830486ec94c48bd757190b77fd74e,4378,Carrier - Carrier 1 Ton Water Source HVAC Heat Pump,material,1.0,5847.0,5847.0
invoice_cf883fd5c7c34e54b2508ae39b845d00,job_64f52917b228439999022f31e4d44cb8,4377,Service & Repair Fee - Standard,labor,1.0,102.0,102.0
invoice_bb303b8060de4a6d83861f7ad760ba88,job_ac7c049960b64a5b938b0c48db05502a,4376,Service & Repair Fee - Standard,labor,1.0,102.0,102.0
invoice_bb303b8060de4a6d83861f7ad760ba88,job_ac7c049960b64a5b938b0c48db05502a,4376,Service Calls - Repairs & Part Installation - **Tier 3 Repair - Clear Drain Line,labor,1.0,186.0,186.0
invoice_6644fc23f28f4643bdae165b9ce8690d,job_9e1b03aa3de44f4fa0ef5e466777e4c5,4375,Service Calls - Service & Repair Fee - Standard,labor,1.0,96.0,96.0
invoice_6644fc23f28f4643bdae165b9ce8690d,job_9e1b03aa3de44f4fa0ef5e466777e4c5,4375,Generic Parts / Service - Ecobee 3 Thermostat,material,1.0,330.0,330.0
invoice_f99910a792ff4adeba1b7ecdc02fba6e,job_dd8ddae99f7e49c68d8108197e251532,4374,Service and Repair Call - Osprey Pointe,labor,1.0,269.0,269.0
invoice_f99910a792ff4adeba1b7ecdc02fba6e,job_dd8ddae99f7e49c68d8108197e251532,4374,Service Calls - Repairs & Part Installation - **Tier 2 Repair - Leak Detection Tidewater Hospitality (Bubbles / Electronic),labor,1.0,107.0,107.0
invoice_f99910a792ff4adeba1b7ecdc02fba6e,job_dd8ddae99f7e49c68d8108197e251532,4374,Service Calls - Repairs & Part Installation - Service,labor,1.0,1151.5,1151.5
invoice_f99910a792ff4adeba1b7ecdc02fba6e,job_dd8ddae99f7e49c68d8108197e251532,4374,Generic Parts / Service - R410a refrigerant,material,3.0,132.0,396.0
invoice_f99910a792ff4adeba1b7ecdc02fba6e,job_dd8ddae99f7e49c68d8108197e251532,4374,Generic Parts / Service - Filter dryer,material,1.0,103.0,103.0
invoice_f99910a792ff4adeba1b7ecdc02fba6e,job_dd8ddae99f7e49c68d8108197e251532,4374,Generic Parts / Service - R410a refrigerant,material,3.0,132.0,396.0
invoice_f99910a792ff4adeba1b7ecdc02fba6e,job_dd8ddae99f7e49c68d8108197e251532,4374,WARRANTY Parts / Service - WARRANTY - Evaporator Coil & TXV,material,1.0,0.0,0.0
invoice_f3999075bf06487a93eebea283f23d62,job_20898fb7c6694286b0b867c24fbbed98,4373,Service Calls - Service & Repair Fee - After-Hours,labor,1.0,188.0,188.0
invoice_f3999075bf06487a93eebea283f23d62,job_20898fb7c6694286b0b867c24fbbed98,4373,Service Calls - Repairs & Part Installation - **Tier 1 Repair - Reconnect & Adjust Wiring,labor,1.0,78.0,78.0
invoice_4b76674301ae4bb5903917944f064c60,job_660ea09040d149e68ad921e747f0ba9a,4372,New System Installation - System Installation,labor,3.0,1584.0,4752.0
invoice_4b76674301ae4bb5903917944f064c60,job_660ea09040d149e68ad921e747f0ba9a,4372,Service Calls - Repairs & Part Installation - Tier 4 Repair - Replace Existing Condensate Pump,labor,1.0,306.0,306.0
invoice_4b76674301ae4bb5903917944f064c60,job_660ea09040d149e68ad921e747f0ba9a,4372,Duct Tidewater Hospitality / Repair - Plenum / Duct Board Replacement - Plenum Only,labor,1.0,436.0,436.0
invoice_4b76674301ae4bb5903917944f064c60,job_660ea09040d149e68ad921e747f0ba9a,4372,"Duct Tidewater Hospitality / Repair - Duct Board Replacement - 1"" for Insulated Residential",labor,4.0,174.5,698.0
invoice_4b76674301ae4bb5903917944f064c60,job_660ea09040d149e68ad921e747f0ba9a,4372,Clean and Replace Supply Grilles,labor,4.0,80.0,320.0
invoice_4b76674301ae4bb5903917944f064c60,job_660ea09040d149e68ad921e747f0ba9a,4372,Preventative Maintenance - Residential Preventative Maintenance,labor,1.0,92.0,92.0
invoice_4b76674301ae4bb5903917944f064c60,job_660ea09040d149e68ad921e747f0ba9a,4372,"BASIC 14 - Trane 5 Ton 14.3 Seer2 (15 SEER) Heat Pump System

Main hvac system for 1st and 2nd floors",material,1.0,10670.0,10670.0
invoice_4b76674301ae4bb5903917944f064c60,job_660ea09040d149e68ad921e747f0ba9a,4372,"BASIC 14 - Trane 2 Ton 14.3 Seer2 (15 SEER) Heat Pump System

1 system is for master bedroom HVAC. Located on 2nd floor. 
1 system is for basement HVAC.",material,2.0,8034.0,16068.0
invoice_4b76674301ae4bb5903917944f064c60,job_660ea09040d149e68ad921e747f0ba9a,4372,Zone System - EWR Zone System Control,material,1.0,2743.0,2743.0
invoice_4b76674301ae4bb5903917944f064c60,job_660ea09040d149e68ad921e747f0ba9a,4372,Ecobee 3 Thermostat,material,1.0,315.0,315.0
invoice_4b76674301ae4bb5903917944f064c60,job_660ea09040d149e68ad921e747f0ba9a,4372,Generic Parts / Service - Condensate pump,material,1.0,153.0,153.0
invoice_4b76674301ae4bb5903917944f064c60,job_660ea09040d149e68ad921e747f0ba9a,4372,ADDITION - Insulated Wrap New Air Handlers,material,2.0,313.0,626.0
invoice_1fdf28507a544b22b09cf632787af77d,job_dd7cccfeec7b4cccaadcd35bfc86ec54,4371,Service & Repair Fee - After-Hours,labor,1.0,167.0,167.0
invoice_40c7eaf1e902423d9b767dafdf7b0eb8,job_5f0a9626b1fb4883ab4a092e8c6e9356,4370,Preventative Maintenance - Residential Preventative Maintenance,labor,1.0,92.0,92.0
invoice_a947ba32cb53402ba1501e71789c3eba,job_b43d44ca624f4d3baab9684945ad7c9e,4369,Service & Repair Fee - Standard,labor,1.0,102.0,102.0
invoice_a947ba32cb53402ba1501e71789c3eba,job_b43d44ca624f4d3baab9684945ad7c9e,4369,Service Calls - Repairs & Part Installation - **Tier 3 Repair - Contactor Replacement,labor,1.0,179.0,179.0
invoice_a947ba32cb53402ba1501e71789c3eba,job_b43d44ca624f4d3baab9684945ad7c9e,4369,Service Calls - Repairs & Part Installation - Service,labor,1.0,436.0,436.0
invoice_a947ba32cb53402ba1501e71789c3eba,job_b43d44ca624f4d3baab9684945ad7c9e,4369,Unit Specific Parts - Defrost Control Board,material,1.0,0.0,0.0
invoice_836e31cd9db84f599e722685d89cb414,job_1f6118639b4244e1a3291fe888153bf1,4368,Service Calls - Service & Repair Fee - After-Hours,labor,1.0,188.0,188.0
invoice_836e31cd9db84f599e722685d89cb414,job_1f6118639b4244e1a3291fe888153bf1,4368,Service Calls - Repairs & Part Installation - **Tier 3 Repair - Contactor Replacement,labor,1.0,179.0,179.0
invoice_ffe7736c29804950ac5e90d2eddddb98,job_25d16e26b2fe4b2f899028dbe1874596,4367,New System Installation - System Installation,labor,1.0,1648.0,1648.0
invoice_ffe7736c29804950ac5e90d2eddddb98,job_25d16e26b2fe4b2f899028dbe1874596,4367,2.5 Ton - STANDARD CHOICE 15 - Trane 2.5 Ton 15.2 Seer2 (16 SEER) Heat Pump System,material,1.0,11318.0,11318.0
invoice_ffe7736c29804950ac5e90d2eddddb98,job_25d16e26b2fe4b2f899028dbe1874596,4367,Add Ons - Attic Install,material,1.0,515.0,515.0
invoice_ffe7736c29804950ac5e90d2eddddb98,job_25d16e26b2fe4b2f899028dbe1874596,4367,New Construction - Supply in Attic - Generic,material,1.0,293.0,293.0
invoice_e67506fe9f104b7ca6fc99e8b42b45d1,job_b44b6b60db2049ac96f13b25afce0d8f,4366,Service & Repair Fee - Standard,labor,1.0,102.0,102.0
invoice_e67506fe9f104b7ca6fc99e8b42b45d1,job_b44b6b60db2049ac96f13b25afce0d8f,4366,Service Calls - Repairs & Part Installation - **Tier 3 Repair - Clear Drain Line,labor,1.0,186.0,186.0
invoice_2281ab9185f747d3878b6ddb8b65bc0a,job_0886fdea394640309ac26308590f30de,4365,Service Calls - Service & Repair Fee - After-Hours,labor,1.0,188.0,188.0
invoice_2281ab9185f747d3878b6ddb8b65bc0a,job_0886fdea394640309ac26308590f30de,4365,Service Calls - Repairs & Part Installation - **Tier 3 Repair - Clear Drain Line,labor,1.0,186.0,186.0
invoice_622192171d8c4debb55a3c606c211ccb,job_f742a98660cd4ff09fb5f1426ca7f27e,4364,Service & Repair Fee - Standard,labor,1.0,102.0,102.0
invoice_622192171d8c4debb55a3c606c211ccb,job_f742a98660cd4ff09fb5f1426ca7f27e,4364,Service Calls - Repairs & Part Installation - **Tier 3 Repair - Contactor Replacement,labor,1.0,179.0,179.0
invoice_f8b2f3b6aaa64e249968d61b59611c22,job_28e341b2495a4e8cbf6d677eddcc00b5,4363,Add New Supply In Attic - Flex and Boot,labor,1.0,393.0,393.0
invoice_f8b2f3b6aaa64e249968d61b59611c22,job_28e341b2495a4e8cbf6d677eddcc00b5,4363,Duct Tidewater Hospitality / Repair - Plenum / Duct Board Replacement - Plenum Only,labor,1.0,436.0,436.0
invoice_f8b2f3b6aaa64e249968d61b59611c22,job_28e341b2495a4e8cbf6d677eddcc00b5,4363,Service Calls - Repairs & Part Installation - Tier 4 Repair - 240V Condensate Pump,labor,1.0,334.0,334.0
invoice_f8b2f3b6aaa64e249968d61b59611c22,job_28e341b2495a4e8cbf6d677eddcc00b5,4363,Replace Supply - Flex Only for Dehumidifier,labor,1.0,298.75,298.75
invoice_f8b2f3b6aaa64e249968d61b59611c22,job_28e341b2495a4e8cbf6d677eddcc00b5,4363,Generic Parts / Service - Condensate pump,material,1.0,153.0,153.0
invoice_f8b2f3b6aaa64e249968d61b59611c22,job_28e341b2495a4e8cbf6d677eddcc00b5,4363,Add Ons - Drain package,material,1.0,277.75,277.75
invoice_774e96c896234442815db02daa89799d,job_2ca5e59849d944588eb6cbb282d9dc9c,4362,Service & Repair Fee - Standard,labor,1.0,102.0,102.0
invoice_774e96c896234442815db02daa89799d,job_2ca5e59849d944588eb6cbb282d9dc9c,4362,Service Calls - Repairs & Part Installation - **Tier 2 Repair - Rewire Thermostat,labor,1.0,103.0,103.0
invoice_bbdfa1f4509c466abf4759a894dbb68d,job_febdf0c0ffe74d0a98922042ba82977b,4360,Visit #3,labor,1.0,250.0,250.0
invoice_58e40a7b481e48449e2ff455075522a5,job_d80f8126ce964c9590c392460befc40f,4359,Service Calls - Service & Repair Fee - Standard,labor,1.0,96.0,96.0
invoice_6c239e7b434942d7a6f8bf7af89a110a,job_4e39ba28d93642c4a69262f4352fe12e,4358,Service & Repair Fee - Standard,labor,1.0,102.0,102.0
invoice_27b24bcac83f49b6943db20e4f62f7dc,job_7bf90c215f324b65819f7a612beda86f,4357,Service & Repair Fee - Standard,labor,1.0,102.0,102.0
invoice_27b24bcac83f49b6943db20e4f62f7dc,job_7bf90c215f324b65819f7a612beda86f,4357,Service Calls - Repairs & Part Installation - **Tier 1 Repair - Bypassed Defrost Board,labor,1.0,25.0,25.0
invoice_48a49ce9e8314431be79bfa302f5666e,job_2b47af9a4af74feaa5d70996606e7c27,4356,Duct Tidewater Hospitality / Repair - Replace Supply - Flex Only,labor,1.0,475.0,475.0
invoice_48a49ce9e8314431be79bfa302f5666e,job_2b47af9a4af74feaa5d70996606e7c27,4356,"Duct Tidewater Hospitality / Repair - Duct Board Replacement - 1"" for Insulated Residential",labor,1.0,317.0,317.0
invoice_48a49ce9e8314431be79bfa302f5666e,job_2b47af9a4af74feaa5d70996606e7c27,4356,New Construction - Flex Duct - Generic,material,1.0,144.0,144.0
invoice_48a49ce9e8314431be79bfa302f5666e,job_2b47af9a4af74feaa5d70996606e7c27,4356,"New Construction - Duct Board - 1""",material,1.0,107.0,107.0
invoice_d35795524b9d40e79ad9b3e5ae6e0f61,job_221b6a647fd34edd82c4c41c666c2385,4355,Service & Repair Fee - After-Hours,labor,1.0,167.0,167.0
invoice_d35795524b9d40e79ad9b3e5ae6e0f61,job_221b6a647fd34edd82c4c41c666c2385,4355,Service Calls - Repairs & Part Installation - **Tier 2 Repair - Coil clean in place,labor,1.0,104.0,104.0
invoice_2f991501eba440baa9d4cf38bf0419fc,job_a3dddb0796e14980901cae4cccaf8b59,4354,Service and Repair Call - Osprey Pointe,labor,1.0,269.0,269.0
invoice_2f991501eba440baa9d4cf38bf0419fc,job_a3dddb0796e14980901cae4cccaf8b59,4354,Generic Parts / Service - R410a refrigerant,material,4.0,132.0,528.0
invoice_af93c069d4ad482c8dc074f29f663c65,job_7ef9672412154214bb61d1e34d5716bd,4353,Service Calls - Service & Repair Fee - After-Hours,labor,1.0,188.0,188.0
invoice_af93c069d4ad482c8dc074f29f663c65,job_7ef9672412154214bb61d1e34d5716bd,4353,Generic Parts / Service - R410a refrigerant,material,3.0,132.0,396.0
invoice_f74bb7906a794f41b9f012c2c8c9b670,job_eeacc7eeb2514e908e24e2b5a054aa4d,4352,Service Calls - Service & Repair Fee - Standard,labor,1.0,96.0,96.0
invoice_379371a0b98748e4a585c46065ab1b50,job_aabff16e38754c2c99af37ae875cc5bb,4351,Service & Repair Fee - Standard,labor,1.0,102.0,102.0
invoice_978cadbadae04a82baeba95046231e7f,job_a0a2bc47fe87455d91fa970176b7db81,4350,Service Calls - Service and Repair Call - Osprey Pointe,labor,1.0,258.0,258.0
invoice_978cadbadae04a82baeba95046231e7f,job_a0a2bc47fe87455d91fa970176b7db81,4350,Service Calls - Repairs & Part Installation - **Tier 3 Repair - Clear Drain Line,labor,1.0,186.0,186.0
invoice_978cadbadae04a82baeba95046231e7f,job_a0a2bc47fe87455d91fa970176b7db81,4350,Service Calls - Repairs & Part Installation - **Tier 3 Repair - Reconfigure PVC,labor,1.0,164.0,164.0
invoice_bc00a984ec3441cdbc5411c09617e1cd,job_459c26a883b94a49bbca92f8d6693443,4349,Service & Repair Fee - Standard,labor,1.0,102.0,102.0
invoice_bc00a984ec3441cdbc5411c09617e1cd,job_459c26a883b94a49bbca92f8d6693443,4349,Service Calls - Repairs & Part Installation - **Tier 2 Repair - Leak Detection Tidewater Hospitality (Bubbles / Electronic),labor,1.0,107.0,107.0
invoice_9ce90d41cae4463bafc7e7344598b3f3,job_f0bd2ca2692440bab5048947d485d3cd,4348,Preventative Maintenance - Preventative Maintenance,labor,1.0,89.75,89.75
invoice_9ce90d41cae4463bafc7e7344598b3f3,job_f0bd2ca2692440bab5048947d485d3cd,4348,I-FLO Drain Managment System.,material,1.0,285.0,285.0
invoice_f331545d249a4abba239a9d7927674cc,job_b22cc503127643919867894fb78d4827,4347,Service & Repair Fee - Standard,labor,1.0,102.0,102.0
invoice_2d85a5c7ec0f469e932c75dd3d1b4c0e,job_fd014cdaa1df451d8a1d1fc99f49851c,4346,MISC Labor - Replacing Copper Line (Includes Re-Installing System),labor,1.0,1408.0,1408.0
invoice_2d85a5c7ec0f469e932c75dd3d1b4c0e,job_fd014cdaa1df451d8a1d1fc99f49851c,4346,Add Ons - Materials,material,1.0,514.0,514.0
invoice_2d85a5c7ec0f469e932c75dd3d1b4c0e,job_fd014cdaa1df451d8a1d1fc99f49851c,4346,Generic Parts - Thermistors (2) & Installation,material,1.0,209.0,209.0
invoice_c31cc03d0e104e94b1e928a07bc88f23,job_a113bf1ec2694be4ace0c8ce38cafa07,4345,System Installation,labor,1.0,1410.0,1410.0
invoice_c31cc03d0e104e94b1e928a07bc88f23,job_a113bf1ec2694be4ace0c8ce38cafa07,4345,MISC Labor - Extend Line Set,labor,1.0,534.0,534.0
invoice_c31cc03d0e104e94b1e928a07bc88f23,job_a113bf1ec2694be4ace0c8ce38cafa07,4345,Carrier Coastal Heat Pump - 2 Ton Condenser - 15 SEER,material,1.0,5544.25,5544.25
invoice_c31cc03d0e104e94b1e928a07bc88f23,job_a113bf1ec2694be4ace0c8ce38cafa07,4345,"Comfort Series Fan Coil Multipoise, ECM Motor for Puron Advance - 2 Ton",material,1.0,2166.25,2166.25
invoice_c31cc03d0e104e94b1e928a07bc88f23,job_a113bf1ec2694be4ace0c8ce38cafa07,4345,Electric Heater - 5kW 240 Volt-Single Phase with Terminal Block,material,1.0,278.5,278.5
invoice_c31cc03d0e104e94b1e928a07bc88f23,job_a113bf1ec2694be4ace0c8ce38cafa07,4345,Honeywell Home FocusPRO® N100,material,1.0,190.0,190.0
invoice_65ab3eb6b9394aa6affd67660aba153e,job_3496734893f64bae83923b36744f4191,4344,Service & Repair Fee - Standard,labor,1.0,102.0,102.0
invoice_65ab3eb6b9394aa6affd67660aba153e,job_3496734893f64bae83923b36744f4191,4344,Service Calls - Repairs & Part Installation - **Tier 3 Repair - Wire & TXV Adjustment,labor,1.0,127.0,127.0
invoice_309ad366a86f4982a47b385bf49e9e06,job_b5298001c57b4ae18c25e833c484d115,4343,New System Installation - System Installation,labor,1.0,1584.0,1584.0
invoice_309ad366a86f4982a47b385bf49e9e06,job_b5298001c57b4ae18c25e833c484d115,4343,"Heating/Cooling Evaporator Coil with VertexTechnology Multipoise V-Coil, 2.5 Ton",material,1.0,1837.5,1837.5
invoice_309ad366a86f4982a47b385bf49e9e06,job_b5298001c57b4ae18c25e833c484d115,4343,Carrier Coastal Gas System With 80% Furnace - 2.5 Ton Condenser - 15 SEER,material,1.0,5285.25,5285.25
invoice_309ad366a86f4982a47b385bf49e9e06,job_b5298001c57b4ae18c25e833c484d115,4343,"80% Non-Condensing, Single Stage, Base - 70k BTU",material,1.0,2568.25,2568.25
invoice_309ad366a86f4982a47b385bf49e9e06,job_b5298001c57b4ae18c25e833c484d115,4343,Honeywell Home FocusPRO® N100,material,1.0,190.0,190.0
invoice_26bfcb18a4f94d01af70fa6fe1d0b3a5,job_997a132555e04a5eb6fb75367a42caa3,4342,Service & Repair Fee - Standard,labor,1.0,102.0,102.0
invoice_26bfcb18a4f94d01af70fa6fe1d0b3a5,job_997a132555e04a5eb6fb75367a42caa3,4342,Service Calls - Repairs & Part Installation - **Tier 2 Repair - Leak Detection Tidewater Hospitality (Bubbles / Electronic),labor,1.0,107.0,107.0
invoice_26bfcb18a4f94d01af70fa6fe1d0b3a5,job_997a132555e04a5eb6fb75367a42caa3,4342,New System Installation - System Installation,labor,1.0,1584.0,1584.0
invoice_26bfcb18a4f94d01af70fa6fe1d0b3a5,job_997a132555e04a5eb6fb75367a42caa3,4342,Trim Removal,labor,1.0,318.0,318.0
invoice_26bfcb18a4f94d01af70fa6fe1d0b3a5,job_997a132555e04a5eb6fb75367a42caa3,4342,15 SEER Trane Gas Furnace / Air Conditioner - 3.5T,material,1.0,9899.0,9899.0
invoice_26bfcb18a4f94d01af70fa6fe1d0b3a5,job_997a132555e04a5eb6fb75367a42caa3,4342,Add Ons - Attic Install,material,1.0,515.0,515.0
invoice_26bfcb18a4f94d01af70fa6fe1d0b3a5,job_997a132555e04a5eb6fb75367a42caa3,4342,Add Ons - Drain package,material,1.0,277.75,277.75
invoice_50bc99fcb29843f8915db64892dc19df,job_1acb2609b31c4b199ae7c6f0cf9a5bb8,4341,Service Calls - Service & Repair Fee - After-Hours,labor,1.0,188.0,188.0
invoice_50bc99fcb29843f8915db64892dc19df,job_1acb2609b31c4b199ae7c6f0cf9a5bb8,4341,Service Calls - Repairs & Part Installation - Service,labor,1.0,1151.5,1151.5
invoice_50bc99fcb29843f8915db64892dc19df,job_1acb2609b31c4b199ae7c6f0cf9a5bb8,4341,Service Calls - Repairs & Part Installation - **Tier 2 Repair - Leak Detection Tidewater Hospitality (Bubbles / Electronic),labor,1.0,107.0,107.0
invoice_50bc99fcb29843f8915db64892dc19df,job_1acb2609b31c4b199ae7c6f0cf9a5bb8,4341,Generic Parts / Service - R410a refrigerant,material,1.0,132.0,132.0
invoice_50bc99fcb29843f8915db64892dc19df,job_1acb2609b31c4b199ae7c6f0cf9a5bb8,4341,Generic Parts / Service - Filter dryer,material,1.0,103.0,103.0
invoice_50bc99fcb29843f8915db64892dc19df,job_1acb2609b31c4b199ae7c6f0cf9a5bb8,4341,WARRANTY Parts / Service - WARRANTY - Evaporartor Coil & TXV,material,1.0,0.0,0.0
invoice_a94da28574c94b0686e3f479da6fedbe,job_15383bf92e0e422fa1c8b3ecc397491a,4340,New System Installation - System Installation,labor,1.0,1584.0,1584.0
invoice_a94da28574c94b0686e3f479da6fedbe,job_15383bf92e0e422fa1c8b3ecc397491a,4340,Mitsubishi 3 ton system-Indoor and outdoor system,material,1.0,10831.0,10831.0
invoice_e058ab88e9eb4045982dcb6135d940f7,job_10d486523f7b4987946096d2dd943411,4339,HCPA SERVICE CALL.,labor,1.0,0.0,0.0
invoice_e058ab88e9eb4045982dcb6135d940f7,job_10d486523f7b4987946096d2dd943411,4339,Service Calls - Repairs & Part Installation - **Tier 3 Repair - Capacitor Replacement,labor,1.0,0.0,0.0
invoice_32e99241224b4d8f8eb81551e585274b,job_99c4659023be43859d38e5c0b37cf5d7,4338,Service & Repair Fee - Standard,labor,1.0,102.0,102.0
invoice_32e99241224b4d8f8eb81551e585274b,job_99c4659023be43859d38e5c0b37cf5d7,4338,Service Calls - Repairs & Part Installation - **Tier 3 Repair - Clear Drain Line,labor,1.0,186.0,186.0
invoice_5b476e38a840483aaa3db6ca3c822dca,job_35fa33e8a8cb48c8bac6bd0e3a2c0965,4337,Service Calls - Service & Repair Fee - Standard,labor,1.0,96.0,96.0
invoice_5b476e38a840483aaa3db6ca3c822dca,job_35fa33e8a8cb48c8bac6bd0e3a2c0965,4337,Service Calls - Repairs & Part Installation - **Tier 2 Repair - Coil clean in place,labor,1.0,104.0,104.0
invoice_5b476e38a840483aaa3db6ca3c822dca,job_35fa33e8a8cb48c8bac6bd0e3a2c0965,4337,Service Calls - Repairs & Part Installation - **Tier 3 Repair - Clear Drain Line,labor,1.0,186.0,186.0
invoice_b3a5389a78734d36b95f1dc8438b6058,job_6bf4e39dbe3e4604a26e3d593d9895f2,4336,Service Calls - Repairs & Part Installation - **Tier 3 Repair - Capacitor Replacement,labor,1.0,180.0,180.0
invoice_641f53ab6523478d8fd1bd0f062f680a,job_c4f6f1c39cde49cfa06066a5a4e8cbe5,4335,Service Calls - Service & Repair Fee - Standard,labor,1.0,96.0,96.0
invoice_21905c7be3e04f40a9dd82b3b6173aca,job_ffbaaf1679814da69b43bca02572887a,4334,Service & Repair Fee - After-Hours,labor,1.0,167.0,167.0
invoice_21905c7be3e04f40a9dd82b3b6173aca,job_ffbaaf1679814da69b43bca02572887a,4334,Service Calls - Repairs & Part Installation - Tier 7 Repair,labor,2.0,1000.0,2000.0
invoice_21905c7be3e04f40a9dd82b3b6173aca,job_ffbaaf1679814da69b43bca02572887a,4334,Service Calls - Repairs & Part Installation - **Tier 3 Repair - Clear Drain Line,labor,1.0,186.0,186.0
invoice_21905c7be3e04f40a9dd82b3b6173aca,job_ffbaaf1679814da69b43bca02572887a,4334,Generic Parts / Service - Filter dryer,material,2.0,103.0,206.0
invoice_2cc2d28d1e5b455d880409163393e9c4,job_ea1705b6aa0a4a459b08d35bbfa3f01c,4333,Service Calls - Service & Repair Fee - Standard,labor,1.0,96.0,96.0
invoice_2cc2d28d1e5b455d880409163393e9c4,job_ea1705b6aa0a4a459b08d35bbfa3f01c,4333,Service Calls - Repairs & Part Installation - Service,labor,1.0,1020.25,1020.25
invoice_2cc2d28d1e5b455d880409163393e9c4,job_ea1705b6aa0a4a459b08d35bbfa3f01c,4333,Generic Parts / Service - Filter dryer,material,1.0,103.0,103.0
invoice_2cc2d28d1e5b455d880409163393e9c4,job_ea1705b6aa0a4a459b08d35bbfa3f01c,4333,WARRANTY Parts / Service - WARRANTY - Compressor,material,1.0,0.0,0.0
invoice_2cc2d28d1e5b455d880409163393e9c4,job_ea1705b6aa0a4a459b08d35bbfa3f01c,4333,Generic Parts / Service - R410a refrigerant,material,9.0,132.0,1188.0
invoice_b490e4e3281b419892183b593cf14184,job_2948fee63b9f4388b49bc623d7534bd3,4332,Service and Repair Call - Osprey Pointe,labor,1.0,269.0,269.0
invoice_20b84229ae6942809fc127ce5b2565e8,job_ba8d13ff6b934372a1b7aaea2b96d6e3,4331,Service & Repair Fee - Standard,labor,1.0,102.0,102.0
invoice_20b84229ae6942809fc127ce5b2565e8,job_ba8d13ff6b934372a1b7aaea2b96d6e3,4331,Service Calls - Repairs & Part Installation - **Tier 2 Repair - Rewire Thermostat,labor,1.0,103.0,103.0
invoice_bc441be1376e46f6888474d15cfdbc4b,job_a4382c5a33ee40cba1b6ee7d59278ed2,4330,Service Calls - Service & Repair Fee - Standard,labor,1.0,96.0,96.0
invoice_bc441be1376e46f6888474d15cfdbc4b,job_a4382c5a33ee40cba1b6ee7d59278ed2,4330,Service Calls - Repairs & Part Installation - **Tier 1 Repair - Seal Hole in Flex,material,1.0,52.0,52.0
invoice_2e61c55d6c394a80960a1d4f9908108f,job_3766211f6da24a039e3b49315c645c8d,4329,Service Calls - Service & Repair Fee - After-Hours,labor,1.0,188.0,188.0
invoice_f66f17868deb4e3a95a9cbc3409c021b,job_e8445b6938c14407b451de4a70dfe494,4328,Service Calls - Service & Repair Fee - After-Hours,labor,1.0,188.0,188.0
invoice_94a3f64c76b847c886607d61145e446c,job_a8ba2cbf0a174bc0a7fd61d52117d572,4327,Service Calls - Service & Repair Fee - After-Hours,labor,1.0,188.0,188.0
invoice_ac5af2e510334bf4a45155406294cc50,job_c14f10d79e0a4eac971c2b85843e7755,4326,MISC Labor - Extend Drain Line & Re-Tape/Mastic Air Handler,labor,1.0,309.0,309.0
invoice_ac5af2e510334bf4a45155406294cc50,job_c14f10d79e0a4eac971c2b85843e7755,4326,Service Calls - Repairs & Part Installation - **Tier 3 Repair - Clear Drain Line,labor,2.0,186.0,372.0
invoice_ac5af2e510334bf4a45155406294cc50,job_c14f10d79e0a4eac971c2b85843e7755,4326,Duct Tidewater Hospitality / Repair - Plenum / Duct Board Replacement - Plenum Only,labor,1.0,210.0,210.0
invoice_ac5af2e510334bf4a45155406294cc50,job_c14f10d79e0a4eac971c2b85843e7755,4326,Service Calls - Repairs & Part Installation - **Tier 1 Repair - Change Filters,labor,2.0,48.0,96.0
invoice_6624218d48dc46eb8b3ee4780d999b3d,job_712ec385c11a4357bcacfc75a3759521,4325,Service & Repair Fee - After-Hours,labor,1.0,167.0,167.0
invoice_3b677bcdbefa47429b681b23ba84849c,job_09d37a2eede34849bc8773927924e227,4324,Service & Repair Fee - After-Hours,labor,1.0,134.0,134.0
invoice_3b677bcdbefa47429b681b23ba84849c,job_09d37a2eede34849bc8773927924e227,4324,Bio-Fresh Duct Cleaning,material,1.0,242.0,242.0
invoice_134d650f91fe4206bbd976b867165e06,job_53a1196e98ca459293ea8f1b93ad0459,4323,Service Calls - Repairs & Part Installation - Tier 7 Repair,labor,1.0,1293.0,1293.0
invoice_134d650f91fe4206bbd976b867165e06,job_53a1196e98ca459293ea8f1b93ad0459,4323,Generic Parts / Service - Filter dryer,material,1.0,103.0,103.0
invoice_134d650f91fe4206bbd976b867165e06,job_53a1196e98ca459293ea8f1b93ad0459,4323,Add Ons - Remove Air Handler Seal & Add Drain package,material,1.0,394.0,394.0
invoice_b46778b209594b4baae19071afe902d2,job_b5298001c57b4ae18c25e833c484d115,4322,New System Installation - System Installation,labor,1.0,1584.0,1584.0
invoice_b46778b209594b4baae19071afe902d2,job_b5298001c57b4ae18c25e833c484d115,4322,"Heating/Cooling Evaporator Coil with VertexTechnology Multipoise V-Coil, 2.5 Ton",material,1.0,1837.5,1837.5
invoice_b46778b209594b4baae19071afe902d2,job_b5298001c57b4ae18c25e833c484d115,4322,Carrier Coastal Gas System With 80% Furnace - 2.5 Ton Condenser - 15 SEER,material,1.0,5285.25,5285.25
invoice_b46778b209594b4baae19071afe902d2,job_b5298001c57b4ae18c25e833c484d115,4322,"80% Non-Condensing, Single Stage, Base - 70k BTU",material,1.0,2568.25,2568.25
invoice_b46778b209594b4baae19071afe902d2,job_b5298001c57b4ae18c25e833c484d115,4322,Honeywell Home FocusPRO® N100,material,1.0,190.0,190.0
invoice_978560a1954d49d9b119a36a4a6e91d2,job_1d2abfea7d0548268d614ff6df1e5187,4321,System Installation,labor,1.0,1410.0,1410.0
invoice_978560a1954d49d9b119a36a4a6e91d2,job_1d2abfea7d0548268d614ff6df1e5187,4321,Carrier Coastal Heat Pump - 3.5 Ton Condenser - 15 SEER,material,1.0,7240.25,7240.25
invoice_978560a1954d49d9b119a36a4a6e91d2,job_1d2abfea7d0548268d614ff6df1e5187,4321,"Comfort Series Fan Coil Multipoise, ECM Motor for Puron Advance - 3.5 Ton",material,1.0,3190.25,3190.25
invoice_978560a1954d49d9b119a36a4a6e91d2,job_1d2abfea7d0548268d614ff6df1e5187,4321,10 KW Heat Kit,material,1.0,394.5,394.5
invoice_978560a1954d49d9b119a36a4a6e91d2,job_1d2abfea7d0548268d614ff6df1e5187,4321,Honeywell FocusPro N100,material,1.0,194.0,194.0
invoice_978560a1954d49d9b119a36a4a6e91d2,job_1d2abfea7d0548268d614ff6df1e5187,4321,Add Ons - Drain package,material,1.0,277.75,277.75
invoice_18e19920e850422cb3aa92cd10b8a081,job_38d83644e2ec4627b15f10bcecf8f58f,4320,Service & Repair Fee - Standard,labor,1.0,102.0,102.0
invoice_18e19920e850422cb3aa92cd10b8a081,job_38d83644e2ec4627b15f10bcecf8f58f,4320,Service Calls - Repairs & Part Installation - **Tier 2 Repair - Leak Detection Tidewater Hospitality (Bubbles / Electronic),labor,1.0,107.0,107.0
invoice_18e19920e850422cb3aa92cd10b8a081,job_38d83644e2ec4627b15f10bcecf8f58f,4320,Generic Parts / Service - R410a refrigerant,material,1.0,132.0,132.0
invoice_3b293c284ee744a5a418c71b94792daf,job_83967983517c43b5912c60bcaeee4d17,4319,Service & Repair Fee - Standard,labor,1.0,102.0,102.0
invoice_3b293c284ee744a5a418c71b94792daf,job_83967983517c43b5912c60bcaeee4d17,4319,Service Calls - Repairs & Part Installation - **Tier 2 Repair - Leak Detection Tidewater Hospitality (Bubbles / Electronic),labor,1.0,107.0,107.0
invoice_3b293c284ee744a5a418c71b94792daf,job_83967983517c43b5912c60bcaeee4d17,4319,Service Calls - Repairs & Part Installation - **Tier 1 Repair - Vacuum drain pan,labor,1.0,48.0,48.0
invoice_3b293c284ee744a5a418c71b94792daf,job_83967983517c43b5912c60bcaeee4d17,4319,Generic Parts / Service - R410a refrigerant,material,2.0,132.0,264.0
invoice_c37002ce21254e0d928c26476b86ef06,job_3546c5265c9e49938d95e9e884b31d24,4318,Service & Repair Fee - Standard,labor,1.0,102.0,102.0
invoice_c37002ce21254e0d928c26476b86ef06,job_3546c5265c9e49938d95e9e884b31d24,4318,Service Calls - Repairs & Part Installation - **Tier 3 Repair - Clear Drain Line,labor,1.0,186.0,186.0
invoice_a41483efef53453f8ad3bb838a7aaf4a,job_b6f920f6ac7b485092ef63236aa9378e,4317,Visit #1,labor,1.0,88.0,88.0
invoice_a15027b3137c4a88b699f830438998f4,job_bb23b278905549cd9cf35bf952915df0,4316,Visit #1,labor,1.0,188.0,188.0
invoice_eec5c19c1ccd4087a40d9eea7c4bb159,job_25d16e26b2fe4b2f899028dbe1874596,4315,New System Installation - System Installation,labor,1.0,1648.0,1648.0
invoice_eec5c19c1ccd4087a40d9eea7c4bb159,job_25d16e26b2fe4b2f899028dbe1874596,4315,2.5 Ton - STANDARD CHOICE 15 - Trane 2.5 Ton 15.2 Seer2 (16 SEER) Heat Pump System,material,1.0,11318.0,11318.0
invoice_eec5c19c1ccd4087a40d9eea7c4bb159,job_25d16e26b2fe4b2f899028dbe1874596,4315,Add Ons - Attic Install,material,1.0,515.0,515.0
invoice_eec5c19c1ccd4087a40d9eea7c4bb159,job_25d16e26b2fe4b2f899028dbe1874596,4315,New Construction - Supply in Attic - Generic,material,1.0,293.0,293.0
invoice_0ef21c5c279b4111aba18b924b48b92e,job_d19abef3b525449882a93a4512ffaee7,4314,System Installation,labor,1.0,1410.0,1410.0
invoice_0ef21c5c279b4111aba18b924b48b92e,job_d19abef3b525449882a93a4512ffaee7,4314,Carrier Coastal Heat Pump - 2 Ton Condenser - 15 SEER,material,1.0,5544.25,5544.25
invoice_0ef21c5c279b4111aba18b924b48b92e,job_d19abef3b525449882a93a4512ffaee7,4314,"Comfort Series Fan Coil Multipoise, ECM Motor for Puron Advance - 2 Ton",material,1.0,2166.25,2166.25
invoice_0ef21c5c279b4111aba18b924b48b92e,job_d19abef3b525449882a93a4512ffaee7,4314,Electric Heater - 5kW 240 Volt-Single Phase with Terminal Block,material,1.0,278.5,278.5
invoice_0ef21c5c279b4111aba18b924b48b92e,job_d19abef3b525449882a93a4512ffaee7,4314,Honeywell Home FocusPRO® N100,material,1.0,190.0,190.0
invoice_0ef21c5c279b4111aba18b924b48b92e,job_d19abef3b525449882a93a4512ffaee7,4314,Generic Parts / Service - Bio-Fresh Duct Cleaning,material,1.0,0.0,0.0
invoice_b76e01fa53a141bc867ea3777333d821,job_d7ac73d19ef24f6a89ff381b2a24a566,4313,Service Calls - Service & Repair Fee - After-Hours,labor,1.0,188.0,188.0
invoice_b76e01fa53a141bc867ea3777333d821,job_d7ac73d19ef24f6a89ff381b2a24a566,4313,Service Calls - Repairs & Part Installation - **Tier 1 Repair - Mini Split Filter Clean,labor,1.0,47.0,47.0
invoice_9761618f77654c5e86914704a0e60e84,job_75ff8945f78f4b7581b8a8c84dcd9773,4312,Service & Repair Fee - After-Hours,labor,1.0,167.0,167.0
invoice_9761618f77654c5e86914704a0e60e84,job_75ff8945f78f4b7581b8a8c84dcd9773,4312,Service Calls - Repairs & Part Installation - **Tier 3 Repair - Clear & Cut Drain Line,labor,1.0,193.0,193.0
invoice_f3bff722c5f94483ab0402e5123c82b7,job_084611b79572414a931dab7f32c7f03e,4311,Service & Repair Fee - Standard,labor,1.0,102.0,102.0
invoice_f3bff722c5f94483ab0402e5123c82b7,job_084611b79572414a931dab7f32c7f03e,4311,Service Calls - Repairs & Part Installation - **Tier 2 Repair - Rewire Thermostat,labor,1.0,103.0,103.0
invoice_ea1c9573ee484799b3645b175538cf0c,job_7bc55ad2f66c4833a76d86d97d3b1c8d,4310,Service & Repair Fee - Standard,labor,1.0,102.0,102.0
invoice_ea1c9573ee484799b3645b175538cf0c,job_7bc55ad2f66c4833a76d86d97d3b1c8d,4310,Service Calls - Repairs & Part Installation - **Tier 3 Repair - Clear Drain Line,labor,1.0,186.0,186.0
invoice_2140e6de56214ca28500659ac3d0ba28,job_3c43ae95a1a744188ce7047a11446dba,4309,New System Installation - System Installation,labor,1.0,1584.0,1584.0
invoice_2140e6de56214ca28500659ac3d0ba28,job_3c43ae95a1a744188ce7047a11446dba,4309,2 Ton - STANDARD CHOICE 15 - Trane 2 Ton 15.2 Seer2 (16 SEER) Heat Pump System,material,1.0,9399.0,9399.0
invoice_2140e6de56214ca28500659ac3d0ba28,job_3c43ae95a1a744188ce7047a11446dba,4309,Add Ons - Drain package,material,1.0,277.75,277.75
invoice_2140e6de56214ca28500659ac3d0ba28,job_3c43ae95a1a744188ce7047a11446dba,4309,Add Ons - Metal Air Handler Stand,material,1.0,119.0,119.0
invoice_fcef4a6ac6044e7f98f1878188a5a046,job_9754880893a24715b99c396a4ab63e9c,4308,Service & Repair Fee - Standard,labor,1.0,102.0,102.0
invoice_fcef4a6ac6044e7f98f1878188a5a046,job_9754880893a24715b99c396a4ab63e9c,4308,Generic Parts / Service - R410a refrigerant,material,1.0,132.0,132.0
invoice_e3e951bd56f8458eaa73b001d026b1be,job_1f10387a3404452fa16107e77eea87db,4307,Service Calls - Service & Repair Fee - After-Hours,labor,1.0,188.0,188.0
invoice_e3e951bd56f8458eaa73b001d026b1be,job_1f10387a3404452fa16107e77eea87db,4307,Service Calls - Repairs & Part Installation - **Tier 3 Repair - Capacitor Replacement,labor,1.0,180.0,180.0
invoice_6cc1ed6d88094c988bca173fcb0dd82d,job_432222dd14f94ac68985e52e98ef64a4,4306,Service & Repair Fee - Standard,labor,1.0,102.0,102.0
invoice_6cc1ed6d88094c988bca173fcb0dd82d,job_432222dd14f94ac68985e52e98ef64a4,4306,Service Calls - Repairs & Part Installation - **Tier 3 Repair - Contactor Replacement,labor,1.0,179.0,179.0
invoice_6cc1ed6d88094c988bca173fcb0dd82d,job_432222dd14f94ac68985e52e98ef64a4,4306,Service Calls - Repairs & Part Installation - Service,labor,1.0,498.25,498.25
invoice_6cc1ed6d88094c988bca173fcb0dd82d,job_432222dd14f94ac68985e52e98ef64a4,4306,Unit Specific Parts - Condenser Fan Motor,material,1.0,640.0,640.0
invoice_414692a208034bf8a9ee07676537a0c0,job_198ef408cdf246ff9b605d267b33128c,4305,Service Calls - Service & Repair Fee - After-Hours,labor,1.0,188.0,188.0
invoice_414692a208034bf8a9ee07676537a0c0,job_198ef408cdf246ff9b605d267b33128c,4305,Service Calls - Repairs & Part Installation - **Tier 3 Repair - Clear Drain Line,labor,1.0,186.0,186.0
invoice_b48284aa0c694fc0acdc594e15214310,job_678bebbd64484745ae77af592ed30100,4304,Service & Repair Fee - Standard,labor,1.0,102.0,102.0
invoice_b48284aa0c694fc0acdc594e15214310,job_678bebbd64484745ae77af592ed30100,4304,Service Calls - Repairs & Part Installation - **Tier 2 Repair - Reprogram Thermostat,labor,1.0,104.0,104.0
invoice_c6ce4af0be214160ac903f8f59a3bb36,job_5e58498d2fbc40a3a5c178c2dc7d9cad,4303,Service Calls - Repairs & Part Installation - **Tier 2 Repair - Rewire Thermostat,labor,1.0,103.0,103.0
invoice_c6ce4af0be214160ac903f8f59a3bb36,job_5e58498d2fbc40a3a5c178c2dc7d9cad,4303,Service Calls - Service & Repair Fee - Standard,labor,1.0,96.0,96.0
invoice_0768d0a7e52541e2b9a67e5532f4cae5,job_05f23242347a46ce8cf7b282ed6b6391,4302,Service & Repair Fee - Standard,labor,1.0,102.0,102.0
invoice_0768d0a7e52541e2b9a67e5532f4cae5,job_05f23242347a46ce8cf7b282ed6b6391,4302,Service Calls - Repairs & Part Installation - **Tier 3 Repair - Clear Drain Line,labor,1.0,186.0,186.0
invoice_a3339904524d4faeb46211a846467d10,job_d82281bcbca747b4bc1819167b6b1aae,4301,New Construction - New Construction,labor,80.0,0.25,20.0
invoice_a3339904524d4faeb46211a846467d10,job_d82281bcbca747b4bc1819167b6b1aae,4301,Static Pressure Tidewater Hospitality,labor,1.0,159.0,159.0
invoice_a3339904524d4faeb46211a846467d10,job_d82281bcbca747b4bc1819167b6b1aae,4301,CHANGE ORDER - Service Calls - Repairs & Part Installation - **Tier 2 Repair - Move Thermostat,labor,1.0,154.0,154.0
invoice_a3339904524d4faeb46211a846467d10,job_d82281bcbca747b4bc1819167b6b1aae,4301,"RETAIL SIDE - 1.5"" Duct Board",material,15.0,116.0,1740.0
invoice_a3339904524d4faeb46211a846467d10,job_d82281bcbca747b4bc1819167b6b1aae,4301,RETAIL SIDE - Supplies with Flex,material,7.0,193.0,1351.0
invoice_a3339904524d4faeb46211a846467d10,job_d82281bcbca747b4bc1819167b6b1aae,4301,"STUDIO SIDE - 1.5"" Duct Board",material,14.0,118.0,1652.0
invoice_a3339904524d4faeb46211a846467d10,job_d82281bcbca747b4bc1819167b6b1aae,4301,STUDIO SIDE - Supplies with Flex,material,3.0,203.0,609.0
invoice_a3339904524d4faeb46211a846467d10,job_d82281bcbca747b4bc1819167b6b1aae,4301,STUDIO SIDE - Sidewall Grills,material,9.0,106.0,954.0
invoice_a3339904524d4faeb46211a846467d10,job_d82281bcbca747b4bc1819167b6b1aae,4301,"RETURN AIR - 1.5"" Duct Board",material,16.0,117.0,1872.0
invoice_a3339904524d4faeb46211a846467d10,job_d82281bcbca747b4bc1819167b6b1aae,4301,RETURN AIR - Return Boxes,material,4.0,188.0,752.0
invoice_a3339904524d4faeb46211a846467d10,job_d82281bcbca747b4bc1819167b6b1aae,4301,Upgraded Diffusers,material,8.0,122.0,976.0
invoice_a3339904524d4faeb46211a846467d10,job_d82281bcbca747b4bc1819167b6b1aae,4301,Upgraded Main Return Grill,material,1.0,374.0,374.0
invoice_a3339904524d4faeb46211a846467d10,job_d82281bcbca747b4bc1819167b6b1aae,4301,Upgraded Passive Returns,material,3.0,360.0,1080.0
invoice_a3339904524d4faeb46211a846467d10,job_d82281bcbca747b4bc1819167b6b1aae,4301,Scissor Lift Rental,material,1.0,363.0,363.0
invoice_99a05f4e971644339fad5634a59d6c9c,job_181cd80448dc4f84b9ab86b09ae5050a,4300,Service Calls - Tidewater Hospitality Service & Repair Fee - Osprey Pointe,labor,1.0,154.0,154.0
invoice_99a05f4e971644339fad5634a59d6c9c,job_181cd80448dc4f84b9ab86b09ae5050a,4300,New System Installation - System Installation,labor,1.0,1584.0,1584.0
invoice_99a05f4e971644339fad5634a59d6c9c,job_181cd80448dc4f84b9ab86b09ae5050a,4300,2 Ton - STANDARD CHOICE 15 - Trane 2 Ton 15.2 Seer2 (16 SEER) Heat Pump System,material,1.0,9399.0,9399.0
invoice_99a05f4e971644339fad5634a59d6c9c,job_181cd80448dc4f84b9ab86b09ae5050a,4300,Add Ons - Concrete Pad,material,1.0,256.0,256.0
invoice_0a372cb216d4442d9767a55bee866393,job_15383bf92e0e422fa1c8b3ecc397491a,4299,New System Installation - System Installation,labor,1.0,1584.0,1584.0
invoice_0a372cb216d4442d9767a55bee866393,job_15383bf92e0e422fa1c8b3ecc397491a,4299,Mitsubishi 3 ton system-Indoor and outdoor system,material,1.0,10831.0,10831.0
invoice_2b8d2b2469274dc28b6063d8ab06196d,job_b5298001c57b4ae18c25e833c484d115,4298,New System Installation - System Installation,labor,1.0,1584.0,1584.0
invoice_2b8d2b2469274dc28b6063d8ab06196d,job_b5298001c57b4ae18c25e833c484d115,4298,"Heating/Cooling Evaporator Coil with VertexTechnology Multipoise V-Coil, 2.5 Ton",material,1.0,1837.5,1837.5
invoice_2b8d2b2469274dc28b6063d8ab06196d,job_b5298001c57b4ae18c25e833c484d115,4298,Carrier Coastal Gas System With 80% Furnace - 2.5 Ton Condenser - 15 SEER,material,1.0,5285.25,5285.25
invoice_2b8d2b2469274dc28b6063d8ab06196d,job_b5298001c57b4ae18c25e833c484d115,4298,"80% Non-Condensing, Single Stage, Base - 70k BTU",material,1.0,2568.25,2568.25
invoice_2b8d2b2469274dc28b6063d8ab06196d,job_b5298001c57b4ae18c25e833c484d115,4298,Honeywell Home FocusPRO® N100,material,1.0,190.0,190.0
invoice_ea815abde5bf4a328db484160e85994c,job_a96cf41be9844b2a83542af31e86e02f,4297,Tidewater Hospitality Service & Repair Fee - After Hours,labor,1.0,100.0,100.0
invoice_ea815abde5bf4a328db484160e85994c,job_a96cf41be9844b2a83542af31e86e02f,4297,Service Calls - Repairs & Part Installation - **Tier 3 Repair - Clear Drain Line,labor,1.0,186.0,186.0
invoice_8ca32b8f40d749628c4230fdade7cfea,job_e2b538a2633b4c058bfa21dc986e0e1b,4296,Service & Repair Fee - After-Hours,labor,1.0,167.0,167.0
invoice_8ca32b8f40d749628c4230fdade7cfea,job_e2b538a2633b4c058bfa21dc986e0e1b,4296,Service Calls - Repairs & Part Installation - **Tier 3 Repair - Clear Drain Line,labor,1.0,186.0,186.0
invoice_62b94959a32f47d6bf30e9c0eb1392e7,job_baefc6cb50c0480ea9a9f3a69d81ba4c,4295,Service & Repair Fee - Standard,labor,1.0,102.0,102.0
invoice_62b94959a32f47d6bf30e9c0eb1392e7,job_baefc6cb50c0480ea9a9f3a69d81ba4c,4295,Generic Parts / Service - R410a refrigerant,material,2.5,132.0,330.0
invoice_3d4f9cdecd3147068e56c1be35bb1bb4,job_8420f5fbc51b47ab92d2d1197d5c78c6,4294,Preventative Maintenance - Residential Preventative Maintenance,labor,1.0,1085.0,1085.0
invoice_3d4f9cdecd3147068e56c1be35bb1bb4,job_8420f5fbc51b47ab92d2d1197d5c78c6,4294,Service Calls - Repairs & Part Installation - **Tier 2 Repair - Leak Detection Tidewater Hospitality (Bubbles / Electronic),labor,1.0,107.0,107.0
invoice_3d4f9cdecd3147068e56c1be35bb1bb4,job_8420f5fbc51b47ab92d2d1197d5c78c6,4294,Service Calls - Repairs & Part Installation - Service,labor,1.0,1020.25,1020.25
invoice_3d4f9cdecd3147068e56c1be35bb1bb4,job_8420f5fbc51b47ab92d2d1197d5c78c6,4294,Generic Parts / Service - Filter dryer,material,1.0,103.0,103.0
invoice_3d4f9cdecd3147068e56c1be35bb1bb4,job_8420f5fbc51b47ab92d2d1197d5c78c6,4294,WARRANTY Parts / Service - WARRANTY - Compressor,material,1.0,155.0,155.0
invoice_3d4f9cdecd3147068e56c1be35bb1bb4,job_8420f5fbc51b47ab92d2d1197d5c78c6,4294,Generic Parts / Service - R410a refrigerant,material,4.0,132.0,528.0
invoice_211bdbb0bd12450ea4a27d380f66b5ee,job_dc408a8816e34d84a8af58587a23d53a,4293,Service & Repair Fee - Standard,labor,1.0,102.0,102.0
invoice_9dd141f61c87453a89939ac15b2fd3ec,job_2728ea073cff4eefa6f18edde7677ab6,4292,Preventative Maintenance - Commercial Preventative Maintenance,labor,1.0,143.75,143.75
invoice_4c0bcbaf550c471ba137b6ce28748328,job_72d279dab10a43eab191eb56d4522cde,4291,Service & Repair Fee - Standard,labor,1.0,102.0,102.0
invoice_4c0bcbaf550c471ba137b6ce28748328,job_72d279dab10a43eab191eb56d4522cde,4291,Service Calls - Repairs & Part Installation - **Tier 2 Repair - Leak Detection Tidewater Hospitality (Bubbles / Electronic),labor,1.0,107.0,107.0
invoice_4c0bcbaf550c471ba137b6ce28748328,job_72d279dab10a43eab191eb56d4522cde,4291,Service Calls - Repairs & Part Installation - Service,labor,1.0,1151.5,1151.5
invoice_4c0bcbaf550c471ba137b6ce28748328,job_72d279dab10a43eab191eb56d4522cde,4291,Generic Parts / Service - Filter dryer,material,1.0,103.0,103.0
invoice_4c0bcbaf550c471ba137b6ce28748328,job_72d279dab10a43eab191eb56d4522cde,4291,WARRANTY Parts / Service - WARRANTY - Evaporator Coil &TXV,material,1.0,0.0,0.0
invoice_4c0bcbaf550c471ba137b6ce28748328,job_72d279dab10a43eab191eb56d4522cde,4291,Generic Parts / Service - R410a refrigerant,material,3.0,132.0,396.0
invoice_19d1218dec934bb587ca304ba0fccb50,job_92ab0df849d64da2b523391d6b17d7c7,4290,Duct Tidewater Hospitality / Repair - Plenum / Duct Board Replacement - Plenum Only,labor,1.0,234.0,234.0
invoice_b74421f2841f4728b39bf41413b75482,job_f7df4779965c4f0099ca86c7a323616f,4289,Service Calls - Service & Repair Fee - Standard,labor,1.0,96.0,96.0
invoice_b74421f2841f4728b39bf41413b75482,job_f7df4779965c4f0099ca86c7a323616f,4289,Service Calls - Repairs & Part Installation - **Tier 1 Repair - Tighten/ Adjust Low Voltage Wires,labor,1.0,47.0,47.0
invoice_7329bf39c4e84a299402363ccf9ca0c5,job_eadc84049ffd496c8bc23f5f9f457e14,4288,Service Calls - Service & Repair Fee - After-Hours,labor,1.0,188.0,188.0
invoice_0bca84c60ad148b688140e9262903751,job_aacd39772ab44e8e84b3c767bb62dfa2,4287,Service Calls - Repairs & Part Installation - Service,labor,1.0,543.0,543.0
invoice_0bca84c60ad148b688140e9262903751,job_aacd39772ab44e8e84b3c767bb62dfa2,4287,Generic Parts / Service - Filter dryer,material,1.0,103.0,103.0
invoice_0bca84c60ad148b688140e9262903751,job_aacd39772ab44e8e84b3c767bb62dfa2,4287,Generic Parts / Service - R410a refrigerant,material,1.0,132.0,132.0
invoice_0bca84c60ad148b688140e9262903751,job_aacd39772ab44e8e84b3c767bb62dfa2,4287,Unit Specific Parts - TXV,material,1.0,485.0,485.0
invoice_b196465a813547798547bc5d583dcf93,job_5fc4803d5c6b4e4b93cad228c0d032d7,4286,Service & Repair Fee - After-Hours,labor,1.0,167.0,167.0
invoice_b196465a813547798547bc5d583dcf93,job_5fc4803d5c6b4e4b93cad228c0d032d7,4286,Service Calls - Repairs & Part Installation - Rescue Motor,material,1.0,676.0,676.0
invoice_18947349e80e40c1a30d6196461afbfa,job_83015300ab5f48a5a584ccc18f7b77c0,4285,Service Calls - Part Installation - Service,labor,1.0,1145.0,1145.0
invoice_18947349e80e40c1a30d6196461afbfa,job_83015300ab5f48a5a584ccc18f7b77c0,4285,Generic Parts / Service - Filter dryer,material,1.0,103.0,103.0
invoice_18947349e80e40c1a30d6196461afbfa,job_83015300ab5f48a5a584ccc18f7b77c0,4285,WARRANTY Parts / Service - WARRANTY - Compressor,material,1.0,0.0,0.0
invoice_18947349e80e40c1a30d6196461afbfa,job_83015300ab5f48a5a584ccc18f7b77c0,4285,Generic Parts / Service - R410a refrigerant,material,11.0,132.0,1452.0
invoice_694c99f65dfa4d77aa27522b0af4afe3,job_248a231161a84badaabd5ae6d40b3964,4284,Service & Repair Fee - Standard,labor,1.0,102.0,102.0
invoice_d3259ffffaf344c085c1312c4b38f21a,job_55d255d3f82e4b72864e5a57f0836298,4283,Service & Repair Fee - Standard,labor,1.0,102.0,102.0
invoice_04bd9a793aec460fb43e84d346b86b88,job_8d7e27d97fb44500b0cd375ca7b80c31,4282,Service and Repair Call - Osprey Pointe,labor,1.0,269.0,269.0
invoice_04bd9a793aec460fb43e84d346b86b88,job_8d7e27d97fb44500b0cd375ca7b80c31,4282,Generic Parts / Service - R410a refrigerant,material,4.0,132.0,528.0
invoice_d35c5b87be704c4bb4871722783853a1,job_65017776063a4884aec49f05dab83726,4281,Service & Repair Fee - Standard,labor,1.0,102.0,102.0
invoice_d35c5b87be704c4bb4871722783853a1,job_65017776063a4884aec49f05dab83726,4281,RedLink Cocoplum Key Well Thermostat & Installation,labor,1.0,684.0,684.0
invoice_d35c5b87be704c4bb4871722783853a1,job_65017776063a4884aec49f05dab83726,4281,Service Calls - Repairs & Part Installation - **Tier 3 Repair - Transformer Replacement,labor,1.0,185.0,185.0
invoice_be2255afb5c64f4e9b50f0b723425d49,job_ee5f89d9d3b04e0e9e1a0048fec42466,4280,Service & Repair Fee - Standard,labor,1.0,102.0,102.0
invoice_be2255afb5c64f4e9b50f0b723425d49,job_ee5f89d9d3b04e0e9e1a0048fec42466,4280,Service Calls - Repairs & Part Installation - Service,labor,1.0,543.0,543.0
invoice_be2255afb5c64f4e9b50f0b723425d49,job_ee5f89d9d3b04e0e9e1a0048fec42466,4280,Next Day Delivery & Installation,labor,1.0,153.0,153.0
invoice_be2255afb5c64f4e9b50f0b723425d49,job_ee5f89d9d3b04e0e9e1a0048fec42466,4280,MISC Labor - Braze & Repair leaking joint,labor,1.0,461.0,461.0
invoice_be2255afb5c64f4e9b50f0b723425d49,job_ee5f89d9d3b04e0e9e1a0048fec42466,4280,Generic Parts / Service - R410a refrigerant,material,1.0,132.0,132.0
invoice_be2255afb5c64f4e9b50f0b723425d49,job_ee5f89d9d3b04e0e9e1a0048fec42466,4280,Unit Specific Parts - TXV,material,1.0,0.0,0.0
invoice_be2255afb5c64f4e9b50f0b723425d49,job_ee5f89d9d3b04e0e9e1a0048fec42466,4280,Generic Parts / Service - Filter dryer,material,1.0,103.0,103.0
invoice_be2255afb5c64f4e9b50f0b723425d49,job_ee5f89d9d3b04e0e9e1a0048fec42466,4280,Generic Parts / Service - R410a refrigerant,material,4.0,132.0,528.0
invoice_613046d85eca4acf838f4d91115137de,job_6354e713910c49f5a71112d550fc9d69,4279,Service Calls - Service and Repair Call - Osprey Pointe,labor,1.0,258.0,258.0
invoice_613046d85eca4acf838f4d91115137de,job_6354e713910c49f5a71112d550fc9d69,4279,Service Calls - Repairs & Part Installation - **Tier 3 Repair - Clear Drain Line,labor,1.0,186.0,186.0
invoice_e11205bfbcf8439085ad0e6ea6635d2f,job_e2d48a05c72947129700e639c754728b,4278,Service Calls - Service & Repair Fee - After-Hours,labor,1.0,188.0,188.0
invoice_e11205bfbcf8439085ad0e6ea6635d2f,job_e2d48a05c72947129700e639c754728b,4278,Service Calls - Repairs & Part Installation - **Tier 2 Repair - Leak Detection Tidewater Hospitality (Bubbles / Electronic),labor,1.0,107.0,107.0
invoice_e11205bfbcf8439085ad0e6ea6635d2f,job_e2d48a05c72947129700e639c754728b,4278,Generic Parts / Service - R410a refrigerant,material,2.0,132.0,264.0
invoice_5eb7b8f4492848cf9edfbd83becbff03,job_d18709d4de8043828fbe4d773378be8d,4277,Service and Repair Call - Osprey Pointe,labor,1.0,157.0,157.0
invoice_5eb7b8f4492848cf9edfbd83becbff03,job_d18709d4de8043828fbe4d773378be8d,4277,Service Calls - Repairs & Part Installation - **Tier 3 Repair - Capacitor Replacement,labor,1.0,180.0,180.0
invoice_ae103b43dd5349a1ace3da826c14a92c,job_a1c366438b3241adbd0f7a95616a60a5,4276,New System Installation - System Installation,labor,1.0,1584.0,1584.0
invoice_ae103b43dd5349a1ace3da826c14a92c,job_a1c366438b3241adbd0f7a95616a60a5,4276,Service Calls - Service & Repair Fee - After-Hours,labor,1.0,188.0,188.0
invoice_ae103b43dd5349a1ace3da826c14a92c,job_a1c366438b3241adbd0f7a95616a60a5,4276,1.5 Ton Mitsubishi Mini Split System,material,1.0,3395.0,3395.0
invoice_70e818418fd94bc2a44886cc42062cd2,job_ca6367599f654dd7b03021769ab541d2,4275,Service Calls - Service & Repair Fee - Standard,labor,1.0,96.0,96.0
invoice_70e818418fd94bc2a44886cc42062cd2,job_ca6367599f654dd7b03021769ab541d2,4275,Service Calls - Repairs & Part Installation - **Tier 3 Repair - Reconnected & Rewired Low Voltage Wires + Replace Fuse,labor,1.0,180.0,180.0
invoice_e73e5a985fd44fa195eb6b7405ce2a8f,job_59b24454669d403bbabf8576722516d6,4274,New Construction - New Construction,labor,120.0,34.0,4080.0
invoice_e73e5a985fd44fa195eb6b7405ce2a8f,job_59b24454669d403bbabf8576722516d6,4274,Dual-Wall Insulated Spiral Duct,material,1.0,14602.0,14602.0
invoice_e73e5a985fd44fa195eb6b7405ce2a8f,job_59b24454669d403bbabf8576722516d6,4274,Diffusers,material,8.0,191.0,1528.0
invoice_e73e5a985fd44fa195eb6b7405ce2a8f,job_59b24454669d403bbabf8576722516d6,4274,Return Duct & Grill,material,1.0,535.0,535.0
invoice_e73e5a985fd44fa195eb6b7405ce2a8f,job_59b24454669d403bbabf8576722516d6,4274,Scissor Lift Rental,material,1.0,485.0,485.0
invoice_e73e5a985fd44fa195eb6b7405ce2a8f,job_59b24454669d403bbabf8576722516d6,4274,CHANGE - Exhaust Fan,material,1.0,298.0,298.0
invoice_e73e5a985fd44fa195eb6b7405ce2a8f,job_59b24454669d403bbabf8576722516d6,4274,CHANGE - Bathroom exhaust duct,material,1.0,188.0,188.0
invoice_c579d24ba3b64523a4eecda81d9a3d52,job_f8292a690b3342fa9f0fd2ecc63273d7,4273,Service & Repair Fee - Standard,labor,1.0,102.0,102.0
invoice_c579d24ba3b64523a4eecda81d9a3d52,job_f8292a690b3342fa9f0fd2ecc63273d7,4273,Service Calls - Repairs & Part Installation - **Tier 2 Repair - Reprogram Thermostat,labor,1.0,104.0,104.0
invoice_af053309133f4728b082523ba21e66a5,job_b3d678382e4f4fe394be2353e7bd1a9f,4272,Service & Repair Fee - Standard,labor,1.0,102.0,102.0
invoice_526843a9dfa14c36b4b8815a245b7ff0,job_23652909b148437eb6f8de59cb914870,4271,Service Calls - Service and Repair Call - Osprey Pointe,labor,1.0,258.0,258.0
invoice_7d0e46d3a95641e4ab82b5a925e5685b,job_311f554ef8cd4f88aadaf476431e6056,4270,Service & Repair Fee - Standard,labor,1.0,102.0,102.0
invoice_7d0e46d3a95641e4ab82b5a925e5685b,job_311f554ef8cd4f88aadaf476431e6056,4270,Service Calls - Repairs & Part Installation - **Tier 1 Repair - Re-Tape Reme Halo,labor,1.0,24.0,24.0
invoice_47b97276718043f59954c0c68cced95c,job_8bf07f7f065e4ca2bd7343415a5d843c,4269,Service & Repair Fee - Standard,labor,1.0,102.0,102.0
invoice_47b97276718043f59954c0c68cced95c,job_8bf07f7f065e4ca2bd7343415a5d843c,4269,Service Calls - Repairs & Part Installation - **Tier 2 Repair - Leak Detection Tidewater Hospitality (Bubbles / Electronic),labor,1.0,107.0,107.0
invoice_47b97276718043f59954c0c68cced95c,job_8bf07f7f065e4ca2bd7343415a5d843c,4269,New System Installation - System Installation,labor,1.0,1584.0,1584.0
invoice_47b97276718043f59954c0c68cced95c,job_8bf07f7f065e4ca2bd7343415a5d843c,4269,Generic Parts / Service - R410a refrigerant,material,2.0,132.0,264.0
invoice_47b97276718043f59954c0c68cced95c,job_8bf07f7f065e4ca2bd7343415a5d843c,4269,3.5 Ton - BUDGET 14 - Trane 3.5 Ton 14.3 Seer2 (15 SEER) Heat Pump System,material,1.0,9780.0,9780.0
invoice_47b97276718043f59954c0c68cced95c,job_8bf07f7f065e4ca2bd7343415a5d843c,4269,Add Ons - Drain package,material,1.0,277.75,277.75
invoice_47b97276718043f59954c0c68cced95c,job_8bf07f7f065e4ca2bd7343415a5d843c,4269,Add Ons - Attic Install,material,1.0,515.0,515.0
invoice_fca07fa4e110421bbf0fc2bd5f56aa2c,job_9a7c9916b906456e89d1362f3a090f70,4268,Visit #1,labor,1.0,188.0,188.0
invoice_3d0048ecb1744e2ca664479f86d7ab6f,job_f91e3f29564946cfbb4f167b61a7d0d2,4267,Service Calls - Service & Repair Fee - After-Hours,labor,1.0,188.0,188.0
invoice_3d0048ecb1744e2ca664479f86d7ab6f,job_f91e3f29564946cfbb4f167b61a7d0d2,4267,Service Calls - Repairs & Part Installation - **Tier 3 Repair - Clear Drain Line,labor,1.0,186.0,186.0
invoice_7a2ca1b0d30e4f2fa46c20f16f9f1df0,job_d2d78bb9046040ed9b6adccab28f96f8,4266,Service & Repair Fee - Standard,labor,1.0,102.0,102.0
invoice_7a2ca1b0d30e4f2fa46c20f16f9f1df0,job_d2d78bb9046040ed9b6adccab28f96f8,4266,Service Calls - Repairs & Part Installation - **Tier 3 Repair - Clear Drain Line,labor,1.0,186.0,186.0
invoice_6a240e5b327247cb8c78f53f5f161ca8,job_6fe64c22eae94d949927b69dce606146,4265,Preventative Maintenance - Residential Preventative Maintenance,labor,1.0,92.0,92.0
invoice_c7ed8164c68449b183fb7fa2bd66ab35,job_a1c366438b3241adbd0f7a95616a60a5,4264,HCPA SERVICE CALL.,labor,1.0,101.0,101.0
invoice_c7ed8164c68449b183fb7fa2bd66ab35,job_a1c366438b3241adbd0f7a95616a60a5,4264,New System Installation - System Installation,labor,1.0,1584.0,1584.0
invoice_c7ed8164c68449b183fb7fa2bd66ab35,job_a1c366438b3241adbd0f7a95616a60a5,4264,1.5 Ton Mitsubishi Mini Split System,material,1.0,3395.0,3395.0
invoice_7bdcd1fe1a70473898924af2892323b0,job_5bf200b8e0cf4191a5fb942b4eacaa4b,4263,Visit #1,labor,1.0,188.0,188.0
invoice_86ca8d59b13c44a49b2f4105618fe698,job_af326c2f2a934233aec49efd40bda4e7,4262,Residential Preventative Maintenance,labor,1.0,91.0,91.0
invoice_f3e6ff4bc3f34aa0bb682f939b75dfc1,job_57fb9623fac94cdca22368d6368ce3b0,4261,Service & Repair Fee - After-Hours,labor,1.0,167.0,167.0
invoice_f3e6ff4bc3f34aa0bb682f939b75dfc1,job_57fb9623fac94cdca22368d6368ce3b0,4261,Service Calls - Repairs & Part Installation - **Tier 3 Repair - Clear Drain Line,labor,1.0,186.0,186.0
invoice_c15b074917564349b02367440f7e73d9,job_b21857e978b34c34924ca4b533a813b7,4260,New System Installation - System Installation,labor,1.0,1584.0,1584.0
invoice_c15b074917564349b02367440f7e73d9,job_b21857e978b34c34924ca4b533a813b7,4260,Install Dampers and High Flow Vents,labor,1.0,258.0,258.0
invoice_c15b074917564349b02367440f7e73d9,job_b21857e978b34c34924ca4b533a813b7,4260,Mitsubishi Electric-1 Ton Mini-Split Indoor and Outdoor Unit,material,1.0,2850.0,2850.0
invoice_c15b074917564349b02367440f7e73d9,job_b21857e978b34c34924ca4b533a813b7,4260,"Damper, Collar, and High Flow Regiester Installation",material,1.0,147.0,147.0
invoice_be6f7020199c4d4497ca82da4feeefcb,job_e5aa76cf535346e9beb8e7acaa9a1ac8,4259,Service & Repair Fee - Standard,labor,1.0,102.0,102.0
invoice_be6f7020199c4d4497ca82da4feeefcb,job_e5aa76cf535346e9beb8e7acaa9a1ac8,4259,New System Installation - System Installation,labor,1.0,1928.0,1928.0
invoice_be6f7020199c4d4497ca82da4feeefcb,job_e5aa76cf535346e9beb8e7acaa9a1ac8,4259,Trane 15 SEER Gas Furnace - 2.5 Ton,material,1.0,6903.0,6903.0
invoice_d04b13d0799f417ea0a8936db22e57dd,job_bcd80a3d9d0b44cd8d409b9cd46f76e1,4258,System Installation,labor,1.0,1410.0,1410.0
invoice_d04b13d0799f417ea0a8936db22e57dd,job_bcd80a3d9d0b44cd8d409b9cd46f76e1,4258,STANDARD - CHOICE 15 - Trane 4 Ton 15.2 Seer2 (16 SEER) Heat Pump System,material,1.0,12166.0,12166.0
invoice_d04b13d0799f417ea0a8936db22e57dd,job_bcd80a3d9d0b44cd8d409b9cd46f76e1,4258,Drain package,material,1.0,274.75,274.75
invoice_d04b13d0799f417ea0a8936db22e57dd,job_bcd80a3d9d0b44cd8d409b9cd46f76e1,4258,Reme Halo Zero,material,1.0,937.0,937.0
invoice_d04b13d0799f417ea0a8936db22e57dd,job_bcd80a3d9d0b44cd8d409b9cd46f76e1,4258,Blu QR UV Stick Horton,material,1.0,208.0,208.0
invoice_24c1987bcc8a4709a857ff2068a56811,job_414b24cb17044bd99fc14cd79b30a7a5,4257,Service Calls - Service & Repair Fee - Standard,labor,1.0,96.0,96.0
invoice_24c1987bcc8a4709a857ff2068a56811,job_414b24cb17044bd99fc14cd79b30a7a5,4257,Service Calls - Repairs & Part Installation - **Tier 3 Repair - Clear Drain Line,labor,1.0,186.0,186.0
invoice_218edf3695d045248004bc8da3382ff4,job_36dd341938bb404e9042adef801f8c13,4256,Service Calls - Repairs & Part Installation - **Tier 2 Repair - Re-Glue & Adjust Drain Line Fitting,labor,1.0,104.0,104.0
invoice_218edf3695d045248004bc8da3382ff4,job_36dd341938bb404e9042adef801f8c13,4256,Service Calls - Service & Repair Fee - After-Hours,labor,1.0,188.0,188.0
invoice_d964d13ba0784f34b2616e1003160c8b,job_4645181c38a1496fa091a77a2dac4f41,4255,Service Calls - Service & Repair Fee - Standard,labor,1.0,96.0,96.0
invoice_d964d13ba0784f34b2616e1003160c8b,job_4645181c38a1496fa091a77a2dac4f41,4255,Service Calls - Repairs & Part Installation - **Tier 3 Repair - Clear Drain Line,labor,1.0,186.0,186.0
invoice_edf54491bb724d39849db55fc7e41896,job_b82fb94363774059b3ba238ae03fe1f6,4254,Service & Repair Fee - Standard,labor,1.0,102.0,102.0
invoice_edf54491bb724d39849db55fc7e41896,job_b82fb94363774059b3ba238ae03fe1f6,4254,Service Calls - Repairs & Part Installation - **Tier 2 Repair - Replacement I-Flo Solution,labor,1.0,73.0,73.0
invoice_cabe11971bc64650a9f7f2e830389d91,job_1af6844b16e64a3eb2e4469303c6eeae,4253,Service Calls - Service & Repair Fee - Standard,labor,1.0,96.0,96.0
invoice_cabe11971bc64650a9f7f2e830389d91,job_1af6844b16e64a3eb2e4469303c6eeae,4253,Generic Parts / Service - R410a refrigerant,material,1.0,132.0,132.0
invoice_35df83318f934285a0335ccaec65cb0c,job_1d605c6e1c024552afff17f9a50b0033,4252,Visit #4,labor,1.0,98.0,98.0
invoice_38a66bdbdbfb4077adcd3ee9d0989f4d,job_2a0d722b84784413858fb1e680aee1c1,4251,Service Calls - Service & Repair Fee - Standard,labor,1.0,96.0,96.0
invoice_38a66bdbdbfb4077adcd3ee9d0989f4d,job_2a0d722b84784413858fb1e680aee1c1,4251,Preventative Maintenance - Residential Preventative Maintenance,labor,1.0,92.0,92.0
invoice_38a66bdbdbfb4077adcd3ee9d0989f4d,job_2a0d722b84784413858fb1e680aee1c1,4251,Service Calls - Repairs & Part Installation - **Tier 2 Repair - Replace fuse,labor,1.0,97.0,97.0
invoice_6a242c307ac44e66a6eb2b5e90e9ab11,job_67c0b6c681f7466fb8ca87a057ea8355,4250,Service Calls - Repairs & Part Installation - **Tier 2 Repair - Replace fuse,labor,1.0,97.0,97.0
invoice_6a242c307ac44e66a6eb2b5e90e9ab11,job_67c0b6c681f7466fb8ca87a057ea8355,4250,Service Calls - Service and Repair Call - Osprey Pointe,labor,1.0,258.0,258.0
invoice_a8ab3225b0074df2ad22ff63e85be96a,job_9124b7494aae4cbe9a5cbe9c18799be2,4249,Service & Repair Fee - Standard,labor,1.0,102.0,102.0
invoice_a8ab3225b0074df2ad22ff63e85be96a,job_9124b7494aae4cbe9a5cbe9c18799be2,4249,Service Calls - Repairs & Part Installation - Tier 3 Repair - Low Voltage Breaker Replacement,labor,1.0,184.0,184.0
invoice_3b6bba39f4cc482982cc001da9abc0c4,job_10aef5b0ee5d451c8ffc4ba94e723b94,4248,Service & Repair Fee - Standard,labor,1.0,102.0,102.0
invoice_3b6bba39f4cc482982cc001da9abc0c4,job_10aef5b0ee5d451c8ffc4ba94e723b94,4248,Service Calls - Repairs & Part Installation - **Tier 3 Repair - Clear Drain Line + Install Cut-Out,labor,1.0,211.0,211.0
invoice_b0f97923787e444592b72b16ec7f11d7,job_c8b12784780c4f398d2a699140a741a2,4247,Service Calls - Service & Repair Fee - After-Hours,labor,1.0,188.0,188.0
invoice_b0f97923787e444592b72b16ec7f11d7,job_c8b12784780c4f398d2a699140a741a2,4247,Service Calls - Repairs & Part Installation - **Tier 3 Repair - Clear Drain Line,labor,1.0,186.0,186.0
invoice_98446d4d89a74db9af331944c46a6b68,job_12b75ca184d9421a862eea81d40a6684,4246,Service Calls - Service and Repair Call - Osprey Pointe,labor,1.0,258.0,258.0
invoice_98446d4d89a74db9af331944c46a6b68,job_12b75ca184d9421a862eea81d40a6684,4246,Service Calls - Repairs & Part Installation - **Tier 3 Repair - Capacitor Replacement,labor,1.0,180.0,180.0
invoice_ca0c38f880454ca0b562da787027c5b2,job_c592039ed06643d9ae0c0cae0c5edc4c,4245,Service & Repair Fee - Standard,labor,1.0,102.0,102.0
invoice_ca0c38f880454ca0b562da787027c5b2,job_c592039ed06643d9ae0c0cae0c5edc4c,4245,Service Calls - Repairs & Part Installation - **Tier 3 Repair - Clear Drain Line,labor,1.0,186.0,186.0
invoice_5b8618d947284c98a7526eb6cb366907,job_1fdc96c8f91a448b880641185d971784,4244,Service & Repair Fee - Standard,labor,1.0,102.0,102.0
invoice_5b8618d947284c98a7526eb6cb366907,job_1fdc96c8f91a448b880641185d971784,4244,Generic Parts / Service - R410a refrigerant,material,1.0,132.0,132.0
invoice_06ea097eaf4040439c7fc77648840150,job_12e22385dcef4b058f16539cd0158787,4243,Service & Repair Fee - Standard,labor,1.0,102.0,102.0
invoice_06ea097eaf4040439c7fc77648840150,job_12e22385dcef4b058f16539cd0158787,4243,Service Calls - Repairs & Part Installation - **Tier 2 Repair - Circuit Breaker Reset,labor,1.0,98.0,98.0
invoice_ef42988efb9c47cd9bbc1147973e8f2c,job_1beb0d9e4f884ccfb1b5440172b5140f,4242,Service & Repair Fee - Standard,labor,1.0,102.0,102.0
invoice_ef42988efb9c47cd9bbc1147973e8f2c,job_1beb0d9e4f884ccfb1b5440172b5140f,4242,Service Calls - Repairs & Part Installation - **Tier 3 Repair - Reversed Supply Ducts & Patched Ductwork,labor,1.0,188.0,188.0
invoice_24e73c1f565540e39ae0d66ab4264a9e,job_5be61de6cfed4d62a1ff388ce696fbc3,4241,Service Calls - Service & Repair Fee - Standard,labor,1.0,96.0,96.0
invoice_24e73c1f565540e39ae0d66ab4264a9e,job_5be61de6cfed4d62a1ff388ce696fbc3,4241,Service Calls - Repairs & Part Installation - **Tier 2 Repair - Leak Detection Tidewater Hospitality (Bubbles / Electronic),labor,1.0,107.0,107.0
invoice_b85df32fe8fd4b6f801a77b98551caac,job_63c1fef424c742c8866d1253ffcebd7c,4240,Service Calls - Service and Repair Call - Osprey Pointe,labor,1.0,258.0,258.0
invoice_b85df32fe8fd4b6f801a77b98551caac,job_63c1fef424c742c8866d1253ffcebd7c,4240,Service Calls - Repairs & Part Installation - **Tier 3 Repair - Capacitor Replacement,labor,1.0,180.0,180.0
invoice_c566b7383c5b47f083385846540bbd2f,job_1df047e6dfce4ee49603108e199b41c5,4239,Service & Repair Fee - Standard,labor,1.0,102.0,102.0
invoice_c566b7383c5b47f083385846540bbd2f,job_1df047e6dfce4ee49603108e199b41c5,4239,Service Calls - Repairs & Part Installation - **Tier 2 Repair - Reprogrammed Thermostat,labor,1.0,107.0,107.0
invoice_15ec42e86eef4ccb9f35b43151d3e405,job_155c45612c544aeea37c7086d0a86883,4238,Service Calls - Service & Repair Fee - Standard,labor,1.0,96.0,96.0
invoice_15ec42e86eef4ccb9f35b43151d3e405,job_155c45612c544aeea37c7086d0a86883,4238,Service Calls - Repairs & Part Installation - **Tier 3 Repair - Capacitor Replacement,labor,1.0,180.0,180.0
invoice_83eedc84cf974fdc8c79c4337e0c4f79,job_98e832875f994128abeccb22ed6a604c,4237,Service Calls - Repairs & Part Installation - **Tier 3 Repair - Clear Drain Line,labor,1.0,186.0,186.0
invoice_83eedc84cf974fdc8c79c4337e0c4f79,job_98e832875f994128abeccb22ed6a604c,4237,Service Calls - Tidewater Hospitality Service & Repair Fee - After Hours,labor,1.0,92.0,92.0
invoice_03f1247cd6cb45b78e6d6ac8d3f83bda,job_98e832875f994128abeccb22ed6a604c,4236,Service & Repair Fee - After-Hours,labor,1.0,167.0,167.0
invoice_03f1247cd6cb45b78e6d6ac8d3f83bda,job_98e832875f994128abeccb22ed6a604c,4236,Service Calls - Repairs & Part Installation - **Tier 3 Repair - Clear Drain Line,labor,1.0,186.0,186.0
invoice_870ecbdacf00461a98b10b6ae64f4b32,job_f72b2747d57544628a754dbbd07ccf5e,4235,Service & Repair Fee - Standard,labor,1.0,102.0,102.0
invoice_870ecbdacf00461a98b10b6ae64f4b32,job_f72b2747d57544628a754dbbd07ccf5e,4235,Service Calls - Repairs & Part Installation - **Tier 3 Repair - Clear Drain Line,labor,1.0,186.0,186.0
invoice_10647409a1bf4377980ff43718f771d3,job_39f97532667a47f1bdc8a7433b086376,4234,Service & Repair Fee - After-Hours,labor,1.0,167.0,167.0
invoice_10647409a1bf4377980ff43718f771d3,job_39f97532667a47f1bdc8a7433b086376,4234,Service Calls - Repairs & Part Installation - **Tier 3 Repair - Reconfigure PVC,labor,1.0,164.0,164.0
invoice_c2fdb8ee85404b8f88379134b2a58c04,job_946c5220067642cf95498e007aae0df4,4233,Service Calls - Service & Repair Fee - Standard,labor,1.0,96.0,96.0
invoice_c2fdb8ee85404b8f88379134b2a58c04,job_946c5220067642cf95498e007aae0df4,4233,Service Calls - Repairs & Part Installation - **Tier 3 Repair - Clear Drain Line,labor,1.0,186.0,186.0
invoice_8a943177de504b648726d23b4844dd99,job_bcd80a3d9d0b44cd8d409b9cd46f76e1,4232,System Installation,labor,1.0,1410.0,1410.0
invoice_8a943177de504b648726d23b4844dd99,job_bcd80a3d9d0b44cd8d409b9cd46f76e1,4232,STANDARD - CHOICE 15 - Trane 4 Ton 15.2 Seer2 (16 SEER) Heat Pump System,material,1.0,12166.0,12166.0
invoice_8a943177de504b648726d23b4844dd99,job_bcd80a3d9d0b44cd8d409b9cd46f76e1,4232,Drain package,material,1.0,274.75,274.75
invoice_8a943177de504b648726d23b4844dd99,job_bcd80a3d9d0b44cd8d409b9cd46f76e1,4232,Reme Halo Zero,material,1.0,937.0,937.0
invoice_8a943177de504b648726d23b4844dd99,job_bcd80a3d9d0b44cd8d409b9cd46f76e1,4232,Blu QR UV Stick Horton,material,1.0,208.0,208.0
invoice_8105f6b27ae14673927fd5567677a6ed,job_693170fc9d60467f93c85135d4ecdea4,4231,Service Calls - Service & Repair Fee - After-Hours,labor,1.0,188.0,188.0
invoice_11d76f2342644dc196de3e1c7128714b,job_aac7cbbc84974c31849bff6c8c392e6d,4230,Preventative Maintenance - Residential Preventative Maintenance,labor,2.0,92.0,184.0
invoice_437c15a5184444019bb409b4e9341780,job_5aae604f3e354721b4ea4138cf015a87,4229,Preventative Maintenance - Residential Preventative Maintenance,labor,2.0,92.0,184.0
invoice_4034610514db4fd4a2ee21196f106580,job_905f8e11adce47838a2d7e6326200d97,4228,Preventative Maintenance - Residential Preventative Maintenance,labor,1.0,92.0,92.0
invoice_2d177f0ca77549e1b21f456ea250ddc0,job_ce793e35922849febaff23855e379140,4227,Preventative Maintenance - Residential Preventative Maintenance,labor,1.0,92.0,92.0
invoice_c7aa5628679e42bdbe9ef7ff0bbd24ce,job_584c3e556b2846fc9203c2bb28a44606,4226,Preventative Maintenance - Residential Preventative Maintenance,labor,1.0,92.0,92.0
invoice_c7aa5628679e42bdbe9ef7ff0bbd24ce,job_584c3e556b2846fc9203c2bb28a44606,4226,Service Calls - Repairs & Part Installation - **Tier 3 Repair - Capacitor Replacement,labor,1.0,180.0,180.0
invoice_a1219cb817cd46839643a9aad23df22f,job_bea4243073094c0dafe2db07d2355079,4225,Visit #1,labor,1.0,88.0,88.0
invoice_8316ff7de2574349a064c10097a91557,job_8ba2ee2258124ceb9d77500c872379f8,4224,Visit #1,labor,1.0,88.0,88.0
invoice_11c0ed794ec6440ea6080c4ac3f8e632,job_a8d807d34eac45dfa64e545b1abb7123,4223,Service Calls - Repairs & Part Installation - **Tier 3 Repair - Install & Program Thermostat,labor,1.0,158.0,158.0
invoice_2123679914c247d6a03c1d10aff8a681,job_8a63f97cd3d048d58c268137979a069e,4222,Service Calls - Service & Repair Fee - After-Hours,labor,1.0,188.0,188.0
invoice_2123679914c247d6a03c1d10aff8a681,job_8a63f97cd3d048d58c268137979a069e,4222,Service Calls - Repairs & Part Installation - **Tier 3 Repair - Capacitor Replacement,labor,1.0,180.0,180.0
invoice_65e3ce3252e44c9b8a888a24b30d590f,job_30cd6b5fd6d94b5fbead5cc489c8694a,4221,Preventative Maintenance - Residential Preventative Maintenance,labor,1.0,92.0,92.0
invoice_f4f0256416bb41b9b3f7da573b51390d,job_5c3398d22834473d9be90841f4a50de3,4220,Visit #4,labor,1.0,0.0,0.0
invoice_1e6f1ad65fcf4b498adf8556e455f92e,job_7421a4d070d64b94bfd04eb38d6b1d45,4219,Preventative Maintenance - Residential Preventative Maintenance,labor,2.0,92.0,184.0
invoice_ba024b84072445619181504aab3496e2,job_257c352a3fcf4299bc2f23e9fd43d3e0,4218,Service Calls - Service & Repair Fee - Standard,labor,1.0,96.0,96.0
invoice_ba024b84072445619181504aab3496e2,job_257c352a3fcf4299bc2f23e9fd43d3e0,4218,Service Calls - Repairs & Part Installation - **Tier 3 Repair - Clear Drain Line,labor,1.0,186.0,186.0
invoice_499f49d57b2541b6b864114a0a8c028d,job_9f45bf31538f481cbb6ada1bbf436fa0,4217,Service Calls -Service & Repair Fee - Standard,labor,1.0,77.0,77.0
invoice_499f49d57b2541b6b864114a0a8c028d,job_9f45bf31538f481cbb6ada1bbf436fa0,4217,Service Calls - Repairs & Part Installation - **Tier 2 Repair - Leak Detection Tidewater Hospitality (Bubbles / Electronic),labor,1.0,107.0,107.0
invoice_14d74a9a7a8f4b849ba5a81f71fae798,job_fb33a5a64c584e568fa2db44ec454c21,4216,Service Calls - Service & Repair Fee - Standard,labor,1.0,96.0,96.0
invoice_14d74a9a7a8f4b849ba5a81f71fae798,job_fb33a5a64c584e568fa2db44ec454c21,4216,Generic Parts / Service - R410a refrigerant,material,4.0,132.0,528.0
invoice_de0b5429b9d84330acacb3cd358a5168,job_9ff77706774f4d339d988c0886b5c935,4215,Service & Repair Fee - Standard,labor,1.0,102.0,102.0
invoice_de0b5429b9d84330acacb3cd358a5168,job_9ff77706774f4d339d988c0886b5c935,4215,Service Calls - Repairs & Part Installation - **Tier 3 Repair - Clear Drain Line,labor,1.0,186.0,186.0
invoice_b0c0a381608c43e8a9877284fcdb345e,job_a682015694e14a92b6dccf86aec6bef4,4214,Service and Repair Call - Osprey Pointe,labor,1.0,269.0,269.0
invoice_b0c0a381608c43e8a9877284fcdb345e,job_a682015694e14a92b6dccf86aec6bef4,4214,Service Calls - Repairs & Part Installation - **Tier 3 Repair - Clear Drain Line,labor,1.0,186.0,186.0
invoice_d0199095433e48b1bdf76dd604ea1c61,job_c05578c1810846dfb2f4032b34ef3fb1,4213,Service and Repair Call - Osprey Pointe,labor,1.0,269.0,269.0
invoice_d0199095433e48b1bdf76dd604ea1c61,job_c05578c1810846dfb2f4032b34ef3fb1,4213,Service Calls - Repairs & Part Installation - **Tier 3 Repair - Clear Drain Line,labor,1.0,186.0,186.0
invoice_e401664bf8bf40948bcea8a1f700e362,job_6ed7b9faa9fc4501a994841dbdc9a391,4212,Service & Repair Fee - Standard,labor,1.0,102.0,102.0
invoice_e401664bf8bf40948bcea8a1f700e362,job_6ed7b9faa9fc4501a994841dbdc9a391,4212,Service Calls - Repairs & Part Installation - **Tier 3 Repair - Clear Drain Line,labor,1.0,186.0,186.0
invoice_87a43a2ca7fd4ccbadea23717c9fab8c,job_91348403872e40ca9ff04deb0d7b71af,4211,Service & Repair Fee - Standard,labor,1.0,102.0,102.0
invoice_87a43a2ca7fd4ccbadea23717c9fab8c,job_91348403872e40ca9ff04deb0d7b71af,4211,Service Calls - Repairs & Part Installation - **Tier 3 Repair - Capacitor Replacement,labor,1.0,180.0,180.0
invoice_4a1b6591e860459ba71a1763b0b45920,job_639f305de036422bbe8fe03dc1d854c2,4210,Service Calls - Service & Repair Fee - Standard,labor,1.0,96.0,96.0
invoice_4a1b6591e860459ba71a1763b0b45920,job_639f305de036422bbe8fe03dc1d854c2,4210,New System Installation - System Installation,labor,1.0,1584.0,1584.0
invoice_4a1b6591e860459ba71a1763b0b45920,job_639f305de036422bbe8fe03dc1d854c2,4210,3.5 Ton - STANDARD Carrier Coastal (15 SEER) Heat Pump System,material,1.0,11330.0,11330.0
invoice_4a1b6591e860459ba71a1763b0b45920,job_639f305de036422bbe8fe03dc1d854c2,4210,Add Ons - Metal Air Handler Stand,material,1.0,119.0,119.0
invoice_4a1b6591e860459ba71a1763b0b45920,job_639f305de036422bbe8fe03dc1d854c2,4210,Add Ons - Drain package,material,1.0,277.75,277.75
invoice_e8c824903a60414dbedfcdfb82b10534,job_44ba745da7d9427a82904300c10b2b31,4209,Service & Repair Fee - Standard,labor,1.0,102.0,102.0
invoice_e8c824903a60414dbedfcdfb82b10534,job_44ba745da7d9427a82904300c10b2b31,4209,Service Calls - Repairs & Part Installation - **Tier 3 Repair - Contactor Replacement,labor,1.0,179.0,179.0
invoice_e8c824903a60414dbedfcdfb82b10534,job_44ba745da7d9427a82904300c10b2b31,4209,Service Calls - Repairs & Part Installation - Rescue Motor,material,1.0,676.0,676.0
invoice_bb2af9bfec4647f3b9af67b501188fb1,job_044233ad1c914394a534ea2181fdbe81,4208,Service Calls - Service and Repair Call - Osprey Pointe,labor,1.0,258.0,258.0
invoice_bb2af9bfec4647f3b9af67b501188fb1,job_044233ad1c914394a534ea2181fdbe81,4208,Service Calls - Repairs & Part Installation - **Tier 3 Repair - Clear Drain Line,labor,1.0,186.0,186.0
invoice_9aa4fe39f00d4706b179fd500d810766,job_28e238332e9045fea08e8ee334f03743,4207,Service Calls - Service and Repair Call - Osprey Pointe,labor,1.0,258.0,258.0
invoice_5655eae108684d80a3ce1e3727d39254,job_56c046ad4ffd4417a135e4d3b622fc15,4206,Service Calls - Service and Repair Call - Osprey Pointe,labor,1.0,258.0,258.0
invoice_fd1aa5e26b6b4ac6addbb395b4e3ce14,job_201a26bb8c5043d8a1f4d77eea9523ff,4205,Service Calls - Service & Repair Fee - Standard,labor,1.0,96.0,96.0
invoice_fd1aa5e26b6b4ac6addbb395b4e3ce14,job_201a26bb8c5043d8a1f4d77eea9523ff,4205,Service Calls - Repairs & Part Installation - Service,labor,1.0,498.25,498.25
invoice_fd1aa5e26b6b4ac6addbb395b4e3ce14,job_201a26bb8c5043d8a1f4d77eea9523ff,4205,Service Calls - Repairs & Part Installation - Service,labor,1.0,346.0,346.0
invoice_fd1aa5e26b6b4ac6addbb395b4e3ce14,job_201a26bb8c5043d8a1f4d77eea9523ff,4205,WARRANTY Parts / Service - WARRANTY - Indoor Blower Motor,material,1.0,172.0,172.0
invoice_fd1aa5e26b6b4ac6addbb395b4e3ce14,job_201a26bb8c5043d8a1f4d77eea9523ff,4205,Unit Specific Parts - Blower Wheel,material,1.0,290.0,290.0
invoice_7e504594af93418094224155f8dd04ff,job_050d0a69db754c6db9ad2816cd9ba6c9,4204,Service & Repair Fee - After-Hours,labor,1.0,167.0,167.0
invoice_7e504594af93418094224155f8dd04ff,job_050d0a69db754c6db9ad2816cd9ba6c9,4204,Service Calls - Repairs & Part Installation - **Tier 2 Repair - Leak Detection Tidewater Hospitality (Bubbles / Electronic),labor,1.0,107.0,107.0
invoice_fa6fc6c5c0fe4f11aa1459f0f0a77ef1,job_96c2a0520d734ddca2829d3d8ca9f15f,4203,Visit #1,labor,1.0,88.0,88.0
invoice_869e3b4543684f11a8fb5020fffdbbce,job_fcd8a3259fb34de28dc0554e0e4d610e,4202,Service & Repair Fee - Standard,labor,1.0,102.0,102.0
invoice_fa815efa464749aeab38846460b2aa6f,job_bf016af78a6f40bab9dacb660d41686c,4201,Service Calls - Service & Repair Fee - Standard,labor,1.0,96.0,96.0
invoice_c7479a1326df474391ca2a55c2955e14,job_24fbb58f34a1441aa42d348bd6b87710,4200,Service Calls - Service & Repair Fee - Standard,labor,1.0,96.0,96.0
invoice_c7479a1326df474391ca2a55c2955e14,job_24fbb58f34a1441aa42d348bd6b87710,4200,Service Calls - Repairs & Part Installation - **Tier 3 Repair - Clear Drain Line,labor,1.0,186.0,186.0
invoice_25cfb60be0504684bc012cdc3958271c,job_4593a72680ab46cd98b38a9809cedbb5,4199,Residential Preventative Maintenance,labor,2.0,91.0,182.0
invoice_a895ee7ee82548e0b6cf0925e2f13bd4,job_b82e69e5a3794ec08260aee41a66d322,4198,Residential Preventative Maintenance,labor,3.0,91.0,273.0
invoice_d9254c68846c4a85be2e76300fbb33f8,job_3de14bd8709b4af48ef2e389e5c060f0,4197,Visit #1,labor,1.0,239.0,239.0
invoice_b9a63ebd8b6f4a2b98ab2864e947e6f0,job_65605cf63b574daeb59c66d2db7aec2b,4196,Visit #1,labor,1.0,239.0,239.0
invoice_ceac9129e3f6470f9d892ff1c90f3edc,job_41a323b0aa78423aa30b69c5eeb4b48e,4195,Service & Repair Fee - Standard,labor,1.0,102.0,102.0
invoice_ceac9129e3f6470f9d892ff1c90f3edc,job_41a323b0aa78423aa30b69c5eeb4b48e,4195,Service Calls - Repairs & Part Installation - **Tier 3 Repair - Clear Drain Line,labor,1.0,186.0,186.0
invoice_7f7996ccd00a45558f617badeed14fa8,job_d92a2974bbe94711a1eaa72e3a40c454,4194,Service Calls - Service & Repair Fee - After-Hours,labor,1.0,188.0,188.0
invoice_7f7996ccd00a45558f617badeed14fa8,job_d92a2974bbe94711a1eaa72e3a40c454,4194,Service Calls - Repairs & Part Installation - **Tier 3 Repair - Capacitor Replacement,labor,1.0,180.0,180.0
invoice_d1d502cbb22e40eb9aeb19ad66c6d81a,job_6f1358b578314e058d843657ba1cb8b7,4193,Service & Repair Fee - Standard,labor,1.0,102.0,102.0
invoice_d1d502cbb22e40eb9aeb19ad66c6d81a,job_6f1358b578314e058d843657ba1cb8b7,4193,Service Calls - Repairs & Part Installation - **Tier 3 Repair - Clear Drain Line,labor,1.0,186.0,186.0
invoice_d1d502cbb22e40eb9aeb19ad66c6d81a,job_6f1358b578314e058d843657ba1cb8b7,4193,Service Calls - Repairs & Part Installation - **Tier 1 Repair - Vacuum drain pan,labor,1.0,48.0,48.0
invoice_29407cc932ca4f3cab767cff5a8f3346,job_f549e64265ee46229e09162f4bc5f280,4192,Visit #4,labor,1.0,0.0,0.0
invoice_a86ead807ed8430184939edab4a7faa3,job_438cd6e3a65f401eb38f52a8cf287f68,4191,Service Calls - Repairs & Part Installation - Service,labor,1.0,610.75,610.75
invoice_a86ead807ed8430184939edab4a7faa3,job_438cd6e3a65f401eb38f52a8cf287f68,4191,Unit Specific Parts - Inverter Board and Indoor Board,material,1.0,1096.0,1096.0
invoice_fd0f5c7416294d7daba113658ba6dc1f,job_c05aa5a66728451e9f14529e70184b86,4190,MISC Labor - Uninstall & Re-Install Mini Split,labor,1.0,922.0,922.0
invoice_fd0f5c7416294d7daba113658ba6dc1f,job_c05aa5a66728451e9f14529e70184b86,4190,Generic Parts / Service - R410a refrigerant,material,2.0,132.0,264.0
invoice_e85f6e145e5040e5a9de327904be5bd7,job_65e1843459964b8cb2e3e9fad7c32aae,4189,System Installation,labor,2.0,1410.0,2820.0
invoice_e85f6e145e5040e5a9de327904be5bd7,job_65e1843459964b8cb2e3e9fad7c32aae,4189,SPLIT INVOICE WITH Tidewater Hospitality - Electrical Conversion,labor,1.0,884.25,884.25
invoice_e85f6e145e5040e5a9de327904be5bd7,job_65e1843459964b8cb2e3e9fad7c32aae,4189,SPLIT INVOICE WITH Tidewater Hospitality - Drywall Repair,labor,1.0,301.5,301.5
invoice_e85f6e145e5040e5a9de327904be5bd7,job_65e1843459964b8cb2e3e9fad7c32aae,4189,Trane Coastal Heat Pump - 5 Ton Condenser - 18 SEER,material,1.0,11005.5,11005.5
invoice_e85f6e145e5040e5a9de327904be5bd7,job_65e1843459964b8cb2e3e9fad7c32aae,4189,5 Ton Residential Fan Coil Multipoise with InteliSense Technology,material,1.0,4948.5,4948.5
invoice_e85f6e145e5040e5a9de327904be5bd7,job_65e1843459964b8cb2e3e9fad7c32aae,4189,10 KW Heat Kit,material,1.0,341.75,341.75
invoice_e85f6e145e5040e5a9de327904be5bd7,job_65e1843459964b8cb2e3e9fad7c32aae,4189,Generic Parts / Service - Ecobee 6 Thermostat,material,2.0,499.25,998.5
invoice_e85f6e145e5040e5a9de327904be5bd7,job_65e1843459964b8cb2e3e9fad7c32aae,4189,Trane Coastal Heat Pump - 4 Ton Condenser - 18 SEER,material,1.0,11047.75,11047.75
invoice_e85f6e145e5040e5a9de327904be5bd7,job_65e1843459964b8cb2e3e9fad7c32aae,4189,4 Ton Residential Fan Coil Multipoise with InteliSense Technology,material,1.0,4186.75,4186.75
invoice_e85f6e145e5040e5a9de327904be5bd7,job_65e1843459964b8cb2e3e9fad7c32aae,4189,8kW Electric Heater Kit (208/240-1),material,1.0,261.25,261.25
invoice_e85f6e145e5040e5a9de327904be5bd7,job_65e1843459964b8cb2e3e9fad7c32aae,4189,Reme Halo Zero,material,2.0,937.0,1874.0
invoice_e85f6e145e5040e5a9de327904be5bd7,job_65e1843459964b8cb2e3e9fad7c32aae,4189,Blu QR UV Stick Horton,material,2.0,208.0,416.0
invoice_e85f6e145e5040e5a9de327904be5bd7,job_65e1843459964b8cb2e3e9fad7c32aae,4189,I-Flow Drain management system,material,2.0,282.0,564.0
invoice_9d1024e8db2244098409871e0fae2627,job_2c5581059b9843e0aa296202ebdb5c52,4188,Service & Repair Fee - Standard,labor,1.0,102.0,102.0
invoice_9d1024e8db2244098409871e0fae2627,job_2c5581059b9843e0aa296202ebdb5c52,4188,Service Calls - Repairs & Part Installation - **Tier 2 Repair - Leak Detection Tidewater Hospitality (Bubbles / Electronic),labor,1.0,107.0,107.0
invoice_9d1024e8db2244098409871e0fae2627,job_2c5581059b9843e0aa296202ebdb5c52,4188,Service Calls - Repairs & Part Installation - Service,labor,1.0,242.0,242.0
invoice_9d1024e8db2244098409871e0fae2627,job_2c5581059b9843e0aa296202ebdb5c52,4188,Generic Parts / Service - R410a refrigerant,material,1.5,113.0,169.5
invoice_02c36b892b7f4f04b66e04282227fc55,job_8e46dc25118145dd8713bf6b456149f0,4187,Service & Repair Fee - Standard,labor,1.0,102.0,102.0
invoice_02c36b892b7f4f04b66e04282227fc55,job_8e46dc25118145dd8713bf6b456149f0,4187,Service Calls - Repairs & Part Installation - **Tier 3 Repair - Capacitor Replacement,labor,1.0,180.0,180.0
invoice_02c36b892b7f4f04b66e04282227fc55,job_8e46dc25118145dd8713bf6b456149f0,4187,Service Calls - Service & Repair Fee - After-Hours,labor,1.0,188.0,188.0
invoice_d90617e1e5c84743923116aed796a350,job_92f46f18fc4f4f4ba3c889f5b09551ac,4186,MISC Labor - Replace/ Extend Metal Duct,labor,1.0,583.0,583.0
invoice_83c17435c7eb45cdb515e890fde9b827,job_24687c48839e4407b19a6bf4bae247a2,4185,Visit #17,labor,1.0,107.0,107.0
invoice_23f199e12e3a4659b545c574d8fb6725,job_3274369ed74b4ca1a5a6a7b7fadda478,4184,Service Calls - Service & Repair Fee - Standard,labor,1.0,96.0,96.0
invoice_23f199e12e3a4659b545c574d8fb6725,job_3274369ed74b4ca1a5a6a7b7fadda478,4184,Service Calls - Repairs & Part Installation - **Tier 3 Repair - Clear Drain Line,labor,1.0,186.0,186.0
invoice_e9d5830bd8364bd0908667bb8f23ec9f,job_c89fedc9c636468faeebfb839e77efa1,4183,Service & Repair Fee - Standard,labor,1.0,102.0,102.0
invoice_cfc9f0867cb64cb0bf50c532ab3c5a20,job_814cd19d10b543abb92f83a49542fd13,4182,Service & Repair Fee - Standard,labor,1.0,102.0,102.0
invoice_cfc9f0867cb64cb0bf50c532ab3c5a20,job_814cd19d10b543abb92f83a49542fd13,4182,Service Calls - Repairs & Part Installation - **Tier 3 Repair - Clear Drain Line,labor,1.0,186.0,186.0
invoice_9d007d0188f84ed3ab64d6e188c7176f,job_2c5581059b9843e0aa296202ebdb5c52,4181,Service & Repair Fee - Standard,labor,1.0,102.0,102.0
invoice_9d007d0188f84ed3ab64d6e188c7176f,job_2c5581059b9843e0aa296202ebdb5c52,4181,Service Calls - Repairs & Part Installation - **Tier 2 Repair - Leak Detection Tidewater Hospitality (Bubbles / Electronic),labor,1.0,107.0,107.0
invoice_9d007d0188f84ed3ab64d6e188c7176f,job_2c5581059b9843e0aa296202ebdb5c52,4181,Service Calls - Repairs & Part Installation - Service,labor,1.0,242.0,242.0
invoice_9d007d0188f84ed3ab64d6e188c7176f,job_2c5581059b9843e0aa296202ebdb5c52,4181,Generic Parts / Service - R410a refrigerant,material,1.5,132.0,198.0
invoice_58830e382ddb42b0b6c3001f0c4a538b,job_98045153c3d34387940c506a36d50505,4180,Service Calls - Service & Repair Fee - Standard,labor,1.0,96.0,96.0
invoice_79441dcd134142369cf1c0bf4737d0f2,job_cc8f3404657e43c89d146eb2a4ddc7e0,4179,Service Calls - Service & Repair Fee - After-Hours,labor,1.0,188.0,188.0
invoice_79441dcd134142369cf1c0bf4737d0f2,job_cc8f3404657e43c89d146eb2a4ddc7e0,4179,Service Calls - Repairs & Part Installation - **Tier 3 Repair - Clear Drain Line,labor,1.0,186.0,186.0
invoice_c9ef5beed3754a8ca8a2f19c9ffacbb1,job_765c153e67394e94afb823b9c574b730,4178,Service & Repair Fee - Standard,labor,1.0,102.0,102.0
invoice_b6647e588cf949c2b37341771d91844a,job_8aed74d228dd4ec293ab179e44a97c4b,4177,New System Installation - System Installation,labor,1.0,1584.0,1584.0
invoice_b6647e588cf949c2b37341771d91844a,job_8aed74d228dd4ec293ab179e44a97c4b,4177,New System Installation - System Installation,labor,1.0,1584.0,1584.0
invoice_b6647e588cf949c2b37341771d91844a,job_8aed74d228dd4ec293ab179e44a97c4b,4177,Mitsubishi 1.5T Mini Split,material,1.0,3266.0,3266.0
invoice_b6647e588cf949c2b37341771d91844a,job_8aed74d228dd4ec293ab179e44a97c4b,4177,AprilAire 100 Pint Dehumidifier,material,1.0,4062.0,4062.0
invoice_b6647e588cf949c2b37341771d91844a,job_8aed74d228dd4ec293ab179e44a97c4b,4177,Add Ons - Foam Blocks for Drain Pan,material,1.0,24.0,24.0
invoice_b884a0c1bca740138fa63128b04f1b61,job_214d5e9899344c00af7a9c2a0f1c60a1,4176,Visit #1,labor,1.0,88.0,88.0
invoice_eaa356fc7beb409ab7e4208ef7751b51,job_6165f014bb54421181c44c5062a6c74e,4175,Service Calls - Repairs & Part Installation - **Tier 3 Repair - Contactor Replacement,labor,1.0,179.0,179.0
invoice_eaa356fc7beb409ab7e4208ef7751b51,job_6165f014bb54421181c44c5062a6c74e,4175,Visit #1,labor,1.0,188.0,188.0
invoice_8f63e89dec27410fbec94a4219c73df3,job_d6bd73d981b5465fa67975b661c6ed3e,4174,Service & Repair Fee - After-Hours,labor,1.0,91.0,91.0
invoice_8f63e89dec27410fbec94a4219c73df3,job_d6bd73d981b5465fa67975b661c6ed3e,4174,Service Calls - Repairs & Part Installation - **Tier 3 Repair - Clear Drain Line,labor,3.0,186.0,558.0
invoice_213889f7a83b486688ee506075aaf9ae,job_fc6c05d1dae64393b67cbebbb86a985c,4173,Service Calls - Service & Repair Fee - After-Hours,labor,1.0,188.0,188.0
invoice_213889f7a83b486688ee506075aaf9ae,job_fc6c05d1dae64393b67cbebbb86a985c,4173,Service Calls - Repairs & Part Installation - Rescue Motor,labor,1.0,718.0,718.0
invoice_35f2bac808d642f0a575f6197d06b357,job_217056027c5743139759a31d9aff57c6,4172,New Construction - New Construction,labor,120.0,34.0,4080.0
invoice_35f2bac808d642f0a575f6197d06b357,job_217056027c5743139759a31d9aff57c6,4172,Dual Wall Spiral Duct and Vent Boxes,material,1.0,22582.0,22582.0
invoice_35f2bac808d642f0a575f6197d06b357,job_217056027c5743139759a31d9aff57c6,4172,Greenheck SP-B110 Bathroom Fan,material,1.0,275.0,275.0
invoice_35f2bac808d642f0a575f6197d06b357,job_217056027c5743139759a31d9aff57c6,4172,Bathroom Ventilation,material,1.0,209.0,209.0
invoice_35f2bac808d642f0a575f6197d06b357,job_217056027c5743139759a31d9aff57c6,4172,Titus Grilles - S300FL,material,18.0,141.0,2538.0
invoice_35f2bac808d642f0a575f6197d06b357,job_217056027c5743139759a31d9aff57c6,4172,Titus Grille - OMNI 12X12,material,1.0,566.0,566.0
invoice_35f2bac808d642f0a575f6197d06b357,job_217056027c5743139759a31d9aff57c6,4172,Titus Return - 25RL 28X28,material,2.0,375.0,750.0
invoice_35f2bac808d642f0a575f6197d06b357,job_217056027c5743139759a31d9aff57c6,4172,Move Thermostat,material,1.0,237.0,237.0
invoice_bb59b3882f764fd5942fa5247bf563a1,job_affef8e94a61443b8c90248a1d7f3bb2,4171,Service Calls - Service & Repair Fee - Standard,labor,1.0,96.0,96.0
invoice_bb59b3882f764fd5942fa5247bf563a1,job_affef8e94a61443b8c90248a1d7f3bb2,4171,Service Calls - Service & Repair Fee - After-Hours,labor,1.0,188.0,188.0
invoice_bb59b3882f764fd5942fa5247bf563a1,job_affef8e94a61443b8c90248a1d7f3bb2,4171,Service Calls - Repairs & Part Installation - **Tier 3 Repair - Contactor Replacement,labor,1.0,179.0,179.0
invoice_bb59b3882f764fd5942fa5247bf563a1,job_affef8e94a61443b8c90248a1d7f3bb2,4171,Service Calls - Repairs & Part Installation - **Tier 2 Repair - Leak Detection Tidewater Hospitality (Bubbles / Electronic),labor,1.0,107.0,107.0
invoice_bb59b3882f764fd5942fa5247bf563a1,job_affef8e94a61443b8c90248a1d7f3bb2,4171,Generic Parts / Service - R410a refrigerant,material,4.0,132.0,528.0
invoice_d95138fe210d489ea4d443ad1354592e,job_0818dcddd8974835bbe670d9c94031da,4170,System Installation,labor,1.0,1410.0,1410.0
invoice_d95138fe210d489ea4d443ad1354592e,job_0818dcddd8974835bbe670d9c94031da,4170,STANDARD - CHOICE 15 - Trane 3 Ton 15.2 Seer2 (16 SEER) Heat Pump System,material,1.0,11192.0,11192.0
invoice_d95138fe210d489ea4d443ad1354592e,job_0818dcddd8974835bbe670d9c94031da,4170,Metal Air Handler Stand,material,1.0,122.0,122.0
invoice_d95138fe210d489ea4d443ad1354592e,job_0818dcddd8974835bbe670d9c94031da,4170,Add Ons - Drain package,material,1.0,277.75,277.75
invoice_c6530f23cea543708348be984ff8d60d,job_e5aa76cf535346e9beb8e7acaa9a1ac8,4169,Service & Repair Fee - Standard,labor,1.0,102.0,102.0
invoice_c6530f23cea543708348be984ff8d60d,job_e5aa76cf535346e9beb8e7acaa9a1ac8,4169,New System Installation - System Installation,labor,1.0,1928.0,1928.0
invoice_c6530f23cea543708348be984ff8d60d,job_e5aa76cf535346e9beb8e7acaa9a1ac8,4169,Trane 15 SEER Gas Furnace - 2.5 Ton,material,1.0,6903.0,6903.0
invoice_8ae0b0c958b548a0a05270113dec34c4,job_c6f726a910be4e83a118231c70b95b2d,4168,Service & Repair Fee - Standard,labor,1.0,102.0,102.0
invoice_8ae0b0c958b548a0a05270113dec34c4,job_c6f726a910be4e83a118231c70b95b2d,4168,Service Calls - Repairs & Part Installation - **Tier 1 Repair - Vacuum drain pan,labor,1.0,48.0,48.0
invoice_8ae0b0c958b548a0a05270113dec34c4,job_c6f726a910be4e83a118231c70b95b2d,4168,Service Calls - Repairs & Part Installation - **Tier 3 Repair - Clear Drain Line,labor,1.0,186.0,186.0
invoice_8ae0b0c958b548a0a05270113dec34c4,job_c6f726a910be4e83a118231c70b95b2d,4168,Service Calls - Repairs & Part Installation - **Tier 2 Repair - Leak Detection Tidewater Hospitality (Bubbles / Electronic),labor,1.0,107.0,107.0
invoice_8ae0b0c958b548a0a05270113dec34c4,job_c6f726a910be4e83a118231c70b95b2d,4168,Service Calls - Repairs & Part Installation - **Tier 3 Repair - Reconfigure PVC,labor,1.0,164.0,164.0
invoice_8ae0b0c958b548a0a05270113dec34c4,job_c6f726a910be4e83a118231c70b95b2d,4168,Generic Parts / Service - R410a refrigerant,material,2.0,132.0,264.0
invoice_4f5f094979b94ce5baa36702ef5df8ff,job_d0442f05998947a7a0a6297d55cf4406,4167,Service & Repair Fee - After-Hours,labor,1.0,167.0,167.0
invoice_4f5f094979b94ce5baa36702ef5df8ff,job_d0442f05998947a7a0a6297d55cf4406,4167,**Tier 3 Repair - Clear Drain Line,labor,1.0,185.0,185.0
invoice_137bb25a692f4f16b321c5b474a37f86,job_3b637ee1e5674a3897f1f79bdc1e5eaa,4166,Service Calls - Service & Repair Fee - Commercial,labor,1.0,168.0,168.0
invoice_137bb25a692f4f16b321c5b474a37f86,job_3b637ee1e5674a3897f1f79bdc1e5eaa,4166,Service Calls - Repairs & Part Installation - **Tier 3 Repair - Capacitor Replacement,labor,1.0,180.0,180.0
invoice_6d03aa1fcd4d4f38a3a217d807829438,job_3b637ee1e5674a3897f1f79bdc1e5eaa,4165,Service Calls - Service & Repair Fee - Commercial,labor,1.0,168.0,168.0
invoice_6d03aa1fcd4d4f38a3a217d807829438,job_3b637ee1e5674a3897f1f79bdc1e5eaa,4165,Service Calls - Repairs & Part Installation - **Tier 3 Repair - Capacitor Replacement,labor,1.0,180.0,180.0
invoice_613dc291cbb049179da65850af61c79b,job_1efb09569acf4f9a84d2d9b4fdbf5890,4164,Service Calls - Service & Repair Fee - After-Hours,labor,1.0,188.0,188.0
invoice_613dc291cbb049179da65850af61c79b,job_1efb09569acf4f9a84d2d9b4fdbf5890,4164,Service Calls - Repairs & Part Installation - **Tier 2 Repair - Circuit Breaker Reset,labor,1.0,98.0,98.0
invoice_c6e34e31924d4bc8b6be2afa38350685,job_36775381124f4ba98cb518cdf6e16f9b,4163,Preventative Maintenance - Preventative Maintenance,labor,1.0,89.75,89.75
invoice_c6e34e31924d4bc8b6be2afa38350685,job_36775381124f4ba98cb518cdf6e16f9b,4163,Service Calls - Repairs & Part Installation - **Tier 3 Repair - Capacitor Replacement,labor,2.0,180.0,360.0
invoice_2f68fbb1e7ca4ae286a1a6c09728ce18,job_a2c58f8ceae24981a172d8893f090516,4162,Service Calls - Service & Repair Fee - Standard,labor,1.0,96.0,96.0
invoice_2f68fbb1e7ca4ae286a1a6c09728ce18,job_a2c58f8ceae24981a172d8893f090516,4162,Generic Parts / Service - R410a refrigerant,material,2.0,132.0,264.0
invoice_c84242849b5e4589901190bd5cd422e2,job_765c153e67394e94afb823b9c574b730,4161,Service & Repair Fee - Standard,labor,1.0,102.0,102.0
invoice_c84242849b5e4589901190bd5cd422e2,job_765c153e67394e94afb823b9c574b730,4161,Service Calls - Repairs & Part Installation - **Tier 3 Repair - Rebalance System,labor,1.0,183.0,183.0
invoice_ba46ff7702c64537bd346d867abea1c5,job_8d38ad96588a455fbcdca65ce1be26a7,4160,Preventative Maintenance - Residential Preventative Maintenance,labor,3.0,92.0,276.0
invoice_ba46ff7702c64537bd346d867abea1c5,job_8d38ad96588a455fbcdca65ce1be26a7,4160,Service Calls - Repairs & Part Installation - **Tier 3 Repair - Capacitor Replacement,labor,1.0,180.0,180.0
invoice_bea670e3978f4ea9b307815f05ed695d,job_871641346b2b46aa801b48f25211576d,4159,Service & Repair Fee - After-Hours,labor,1.0,167.0,167.0
invoice_bea670e3978f4ea9b307815f05ed695d,job_871641346b2b46aa801b48f25211576d,4159,Service Calls - Repairs & Part Installation - **Tier 3 Repair - Clear Drain Line,labor,1.0,186.0,186.0
invoice_5cdf1b881ff34050a55edc287130be4c,job_acea673f9b1b47828088ff6649d5cfc9,4158,Service & Repair Fee - After-Hours,labor,1.0,167.0,167.0
invoice_5cdf1b881ff34050a55edc287130be4c,job_acea673f9b1b47828088ff6649d5cfc9,4158,**Tier 2 Repair - Circuit Breaker Reset,labor,1.0,103.0,103.0
invoice_b40310eb004244f498de4bb791ff8d27,job_c9df238108c9446f9d0d085bd5e03f87,4157,Service Calls - Repairs & Part Installation - **Tier 2 Repair - Moved Thermostat as Requested,labor,1.0,160.0,160.0
invoice_e4ac8538e3f3487c8ed3dcc847da5184,job_beca73e2601f49f89eb2a72335a19203,4156,Preventative Maintenance - Residential Preventative Maintenance,labor,1.0,92.0,92.0
invoice_7f7909882d624e7a91c34838b1b93e7f,job_e112f258d0e74e95addee950e50ff352,4155,Visit #4,labor,1.0,98.0,98.0
invoice_ef4c9789298543b189eb42083d54c4dd,job_e6d29a65cbc04060a37885a347fbb4e4,4154,Service & Repair Fee - Standard,labor,1.0,102.0,102.0
invoice_ef4c9789298543b189eb42083d54c4dd,job_e6d29a65cbc04060a37885a347fbb4e4,4154,System Installation,labor,1.0,1410.0,1410.0
invoice_ef4c9789298543b189eb42083d54c4dd,job_e6d29a65cbc04060a37885a347fbb4e4,4154,Liquid Line Set Repair,labor,1.0,429.0,429.0
invoice_ef4c9789298543b189eb42083d54c4dd,job_e6d29a65cbc04060a37885a347fbb4e4,4154,Service Calls - Repairs & Part Installation - **Tier 2 Repair - Leak Detection Tidewater Hospitality (Bubbles / Electronic),labor,1.0,107.0,107.0
invoice_ef4c9789298543b189eb42083d54c4dd,job_e6d29a65cbc04060a37885a347fbb4e4,4154,Carrier Coastal Heat Pump - 2.5 Ton Condenser - 15 SEER,material,1.0,5595.75,5595.75
invoice_ef4c9789298543b189eb42083d54c4dd,job_e6d29a65cbc04060a37885a347fbb4e4,4154,Electric Heater - 8kW 240 Volt-Single Phase with Terminal Block,material,1.0,258.5,258.5
invoice_ef4c9789298543b189eb42083d54c4dd,job_e6d29a65cbc04060a37885a347fbb4e4,4154,Add Ons - Concrete Pad,material,1.0,256.0,256.0
invoice_ef4c9789298543b189eb42083d54c4dd,job_e6d29a65cbc04060a37885a347fbb4e4,4154,2.5 Ton - Comfort Multi-family High-Efficiency Fan Coil - Front Return - 2.5 Ton,material,1.0,1970.25,1970.25
invoice_004f3b1c54ff4596a1aae2333e3e022b,job_b013683eb4fc4590a2a99f36f76febf7,4153,Visit #4,labor,1.0,98.0,98.0
invoice_d10dd4c778dc4f3db97f34751dc33c04,job_97955a9cae0b4bcbb12e940353eca287,4152,Preventative Maintenance - Residential Preventative Maintenance,labor,1.0,92.0,92.0
invoice_2b96215a54f34713b10df0d5991cdae1,job_cd0047186225418d9bbc326604557a42,4151,Preventative Maintenance - Residential Preventative Maintenance,labor,1.0,92.0,92.0
invoice_62c83bb2bd9a4c2aa62ece46e11aa3dc,job_452630e07ff84b84a5011cbb6d775773,4150,Preventative Maintenance - Residential Preventative Maintenance,labor,1.0,179.0,179.0
invoice_2e1d598938fa48748b99728d8e5213e5,job_2c55e1438127494eb78845f548dd2c12,4149,Service Calls - Tidewater Hospitality Service & Repair Fee - Standard,labor,1.0,58.0,58.0
invoice_2e1d598938fa48748b99728d8e5213e5,job_2c55e1438127494eb78845f548dd2c12,4149,Service Calls - Repairs & Part Installation - **Tier 3 Repair - Clear Drain Line,labor,1.0,186.0,186.0
invoice_8184761d36054e798ef0f4f11e28801f,job_70bb81b7003b472b972a9727ab58ce00,4148,Visit #4,labor,1.0,98.0,98.0
invoice_a21598dfb5e0450c8f18d402c364edb2,job_bdaf03b3408341bdac083ca5fea9c542,4147,Service & Repair Fee - Standard,labor,1.0,102.0,102.0
invoice_a21598dfb5e0450c8f18d402c364edb2,job_bdaf03b3408341bdac083ca5fea9c542,4147,Service Calls - Repairs & Part Installation - **Tier 3 Repair - Clear Drain Line,labor,1.0,186.0,186.0
invoice_79905c3bca674d35a8e119ee7c8bebdb,job_26f8775c514242a8a783356e3dfba46c,4146,Service & Repair Fee - Standard,labor,1.0,102.0,102.0
invoice_79905c3bca674d35a8e119ee7c8bebdb,job_26f8775c514242a8a783356e3dfba46c,4146,Service Calls - Repairs & Part Installation - **Tier 3 Repair - Capacitor Replacement,labor,1.0,180.0,180.0
invoice_5448a8faaf454f18ae6d5b1e612f6756,job_d61a0d8b68e94894908f6d504e4f5328,4145,Service Calls - Service & Repair Fee - Standard,labor,1.0,96.0,96.0
invoice_5448a8faaf454f18ae6d5b1e612f6756,job_d61a0d8b68e94894908f6d504e4f5328,4145,Service Calls - Repairs & Part Installation - **Tier 3 Repair - Clear Drain Line,labor,1.0,186.0,186.0
invoice_5197c9cef48645cfb6668048050cd80b,job_01f4797ed3954b4b8341d6916cc547d3,4144,Service Calls - Tidewater Hospitality Service & Repair Fee - Standard,labor,1.0,58.0,58.0
invoice_5197c9cef48645cfb6668048050cd80b,job_01f4797ed3954b4b8341d6916cc547d3,4144,Service Calls - Repairs & Part Installation - **Tier 3 Repair - Clear Drain Line,labor,1.0,186.0,186.0
invoice_a9df5f8ac5be45209bcca28b9043959c,job_1e8dc9a7f7ec462285ff627fe66d5ef4,4143,Service & Repair Fee - Standard,labor,1.0,102.0,102.0
invoice_a9df5f8ac5be45209bcca28b9043959c,job_1e8dc9a7f7ec462285ff627fe66d5ef4,4143,Service Calls - Repairs & Part Installation - **Tier 3 Repair - Contactor Replacement,labor,1.0,179.0,179.0
invoice_df5f22a83cae44639e959f184c5c7f98,job_44b508ef67944a40a53171fe8ca2c3bb,4142,Visit #3,labor,1.0,97.0,97.0
invoice_6ea9ae456aa84f05b3eb22fc15a99de8,job_636a064ceab74caba85ae53185ecccd5,4141,New Construction - New Construction,labor,672.0,41.0,27552.0
invoice_6ea9ae456aa84f05b3eb22fc15a99de8,job_636a064ceab74caba85ae53185ecccd5,4141,New Construction - Rough-In & Trim-Out,material,7.0,5157.0,36099.0
invoice_6ea9ae456aa84f05b3eb22fc15a99de8,job_636a064ceab74caba85ae53185ecccd5,4141,3.5 Ton - Carrier Heat Pump - 3.5 Ton Condenser - 15 SEER,material,7.0,5399.0,37793.0
invoice_6ea9ae456aa84f05b3eb22fc15a99de8,job_636a064ceab74caba85ae53185ecccd5,4141,"3.5 Ton - Comfort Series Fan Coil Multipoise, ECM Motor for Puron Advance - 3.5 Ton",material,7.0,2369.0,16583.0
invoice_6ea9ae456aa84f05b3eb22fc15a99de8,job_636a064ceab74caba85ae53185ecccd5,4141,10 kW - Electric Heater - 10kW 240 Volt-Single Phase with Terminal Block,material,7.0,201.0,1407.0
invoice_6ea9ae456aa84f05b3eb22fc15a99de8,job_636a064ceab74caba85ae53185ecccd5,4141,Generic Parts / Service - Honeywell FocusPro 5000,material,7.0,194.0,1358.0
invoice_e5232339fb3343baa755738207d49c6b,job_0940c63e665d41619e61f3583513c60c,4140,Service Calls - Service & Repair Fee - Commercial,labor,1.0,168.0,168.0
invoice_c2e668601af142c39be2d500567d00c8,job_ce9550fa829e43b2ab740793e0f57307,4139,Service & Repair Fee - Standard,labor,1.0,102.0,102.0
invoice_c2e668601af142c39be2d500567d00c8,job_ce9550fa829e43b2ab740793e0f57307,4139,Service Calls - Repairs & Part Installation - Tier 6 Repair,labor,1.0,523.0,523.0
invoice_3a63dbd2110d4da2a7e43f05b64d2b5d,job_12d1bcc736f748d4b5125227b4379b75,4138,Service & Repair Fee - Standard,labor,1.0,102.0,102.0
invoice_3a63dbd2110d4da2a7e43f05b64d2b5d,job_12d1bcc736f748d4b5125227b4379b75,4138,Service Calls - Repairs & Part Installation - **Tier 2 Repair - Leak Detection Tidewater Hospitality (Bubbles / Electronic),labor,1.0,107.0,107.0
invoice_3a63dbd2110d4da2a7e43f05b64d2b5d,job_12d1bcc736f748d4b5125227b4379b75,4138,Generic Parts / Service - R410a refrigerant,material,8.0,132.0,1056.0
invoice_d9a7535c1c9744d381597f8d332c6b72,job_b20f6b0e70b2492cb07208819d0f0acc,4137,Service Calls - Service & Repair Fee - After-Hours,labor,1.0,188.0,188.0
invoice_9174daa05c0644c6a5fdc8ad965e181f,job_ebfea8857de842fbb355c7ab99bb2480,4136,Service & Repair Fee - After-Hours,labor,1.0,167.0,167.0
invoice_9174daa05c0644c6a5fdc8ad965e181f,job_ebfea8857de842fbb355c7ab99bb2480,4136,Generic Parts / Service - R410a refrigerant,material,2.0,132.0,264.0
invoice_b44e5f99eabc4a3aa7d4a4278d690bfb,job_bf3663ddfbbe41a8bc2ecba684f3fb9b,4135,Service Calls - Repairs & Part Installation - Service,labor,1.0,436.0,436.0
invoice_b44e5f99eabc4a3aa7d4a4278d690bfb,job_bf3663ddfbbe41a8bc2ecba684f3fb9b,4135,Unit Specific Parts - Defrost Control Board,material,1.0,318.0,318.0
invoice_93afca9c1c744e1d940895832ba24ef3,job_5b35f69996a142d5bc7b5493a3717bd8,4134,Service Calls - Tidewater Hospitality Service & Repair Fee - Standard,labor,1.0,58.0,58.0
invoice_4e951b6b5c7147999667f1b31bcacf50,job_2b9202c488c942c7a5acd1d72947c7da,4133,Service & Repair Fee - Standard,labor,1.0,102.0,102.0
invoice_4e951b6b5c7147999667f1b31bcacf50,job_2b9202c488c942c7a5acd1d72947c7da,4133,Service Calls - Repairs & Part Installation - **Tier 2 Repair - Leak Detection Tidewater Hospitality (Bubbles / Electronic),labor,1.0,107.0,107.0
invoice_4e951b6b5c7147999667f1b31bcacf50,job_2b9202c488c942c7a5acd1d72947c7da,4133,Generic Parts / Service - R410a refrigerant,material,2.0,132.0,264.0
invoice_f1917e2d9e944aa4a075a670700894e3,job_ff049313d528414197a39dc7656eb538,4132,System Installation,labor,1.0,1410.0,1410.0
invoice_f1917e2d9e944aa4a075a670700894e3,job_ff049313d528414197a39dc7656eb538,4132,System Installation,labor,3.0,1410.0,4230.0
invoice_f1917e2d9e944aa4a075a670700894e3,job_ff049313d528414197a39dc7656eb538,4132,Trane Coastal Heat Pump - 2 Ton Condenser - 15 SEER,material,1.0,5626.75,5626.75
invoice_f1917e2d9e944aa4a075a670700894e3,job_ff049313d528414197a39dc7656eb538,4132,"Comfort Series Fan Coil Multipoise, ECM Motor for Puron Advance - 2 Ton",material,1.0,2163.5,2163.5
invoice_f1917e2d9e944aa4a075a670700894e3,job_ff049313d528414197a39dc7656eb538,4132,Electric Heater - 5kW 240 Volt-Single Phase with Terminal Block,material,1.0,247.0,247.0
invoice_f1917e2d9e944aa4a075a670700894e3,job_ff049313d528414197a39dc7656eb538,4132,Honeywell Home FocusPRO® N100,material,1.0,190.0,190.0
invoice_f1917e2d9e944aa4a075a670700894e3,job_ff049313d528414197a39dc7656eb538,4132,Trane Coastal Heat Pump - 5 Ton Condenser - 15 SEER,material,1.0,8181.25,8181.25
invoice_f1917e2d9e944aa4a075a670700894e3,job_ff049313d528414197a39dc7656eb538,4132,"Comfort Series Fan Coil Multipoise, ECM Motor for Puron Advance - 5 Ton",material,1.0,4131.75,4131.75
invoice_f1917e2d9e944aa4a075a670700894e3,job_ff049313d528414197a39dc7656eb538,4132,10 KW Heat Kit,material,1.0,341.75,341.75
invoice_f1917e2d9e944aa4a075a670700894e3,job_ff049313d528414197a39dc7656eb538,4132,Honeywell FocusPro N100,material,3.0,194.0,582.0
invoice_f1917e2d9e944aa4a075a670700894e3,job_ff049313d528414197a39dc7656eb538,4132,8 kW - 8kW Electric Heater Kit (208/240-1),material,2.0,240.0,480.0
invoice_f1917e2d9e944aa4a075a670700894e3,job_ff049313d528414197a39dc7656eb538,4132,"4 Ton - Comfort Series Fan Coil Multipoise, ECM Motor for Puron Advance - 4 Ton",material,1.0,3306.25,3306.25
invoice_f1917e2d9e944aa4a075a670700894e3,job_ff049313d528414197a39dc7656eb538,4132,"3 Ton - Comfort Series Fan Coil Multipoise, ECM Motor for Puron Advance - 3 Ton",material,1.0,2633.5,2633.5
invoice_f1917e2d9e944aa4a075a670700894e3,job_ff049313d528414197a39dc7656eb538,4132,4 Ton -Trane Coastal Heat Pump - 4 Ton Condenser - 15 SEER,material,1.0,7203.75,7203.75
invoice_f1917e2d9e944aa4a075a670700894e3,job_ff049313d528414197a39dc7656eb538,4132,3 Ton - Trane Coastal Heat Pump - 3 Ton Condenser - 15 SEER,material,1.0,6516.0,6516.0
invoice_f1917e2d9e944aa4a075a670700894e3,job_ff049313d528414197a39dc7656eb538,4132,Generic Parts / Service - Reme Halo Zero,material,4.0,969.0,3876.0
invoice_f1917e2d9e944aa4a075a670700894e3,job_ff049313d528414197a39dc7656eb538,4132,Add Ons - Blu QR UV Stick Horton,material,4.0,212.0,848.0
invoice_87598a475f6d49bd9e3abfc0bc372dc7,job_49f40b6810a54d5291201322abf7052b,4131,Visit #1,labor,1.0,239.0,239.0
invoice_664c42c92569405da5447d7fba274201,job_b9df2f530cb643a885bee28c0bf27774,4130,Preventative Maintenance - Residential Preventative Maintenance,labor,1.0,92.0,92.0
invoice_67c4bf972e8f4400a322065f3b6b5749,job_034957f03c644ef7ae77cf5f9f4fe33a,4129,Preventative Maintenance - Residential Preventative Maintenance,labor,1.0,179.0,179.0
invoice_67c4bf972e8f4400a322065f3b6b5749,job_034957f03c644ef7ae77cf5f9f4fe33a,4129,Service Calls - Repairs & Part Installation - **Tier 3 Repair - Capacitor Replacement,labor,1.0,180.0,180.0
invoice_0dcaf048693446a29489869cf8ad78d9,job_c037ed9549c74f00af3db7d777d6eefa,4128,Preventative Maintenance - Residential Preventative Maintenance,labor,1.0,92.0,92.0
invoice_9173befcdef7463aba485141359aa909,job_857d9655cbe643b498b71ba5d34599ea,4127,Service Calls - Service & Repair Fee - Standard,labor,1.0,96.0,96.0
invoice_9173befcdef7463aba485141359aa909,job_857d9655cbe643b498b71ba5d34599ea,4127,Service Calls - Repairs & Part Installation - **Tier 2 Repair - Leak Detection Tidewater Hospitality (Bubbles / Electronic),labor,1.0,107.0,107.0
invoice_6d6c10742cf84e72be686e392b1ff214,job_b21857e978b34c34924ca4b533a813b7,4126,New System Installation - System Installation,labor,1.0,1584.0,1584.0
invoice_6d6c10742cf84e72be686e392b1ff214,job_b21857e978b34c34924ca4b533a813b7,4126,Install Dampers and High Flow Vents,labor,1.0,258.0,258.0
invoice_6d6c10742cf84e72be686e392b1ff214,job_b21857e978b34c34924ca4b533a813b7,4126,Mitsubishi Electric-1 Ton Mini-Split Indoor and Outdoor Unit,material,1.0,2850.0,2850.0
invoice_6d6c10742cf84e72be686e392b1ff214,job_b21857e978b34c34924ca4b533a813b7,4126,"Damper, Collar, and High Flow Regiester Installation",material,1.0,147.0,147.0
invoice_117bf6e05f7e4e5290872ed43ea2b6e3,job_b21857e978b34c34924ca4b533a813b7,4125,New System Installation - System Installation,labor,1.0,1584.0,1584.0
invoice_117bf6e05f7e4e5290872ed43ea2b6e3,job_b21857e978b34c34924ca4b533a813b7,4125,Install Booster Fan,labor,1.0,267.0,267.0
invoice_117bf6e05f7e4e5290872ed43ea2b6e3,job_b21857e978b34c34924ca4b533a813b7,4125,Mitsubishi Electric-1 Ton Mini-Split Indoor and Outdoor Unit,material,1.0,2850.0,2850.0
invoice_117bf6e05f7e4e5290872ed43ea2b6e3,job_b21857e978b34c34924ca4b533a813b7,4125,Booster Fan,material,1.0,577.0,577.0
invoice_64f04ebb636b42588b54c82b2bac9c0a,job_997a132555e04a5eb6fb75367a42caa3,4124,Service & Repair Fee - Standard,labor,1.0,102.0,102.0
invoice_64f04ebb636b42588b54c82b2bac9c0a,job_997a132555e04a5eb6fb75367a42caa3,4124,Service Calls - Repairs & Part Installation - **Tier 2 Repair - Leak Detection Tidewater Hospitality (Bubbles / Electronic),labor,1.0,107.0,107.0
invoice_64f04ebb636b42588b54c82b2bac9c0a,job_997a132555e04a5eb6fb75367a42caa3,4124,New System Installation - System Installation,labor,1.0,1584.0,1584.0
invoice_64f04ebb636b42588b54c82b2bac9c0a,job_997a132555e04a5eb6fb75367a42caa3,4124,Trim Removal,labor,1.0,318.0,318.0
invoice_64f04ebb636b42588b54c82b2bac9c0a,job_997a132555e04a5eb6fb75367a42caa3,4124,15 SEER Trane Gas Furnace / Air Conditioner - 3.5T,material,1.0,9899.0,9899.0
invoice_64f04ebb636b42588b54c82b2bac9c0a,job_997a132555e04a5eb6fb75367a42caa3,4124,Add Ons - Attic Install,material,1.0,515.0,515.0
invoice_64f04ebb636b42588b54c82b2bac9c0a,job_997a132555e04a5eb6fb75367a42caa3,4124,Add Ons - Drain package,material,1.0,277.75,277.75
invoice_016ff159df04474db46560a03be9699f,job_28300ca7083f41d5b986a9b16a60b0ad,4123,Service Calls - Repairs & Part Installation - Tier 1 Repair - Re-Adjust Condenser Side Panel,labor,1.0,96.0,96.0
invoice_e40f85e42a464d8199dc4ff69c61d957,job_ba123591bdb1440cae59a51fd9c0d304,4122,Preventative Maintenance - Residential Preventative Maintenance,labor,2.0,92.0,184.0
invoice_783743f86e17489699134acc1dda3713,job_61d764307ba54e528f857e6224e6a0a9,4121,New System Installation - System Installation,labor,1.0,1584.0,1584.0
invoice_783743f86e17489699134acc1dda3713,job_61d764307ba54e528f857e6224e6a0a9,4121,3 Ton - Carrier Coastal Heat Pump - 3 Ton Condenser - 15 SEER,material,1.0,6350.5,6350.5
invoice_783743f86e17489699134acc1dda3713,job_61d764307ba54e528f857e6224e6a0a9,4121,"3 Ton - Comfort Series Fan Coil Multipoise, ECM Motor for Puron Advance - 3 Ton",material,1.0,2316.75,2316.75
invoice_783743f86e17489699134acc1dda3713,job_61d764307ba54e528f857e6224e6a0a9,4121,8 kW - Electric Heater - 8kW 240 Volt-Single Phase with Terminal Block,material,1.0,212.25,212.25
invoice_783743f86e17489699134acc1dda3713,job_61d764307ba54e528f857e6224e6a0a9,4121,Generic Parts / Service - Honeywell FocusPro 5000,material,1.0,194.0,194.0
invoice_783743f86e17489699134acc1dda3713,job_61d764307ba54e528f857e6224e6a0a9,4121,Add Ons - Concrete Pad,material,1.0,256.0,256.0
invoice_783743f86e17489699134acc1dda3713,job_61d764307ba54e528f857e6224e6a0a9,4121,Add Ons - Drain package,material,1.0,277.75,277.75
invoice_783743f86e17489699134acc1dda3713,job_61d764307ba54e528f857e6224e6a0a9,4121,UPDATE - Add wood stand,material,1.0,258.0,258.0
invoice_d7d7ec609b794110a708cbb91aea1b40,job_61d764307ba54e528f857e6224e6a0a9,4120,New System Installation - System Installation,labor,1.0,1584.0,1584.0
invoice_d7d7ec609b794110a708cbb91aea1b40,job_61d764307ba54e528f857e6224e6a0a9,4120,3 Ton - Carrier Coastal Heat Pump - 3 Ton Condenser - 15 SEER,material,1.0,6350.5,6350.5
invoice_d7d7ec609b794110a708cbb91aea1b40,job_61d764307ba54e528f857e6224e6a0a9,4120,"3 Ton - Comfort Series Fan Coil Multipoise, ECM Motor for Puron Advance - 3 Ton",material,1.0,2316.75,2316.75
invoice_d7d7ec609b794110a708cbb91aea1b40,job_61d764307ba54e528f857e6224e6a0a9,4120,8 kW - Electric Heater - 8kW 240 Volt-Single Phase with Terminal Block,material,1.0,212.25,212.25
invoice_d7d7ec609b794110a708cbb91aea1b40,job_61d764307ba54e528f857e6224e6a0a9,4120,Generic Parts / Service - Honeywell FocusPro 5000,material,1.0,194.0,194.0
invoice_d7d7ec609b794110a708cbb91aea1b40,job_61d764307ba54e528f857e6224e6a0a9,4120,Add Ons - Concrete Pad,material,1.0,256.0,256.0
invoice_d7d7ec609b794110a708cbb91aea1b40,job_61d764307ba54e528f857e6224e6a0a9,4120,Add Ons - Drain package,material,1.0,277.75,277.75
invoice_66545184533b46a0ab6b1a9b38acb2cb,job_d9dcee921d78402496f5b357a8f1f73f,4119,Service & Repair Fee - Standard,labor,1.0,102.0,102.0
invoice_66545184533b46a0ab6b1a9b38acb2cb,job_d9dcee921d78402496f5b357a8f1f73f,4119,Service Calls - Repairs & Part Installation - **Tier 2 Repair - Leak Detection Tidewater Hospitality (Bubbles / Electronic),labor,1.0,107.0,107.0
invoice_66545184533b46a0ab6b1a9b38acb2cb,job_d9dcee921d78402496f5b357a8f1f73f,4119,Service Calls - Repairs & Part Installation - Service,labor,1.0,1151.5,1151.5
invoice_66545184533b46a0ab6b1a9b38acb2cb,job_d9dcee921d78402496f5b357a8f1f73f,4119,Generic Parts / Service - Filter dryer,material,1.0,103.0,103.0
invoice_66545184533b46a0ab6b1a9b38acb2cb,job_d9dcee921d78402496f5b357a8f1f73f,4119,Generic Parts / Service - R410a refrigerant,material,4.0,132.0,528.0
invoice_66545184533b46a0ab6b1a9b38acb2cb,job_d9dcee921d78402496f5b357a8f1f73f,4119,Unit Specific Parts - Evaporator Coil & TXV,material,1.0,1589.0,1589.0
invoice_cc59045271d24a2a819e3c7354f82bdb,job_aa9228c498f9441daea749707cbc2b2c,4118,Service & Repair Fee - Standard,labor,1.0,102.0,102.0
invoice_cc59045271d24a2a819e3c7354f82bdb,job_aa9228c498f9441daea749707cbc2b2c,4118,Service Calls - Repairs & Part Installation - **Tier 3 Repair - Contactor Replacement,labor,1.0,179.0,179.0
invoice_316184b226e24539b2015f1a119904d0,job_97c5e670d0c84a44bef82aa3ad904475,4117,Service Calls - Service & Repair Fee - After-Hours,labor,1.0,188.0,188.0
invoice_316184b226e24539b2015f1a119904d0,job_97c5e670d0c84a44bef82aa3ad904475,4117,Service Calls - Repairs & Part Installation - **Tier 3 Repair - Clear Drain Line,labor,1.0,186.0,186.0
invoice_629cd856d60d4b83a3b90a94029960f7,job_c654027407a94b5880cef289b2b49365,4116,Visit #4,labor,1.0,98.0,98.0
invoice_e50ddd4740174451925db3b3f2b84e83,job_d71f33c33608405b9094c565296335da,4115,Visit #1,labor,1.0,0.0,0.0
invoice_3d65b9b4596f42cfb6231962645ecc04,job_931f0f04e65047b5b83ea069339a963f,4114,Service Calls - Service & Repair Fee - Standard,labor,1.0,96.0,96.0
invoice_3d65b9b4596f42cfb6231962645ecc04,job_931f0f04e65047b5b83ea069339a963f,4114,Service Calls - Repairs & Part Installation - Service,labor,1.0,1020.25,1020.25
invoice_3d65b9b4596f42cfb6231962645ecc04,job_931f0f04e65047b5b83ea069339a963f,4114,Generic Parts / Service - Filter dryer,material,1.0,103.0,103.0
invoice_3d65b9b4596f42cfb6231962645ecc04,job_931f0f04e65047b5b83ea069339a963f,4114,Generic Parts / Service - R410a refrigerant,material,7.0,132.0,924.0
invoice_3d65b9b4596f42cfb6231962645ecc04,job_931f0f04e65047b5b83ea069339a963f,4114,Unit Specific Parts - Compressor,material,1.0,1439.0,1439.0
invoice_b053e1204aef460a9c077df35f0f48eb,job_079571ad3e0142e5abf36af0517cb059,4113,Service & Repair Fee - After-Hours,labor,1.0,167.0,167.0
invoice_b053e1204aef460a9c077df35f0f48eb,job_079571ad3e0142e5abf36af0517cb059,4113,Service Calls - Repairs & Part Installation - Service,labor,1.0,1151.5,1151.5
invoice_b053e1204aef460a9c077df35f0f48eb,job_079571ad3e0142e5abf36af0517cb059,4113,Generic Parts / Service - R410a refrigerant,material,2.0,132.0,264.0
invoice_b053e1204aef460a9c077df35f0f48eb,job_079571ad3e0142e5abf36af0517cb059,4113,Generic Parts / Service - Filter dryer,material,1.0,103.0,103.0
invoice_b053e1204aef460a9c077df35f0f48eb,job_079571ad3e0142e5abf36af0517cb059,4113,WARRANTY Parts / Service - WARRANTY - Evaporator Coil & TXV,material,1.0,0.0,0.0
invoice_045628b98aab469fb8ddb3dd54a7f07b,job_8aed74d228dd4ec293ab179e44a97c4b,4112,New System Installation - System Installation,labor,1.0,1584.0,1584.0
invoice_045628b98aab469fb8ddb3dd54a7f07b,job_8aed74d228dd4ec293ab179e44a97c4b,4112,New System Installation - System Installation,labor,1.0,1584.0,1584.0
invoice_045628b98aab469fb8ddb3dd54a7f07b,job_8aed74d228dd4ec293ab179e44a97c4b,4112,Mitsubishi 1.5T Mini Split,material,1.0,3266.0,3266.0
invoice_045628b98aab469fb8ddb3dd54a7f07b,job_8aed74d228dd4ec293ab179e44a97c4b,4112,AprilAire 100 Pint Dehumidifier,material,1.0,4062.0,4062.0
invoice_045628b98aab469fb8ddb3dd54a7f07b,job_8aed74d228dd4ec293ab179e44a97c4b,4112,Add Ons - Drain package,material,1.0,277.75,277.75
invoice_122c48545f5043ccb2544e0d3092ec4b,job_af5e7a4309cf4e148b74e79a5aede370,4111,Preventative Maintenance - Residential Preventative Maintenance,labor,1.0,92.0,92.0
invoice_122c48545f5043ccb2544e0d3092ec4b,job_af5e7a4309cf4e148b74e79a5aede370,4111,Add Ons - Filters,material,1.0,82.0,82.0
invoice_7b18c367319a42d4984fb1b4fd1dfff2,job_b2f421e3e4294c9297e04475934085a1,4110,Service Calls - Service & Repair Fee - Standard,labor,1.0,96.0,96.0
invoice_7b18c367319a42d4984fb1b4fd1dfff2,job_b2f421e3e4294c9297e04475934085a1,4110,Service Calls - Repairs & Part Installation - **Tier 3 Repair - Capacitor Replacement,labor,1.0,180.0,180.0
invoice_9ac51ae3ea184121b3700c62d5f33a6f,job_a6b91b7502c24ebb914f1f8d6334be1a,4109,Service & Repair Fee - Standard,labor,1.0,102.0,102.0
invoice_9ac51ae3ea184121b3700c62d5f33a6f,job_a6b91b7502c24ebb914f1f8d6334be1a,4109,Service Calls - Repairs & Part Installation - **Tier 2 Repair - Replace fuse,labor,1.0,97.0,97.0
invoice_9081f03d6e4b4a139b6d5e95686a3149,job_6e37f7be11a84213ae4148bee5e99324,4108,Service & Repair Fee - Standard,labor,1.0,102.0,102.0
invoice_9081f03d6e4b4a139b6d5e95686a3149,job_6e37f7be11a84213ae4148bee5e99324,4108,Service Calls - Repairs & Part Installation - **Tier 2 Repair - Leak Detection Tidewater Hospitality (Bubbles / Electronic),labor,1.0,107.0,107.0
invoice_9081f03d6e4b4a139b6d5e95686a3149,job_6e37f7be11a84213ae4148bee5e99324,4108,Service Calls - Repairs & Part Installation - Service,labor,1.0,1042.0,1042.0
invoice_9081f03d6e4b4a139b6d5e95686a3149,job_6e37f7be11a84213ae4148bee5e99324,4108,Generic Parts / Service - Filter dryer,material,1.0,103.0,103.0
invoice_9081f03d6e4b4a139b6d5e95686a3149,job_6e37f7be11a84213ae4148bee5e99324,4108,WARRANTY Parts / Service - WARRANTY - Condenser Coil,material,1.0,0.0,0.0
invoice_9081f03d6e4b4a139b6d5e95686a3149,job_6e37f7be11a84213ae4148bee5e99324,4108,Generic Parts / Service - R410a refrigerant,material,9.0,132.0,1188.0
invoice_d03ea95341f34e9090eb4f6531ce2a65,job_6e37f7be11a84213ae4148bee5e99324,4107,Service & Repair Fee - Standard,labor,1.0,102.0,102.0
invoice_d03ea95341f34e9090eb4f6531ce2a65,job_6e37f7be11a84213ae4148bee5e99324,4107,Service Calls - Repairs & Part Installation - **Tier 2 Repair - Leak Detection Tidewater Hospitality (Bubbles / Electronic),labor,1.0,107.0,107.0
invoice_d03ea95341f34e9090eb4f6531ce2a65,job_6e37f7be11a84213ae4148bee5e99324,4107,Service Calls - Repairs & Part Installation - Service,labor,1.0,1042.0,1042.0
invoice_d03ea95341f34e9090eb4f6531ce2a65,job_6e37f7be11a84213ae4148bee5e99324,4107,Generic Parts / Service - Filter dryer,material,1.0,103.0,103.0
invoice_d03ea95341f34e9090eb4f6531ce2a65,job_6e37f7be11a84213ae4148bee5e99324,4107,WARRANTY Parts / Service - WARRANTY - Condenser Coil,material,1.0,0.0,0.0
invoice_d03ea95341f34e9090eb4f6531ce2a65,job_6e37f7be11a84213ae4148bee5e99324,4107,Generic Parts / Service - R410a refrigerant,material,9.0,132.0,1188.0
invoice_0e084dafd612416aaf6416390d9d1db1,job_a1e760b1b48c4ffeb31bd7acb2e9027e,4106,Visit #4,labor,1.0,98.0,98.0
invoice_30d5e1382e8e4474b50a7d118b9ffbf5,job_ec32477cc9484854b34926adcf61425e,4105,Preventative Maintenance - Residential Preventative Maintenance,labor,1.0,92.0,92.0
invoice_d6887229503e49aab5acc47e69dc1dd1,job_475ea9a2b8b345e6983a9ed55f7108ee,4104,Service & Repair Fee - Standard,labor,1.0,102.0,102.0
invoice_d6887229503e49aab5acc47e69dc1dd1,job_475ea9a2b8b345e6983a9ed55f7108ee,4104,Service Calls - Repairs & Part Installation - **Tier 3 Repair - Clear Drain Line,labor,1.0,186.0,186.0
invoice_0ec2c4d52d2f4509a120707e167b45a1,job_8f5516fc78a84f37ad18faadf9376461,4103,Service & Repair Fee - Standard,labor,1.0,102.0,102.0
invoice_0ec2c4d52d2f4509a120707e167b45a1,job_8f5516fc78a84f37ad18faadf9376461,4103,Service Calls - Repairs & Part Installation - Service,labor,1.0,498.25,498.25
invoice_0ec2c4d52d2f4509a120707e167b45a1,job_8f5516fc78a84f37ad18faadf9376461,4103,Unit Specific Parts - Indoor Blower motor,material,1.0,1041.0,1041.0
invoice_caf56ddd2bfc4e2cada630a68b6026a7,job_0ba85b404b724d21b86d96610e62d613,4102,Service Calls - Service & Repair Fee - After-Hours,labor,1.0,188.0,188.0
invoice_caf56ddd2bfc4e2cada630a68b6026a7,job_0ba85b404b724d21b86d96610e62d613,4102,Service Calls - Repairs & Part Installation - **Tier 3 Repair - Clear Drain Line,labor,1.0,186.0,186.0
invoice_25d9d85ac35542029a030ba3b4be380e,job_c579cc76d72746b09d0d8f8bf192552f,4101,New System Installation - System Installation,labor,1.0,1584.0,1584.0
invoice_25d9d85ac35542029a030ba3b4be380e,job_c579cc76d72746b09d0d8f8bf192552f,4101,BUDGET 14 - RunTru 2 Ton 14.3 Seer2 (15 SEER) Heat Pump System,material,1.0,5068.0,5068.0
invoice_b4d2ea3928094142835e6a9e7912244c,job_ed3544a735414502968e5fe6a44a2ee4,4100,Service & Repair Fee - After-Hours,labor,1.0,167.0,167.0
invoice_b4d2ea3928094142835e6a9e7912244c,job_ed3544a735414502968e5fe6a44a2ee4,4100,Service Calls - Repairs & Part Installation - **Tier 1 Repair - Re-Adjust Drain Line,labor,1.0,48.0,48.0
invoice_75e0b0b6dee94adcaa141543f0aadfb0,job_03d3937bd77f423a85a150f9efa4bc24,4099,System Installation,labor,1.0,1410.0,1410.0
invoice_75e0b0b6dee94adcaa141543f0aadfb0,job_03d3937bd77f423a85a150f9efa4bc24,4099,Trane Coastal Heat Pump - 5 Ton Condenser - 15 SEER,material,1.0,8181.25,8181.25
invoice_75e0b0b6dee94adcaa141543f0aadfb0,job_03d3937bd77f423a85a150f9efa4bc24,4099,"Comfort Series Fan Coil Multipoise, ECM Motor for Puron Advance - 5 Ton",material,1.0,4131.75,4131.75
invoice_75e0b0b6dee94adcaa141543f0aadfb0,job_03d3937bd77f423a85a150f9efa4bc24,4099,10 KW Heat Kit,material,1.0,341.75,341.75
invoice_75e0b0b6dee94adcaa141543f0aadfb0,job_03d3937bd77f423a85a150f9efa4bc24,4099,Generic Parts / Service - Ecobee 3 Thermostat,material,1.0,330.0,330.0
invoice_3165c5468eda45f5a7bf18291fe70fb3,job_03dceab54185451190bca4cf2e34703c,4098,Service Calls - Service & Repair Fee - Standard,labor,1.0,96.0,96.0
invoice_3165c5468eda45f5a7bf18291fe70fb3,job_03dceab54185451190bca4cf2e34703c,4098,Service Calls - Repairs & Part Installation - **Tier 3 Repair - Clear Drain Line,labor,1.0,186.0,186.0
invoice_25df3727c4304909b06fece73952e2e5,job_2da2fd9006c243b199ccaa0796c8f853,4097,System Installation,labor,1.0,1410.0,1410.0
invoice_25df3727c4304909b06fece73952e2e5,job_2da2fd9006c243b199ccaa0796c8f853,4097,Trane Coastal Heat Pump - 4 Ton Condenser - 15 SEER,material,1.0,7080.5,7080.5
invoice_25df3727c4304909b06fece73952e2e5,job_2da2fd9006c243b199ccaa0796c8f853,4097,"Comfort Series Fan Coil Multipoise, ECM Motor for Puron Advance - 4 Ton",material,1.0,3504.0,3504.0
invoice_25df3727c4304909b06fece73952e2e5,job_2da2fd9006c243b199ccaa0796c8f853,4097,10 KW Heat Kit,material,1.0,341.75,341.75
invoice_25df3727c4304909b06fece73952e2e5,job_2da2fd9006c243b199ccaa0796c8f853,4097,Generic Parts / Service - Ecobee 3 Thermostat,material,1.0,330.0,330.0
invoice_6aaeb350eb174f778b25fdc97fd4e336,job_8e46dc25118145dd8713bf6b456149f0,4095,Service & Repair Fee - Standard,labor,1.0,102.0,102.0
invoice_6aaeb350eb174f778b25fdc97fd4e336,job_8e46dc25118145dd8713bf6b456149f0,4095,Service Calls - Repairs & Part Installation - **Tier 3 Repair - Capacitor Replacement,labor,1.0,180.0,180.0
invoice_d022bd3c0b994883a5a98951d582d3c3,job_788ccabc972241b6a6befa75a2ca1cab,4094,Service & Repair Fee - After-Hours,labor,1.0,167.0,167.0
invoice_d022bd3c0b994883a5a98951d582d3c3,job_788ccabc972241b6a6befa75a2ca1cab,4094,Service Calls - Repairs & Part Installation - **Tier 3 Repair - Re-wire Condenser,labor,1.0,164.0,164.0
invoice_f727f00832ac438b872bd79c84d05f5f,job_e4428e738b3542faa76d3a53a13300d5,4093,Service & Repair Fee - Standard,labor,1.0,102.0,102.0
invoice_cbfd42746216441594bc53dfcd7d6535,job_4d1891aa829249d6b19cd8ee77d17e8d,4092,Service Calls - Repairs & Part Installation - Tier 4 Repair,labor,1.0,232.0,232.0
invoice_cbfd42746216441594bc53dfcd7d6535,job_4d1891aa829249d6b19cd8ee77d17e8d,4092,Visit #4,labor,1.0,0.0,0.0
invoice_8d3bf3b86382470a9e86522b486ef3de,job_2206c078f3084eed8f9e97cc0edf93c0,4091,Service & Repair Fee - Standard,labor,1.0,102.0,102.0
invoice_8d3bf3b86382470a9e86522b486ef3de,job_2206c078f3084eed8f9e97cc0edf93c0,4091,Service Calls - Repairs & Part Installation - **Tier 3 Repair - Clear Drain Line,labor,1.0,186.0,186.0
invoice_bc767594fa5b477f92ac015e19bc0d83,job_8e331aa91fa947f19f9c76864d3d563d,4090,Service & Repair Fee - Standard,labor,1.0,102.0,102.0
invoice_bc767594fa5b477f92ac015e19bc0d83,job_8e331aa91fa947f19f9c76864d3d563d,4090,Generic Parts / Service - R410a refrigerant,material,1.0,132.0,132.0
invoice_b5a86dbe8b00455ba1b32cb93c18965c,job_e8d30b0276d94d2e8dd76a10a2ffe0df,4089,Preventative Maintenance - Residential Preventative Maintenance,labor,1.0,92.0,92.0
invoice_7fc961273ef744298f4958db69610ca8,job_b2bd25ddcc88486ea0026729378effcd,4088,Service & Repair Fee - Standard,labor,1.0,102.0,102.0
invoice_7fc961273ef744298f4958db69610ca8,job_b2bd25ddcc88486ea0026729378effcd,4088,Service Calls - Repairs & Part Installation - **Tier 3 Repair - Clear Drain Line,labor,1.0,186.0,186.0
invoice_7fc961273ef744298f4958db69610ca8,job_b2bd25ddcc88486ea0026729378effcd,4088,Service Calls - Repairs & Part Installation - Tier 7 Repair,labor,1.0,946.0,946.0
invoice_7fc961273ef744298f4958db69610ca8,job_b2bd25ddcc88486ea0026729378effcd,4088,Generic Parts / Service - Filter dryer,material,1.0,103.0,103.0
invoice_e359d121ceff4a13866a2094126bdddf,job_fe35a7d46cd64e60884ed228a0eeacbe,4087,Service Calls - Service & Repair Fee - Standard,labor,1.0,96.0,96.0
invoice_e359d121ceff4a13866a2094126bdddf,job_fe35a7d46cd64e60884ed228a0eeacbe,4087,Service Calls - Repairs & Part Installation - Service,labor,1.0,1042.0,1042.0
invoice_e359d121ceff4a13866a2094126bdddf,job_fe35a7d46cd64e60884ed228a0eeacbe,4087,Service Calls - Repairs & Part Installation - Tier 7 Repair,labor,1.0,946.0,946.0
invoice_e359d121ceff4a13866a2094126bdddf,job_fe35a7d46cd64e60884ed228a0eeacbe,4087,MISC Labor - Un-Install Air Handler/ Install new Platform & Re-Install Air Handler,labor,1.0,1571.0,1571.0
invoice_e359d121ceff4a13866a2094126bdddf,job_fe35a7d46cd64e60884ed228a0eeacbe,4087,Generic Parts / Service - Filter dryer,material,1.0,103.0,103.0
invoice_e359d121ceff4a13866a2094126bdddf,job_fe35a7d46cd64e60884ed228a0eeacbe,4087,WARRANTY Parts / Service - WARRANTY - Evaporator Coil & TXV,material,1.0,0.0,0.0
invoice_e359d121ceff4a13866a2094126bdddf,job_fe35a7d46cd64e60884ed228a0eeacbe,4087,Generic Parts / Service - R410a refrigerant,material,1.0,132.0,132.0
invoice_e359d121ceff4a13866a2094126bdddf,job_fe35a7d46cd64e60884ed228a0eeacbe,4087,Generic Parts / Service - Filter dryer,material,1.0,103.0,103.0
invoice_e359d121ceff4a13866a2094126bdddf,job_fe35a7d46cd64e60884ed228a0eeacbe,4087,Add Ons - Air Filter Rack,material,1.0,267.0,267.0
invoice_d0fec0b4068f4dbe8fa4e4e5acc14405,job_65e1843459964b8cb2e3e9fad7c32aae,4086,System Installation,labor,2.0,1410.0,2820.0
invoice_d0fec0b4068f4dbe8fa4e4e5acc14405,job_65e1843459964b8cb2e3e9fad7c32aae,4086,Trane Coastal Heat Pump - 5 Ton Condenser - 18 SEER,material,1.0,11005.5,11005.5
invoice_d0fec0b4068f4dbe8fa4e4e5acc14405,job_65e1843459964b8cb2e3e9fad7c32aae,4086,5 Ton Residential Fan Coil Multipoise with InteliSense Technology,material,1.0,4948.5,4948.5
invoice_d0fec0b4068f4dbe8fa4e4e5acc14405,job_65e1843459964b8cb2e3e9fad7c32aae,4086,10 KW Heat Kit,material,1.0,341.75,341.75
invoice_d0fec0b4068f4dbe8fa4e4e5acc14405,job_65e1843459964b8cb2e3e9fad7c32aae,4086,Generic Parts / Service - Ecobee 6 Thermostat,material,2.0,499.25,998.5
invoice_d0fec0b4068f4dbe8fa4e4e5acc14405,job_65e1843459964b8cb2e3e9fad7c32aae,4086,Trane Coastal Heat Pump - 4 Ton Condenser - 18 SEER,material,1.0,11047.75,11047.75
invoice_d0fec0b4068f4dbe8fa4e4e5acc14405,job_65e1843459964b8cb2e3e9fad7c32aae,4086,4 Ton Residential Fan Coil Multipoise with InteliSense Technology,material,1.0,4186.75,4186.75
invoice_d0fec0b4068f4dbe8fa4e4e5acc14405,job_65e1843459964b8cb2e3e9fad7c32aae,4086,8kW Electric Heater Kit (208/240-1),material,1.0,261.25,261.25
invoice_d0fec0b4068f4dbe8fa4e4e5acc14405,job_65e1843459964b8cb2e3e9fad7c32aae,4086,Reme Halo Zero,material,2.0,937.0,1874.0
invoice_d0fec0b4068f4dbe8fa4e4e5acc14405,job_65e1843459964b8cb2e3e9fad7c32aae,4086,Blu QR UV Stick Horton,material,2.0,208.0,416.0
invoice_d0fec0b4068f4dbe8fa4e4e5acc14405,job_65e1843459964b8cb2e3e9fad7c32aae,4086,I-Flow Drain management system,material,2.0,282.0,564.0
invoice_fd978811f39b4a5fb63d216a4327bdf0,job_63f4df393502432d80f2cc558c716927,4085,Service & Repair Fee - Standard,labor,1.0,102.0,102.0
invoice_fd978811f39b4a5fb63d216a4327bdf0,job_63f4df393502432d80f2cc558c716927,4085,System Installation,labor,1.0,1552.0,1552.0
invoice_fd978811f39b4a5fb63d216a4327bdf0,job_63f4df393502432d80f2cc558c716927,4085,Service Calls - Repairs & Part Installation - **Tier 2 Repair - Leak Detection Tidewater Hospitality (Bubbles / Electronic),labor,1.0,107.0,107.0
invoice_fd978811f39b4a5fb63d216a4327bdf0,job_63f4df393502432d80f2cc558c716927,4085,MISC Labor - Re-Run New Drain Line,labor,1.0,258.0,258.0
invoice_fd978811f39b4a5fb63d216a4327bdf0,job_63f4df393502432d80f2cc558c716927,4085,Generic Parts / Service - R410a refrigerant,material,4.0,132.0,528.0
invoice_fd978811f39b4a5fb63d216a4327bdf0,job_63f4df393502432d80f2cc558c716927,4085,Carrier Coastal Heat Pump - 2 Ton Condenser - 15 SEER,material,1.0,5544.25,5544.25
invoice_fd978811f39b4a5fb63d216a4327bdf0,job_63f4df393502432d80f2cc558c716927,4085,"Comfort Series Fan Coil Multipoise, ECM Motor for Puron Advance - 2 Ton",material,1.0,2166.25,2166.25
invoice_fd978811f39b4a5fb63d216a4327bdf0,job_63f4df393502432d80f2cc558c716927,4085,Electric Heater - 5kW 240 Volt-Single Phase with Terminal Block,material,1.0,278.5,278.5
invoice_fd978811f39b4a5fb63d216a4327bdf0,job_63f4df393502432d80f2cc558c716927,4085,Honeywell Home FocusPRO® N100,material,1.0,190.0,190.0
invoice_fd978811f39b4a5fb63d216a4327bdf0,job_63f4df393502432d80f2cc558c716927,4085,Add Ons - Metal Air Handler Stand,material,1.0,119.0,119.0
invoice_fd978811f39b4a5fb63d216a4327bdf0,job_63f4df393502432d80f2cc558c716927,4085,Add Ons - Wet Switch,material,1.0,166.0,166.0
invoice_d0c6257db72c478191c048c3281a8841,job_63f4df393502432d80f2cc558c716927,4084,Service & Repair Fee - Standard,labor,1.0,102.0,102.0
invoice_d0c6257db72c478191c048c3281a8841,job_63f4df393502432d80f2cc558c716927,4084,System Installation,labor,1.0,1552.0,1552.0
invoice_d0c6257db72c478191c048c3281a8841,job_63f4df393502432d80f2cc558c716927,4084,Service Calls - Repairs & Part Installation - **Tier 2 Repair - Leak Detection Tidewater Hospitality (Bubbles / Electronic),labor,1.0,107.0,107.0
invoice_d0c6257db72c478191c048c3281a8841,job_63f4df393502432d80f2cc558c716927,4084,Generic Parts / Service - R410a refrigerant,material,4.0,132.0,528.0
invoice_d0c6257db72c478191c048c3281a8841,job_63f4df393502432d80f2cc558c716927,4084,Carrier Coastal Heat Pump - 2 Ton Condenser - 15 SEER,material,1.0,5544.25,5544.25
invoice_d0c6257db72c478191c048c3281a8841,job_63f4df393502432d80f2cc558c716927,4084,"Comfort Series Fan Coil Multipoise, ECM Motor for Puron Advance - 2 Ton",material,1.0,2166.25,2166.25
invoice_d0c6257db72c478191c048c3281a8841,job_63f4df393502432d80f2cc558c716927,4084,Electric Heater - 5kW 240 Volt-Single Phase with Terminal Block,material,1.0,278.5,278.5
invoice_d0c6257db72c478191c048c3281a8841,job_63f4df393502432d80f2cc558c716927,4084,Honeywell Home FocusPRO® N100,material,1.0,190.0,190.0
invoice_d0c6257db72c478191c048c3281a8841,job_63f4df393502432d80f2cc558c716927,4084,Add Ons - Metal Air Handler Stand,material,1.0,119.0,119.0
invoice_d0c6257db72c478191c048c3281a8841,job_63f4df393502432d80f2cc558c716927,4084,Add Ons - Wet Switch,material,1.0,166.0,166.0
invoice_556c65f7e0af470b8ac8fefd5f78c30e,job_195a4eea55254bd1b1adf353d016acc0,4080,Visit #1,labor,1.0,0.0,0.0
invoice_07aacef2013d4f39b5949c384cc140a3,job_da270dd1b7c94d289b418c355e8346e0,4079,Service & Repair Fee - Standard,labor,1.0,102.0,102.0
invoice_07aacef2013d4f39b5949c384cc140a3,job_da270dd1b7c94d289b418c355e8346e0,4079,Service Calls - Repairs & Part Installation - Service,labor,1.0,436.0,436.0
invoice_07aacef2013d4f39b5949c384cc140a3,job_da270dd1b7c94d289b418c355e8346e0,4079,New System Installation - System Installation,labor,1.0,1584.0,1584.0
invoice_07aacef2013d4f39b5949c384cc140a3,job_da270dd1b7c94d289b418c355e8346e0,4079,Unit Specific Parts - Defrost Control Board,material,1.0,347.0,347.0
invoice_07aacef2013d4f39b5949c384cc140a3,job_da270dd1b7c94d289b418c355e8346e0,4079,2 Ton - BUDGET 14 - Trane 2 Ton 14.3 Seer2 (15 SEER) Heat Pump System,material,1.0,7880.0,7880.0
invoice_2b9a417adc9a45afadef90ab50e67f9a,job_2397a306294242a99cfaff4a7a0cce5b,4078,Service & Repair Fee - Standard,labor,1.0,102.0,102.0
invoice_2b9a417adc9a45afadef90ab50e67f9a,job_2397a306294242a99cfaff4a7a0cce5b,4078,Service Calls - Repairs & Part Installation - **Tier 3 Repair - Clear Drain Line,labor,1.0,186.0,186.0
invoice_b74e77606b3e463e89c6c3e8745d834e,job_87aa5f2d6fab4d25ba7c4a04ad90b1fa,4077,New System Installation - System Installation,labor,2.0,1584.0,3168.0
invoice_b74e77606b3e463e89c6c3e8745d834e,job_87aa5f2d6fab4d25ba7c4a04ad90b1fa,4077,3 Ton - BUDGET 14 - Trane 3 Ton 14.3 Seer2 (15 SEER) Heat Pump System,material,1.0,7281.0,7281.0
invoice_b74e77606b3e463e89c6c3e8745d834e,job_87aa5f2d6fab4d25ba7c4a04ad90b1fa,4077,2 Ton - BUDGET 14 - Trane 2 Ton 14.3 Seer2 (15 SEER) Heat Pump System,material,1.0,6367.0,6367.0
invoice_b74e77606b3e463e89c6c3e8745d834e,job_87aa5f2d6fab4d25ba7c4a04ad90b1fa,4077,Add Ons - Concrete Pad,material,2.0,256.0,512.0
invoice_1b4e1b2486604ea1b62c0d6c4225bcda,job_4fda86f76534479d9ec98b18c7a8279e,4076,Service Calls - Repairs & Part Installation - **Tier 3 Repair - Thermostat Installation,labor,2.0,142.0,284.0
invoice_7936b99b033947ccb177d11c3c4e3225,job_1477743234234024bcdc8a8b05269617,4075,Visit #4,labor,1.0,98.0,98.0
invoice_0c11b15edd444432ab6a8d6dbb577b78,job_ec2be612c75d4868bf0672c74e7b5e1c,4074,Visit #1,labor,1.0,116.0,116.0
invoice_d9e6e81a0cad4c6ea95db8c97bba8184,job_ca7a97c6347943b8bb16221e00c1faeb,4073,Preventative Maintenance - Residential Preventative Maintenance,labor,1.0,92.0,92.0
invoice_970e5c66418143fd891ce66445b27212,job_19cdffb530e14e1b8d198592d33f1b14,4072,Service Calls - Service & Repair Fee - Commercial,labor,1.0,168.0,168.0
invoice_970e5c66418143fd891ce66445b27212,job_19cdffb530e14e1b8d198592d33f1b14,4072,Service Calls - Repairs & Part Installation - **Tier 3 Repair - Adjust & Tighten Belt,labor,1.0,170.0,170.0
invoice_45d52a5fbb0444ae9f48cf6622df3964,job_e5a58a813b784481b1eea355171e7362,4071,Service & Repair Fee - Standard,labor,1.0,102.0,102.0
invoice_45d52a5fbb0444ae9f48cf6622df3964,job_e5a58a813b784481b1eea355171e7362,4071,Service Calls - Repairs & Part Installation - **Tier 2 Repair - Replace fuse,labor,1.0,97.0,97.0
invoice_c4539ae7813a483e86c48f3ccd981eec,job_2760d44fb39040128e51cdc204b4de04,4070,Preventative Maintenance - Residential Preventative Maintenance,labor,3.0,92.0,276.0
invoice_df3911a2857746e981b8b57b9cf7cdd7,job_2a2366a26bad47b9ba6d1d04e4a779b1,4069,Visit #4,labor,1.0,267.0,267.0
invoice_5c8b2c3f51a64c989c3a91bbffe890d7,job_e5185fb0a5b549e694d688507119ad4d,4068,Service & Repair Fee - Standard,labor,1.0,102.0,102.0
invoice_5c8b2c3f51a64c989c3a91bbffe890d7,job_e5185fb0a5b549e694d688507119ad4d,4068,Service Calls - Repairs & Part Installation - **Tier 3 Repair - Capacitor Replacement,labor,1.0,180.0,180.0
invoice_b3c45b20684f44bb8239345f19c044b1,job_caba1a5364e84efe841a614d78344e75,4067,Service & Repair Fee - Standard,labor,1.0,102.0,102.0
invoice_b3c45b20684f44bb8239345f19c044b1,job_caba1a5364e84efe841a614d78344e75,4067,Service Calls - Repairs & Part Installation - **Tier 2 Repair - Leak Detection Tidewater Hospitality (Bubbles / Electronic),labor,1.0,107.0,107.0
invoice_b3c45b20684f44bb8239345f19c044b1,job_caba1a5364e84efe841a614d78344e75,4067,Generic Parts / Service - R410a refrigerant,material,3.0,132.0,396.0
invoice_1108ee1da9cf4dc39dc5944e39f74c40,job_27a4ce2f93bd4b3e82c53d2f343e2396,4066,Service & Repair Fee - Standard,labor,1.0,102.0,102.0
invoice_1108ee1da9cf4dc39dc5944e39f74c40,job_27a4ce2f93bd4b3e82c53d2f343e2396,4066,Service Calls - Repairs & Part Installation - **Tier 2 Repair - Rewire Thermostat,labor,1.0,103.0,103.0
invoice_05ebe3c2544b469099e4c20c7e6133f9,job_fe35a7d46cd64e60884ed228a0eeacbe,4065,Service Calls - Service & Repair Fee - Standard,labor,1.0,96.0,96.0
invoice_05ebe3c2544b469099e4c20c7e6133f9,job_fe35a7d46cd64e60884ed228a0eeacbe,4065,Service Calls - Repairs & Part Installation - Service,labor,1.0,1042.0,1042.0
invoice_05ebe3c2544b469099e4c20c7e6133f9,job_fe35a7d46cd64e60884ed228a0eeacbe,4065,Service Calls - Repairs & Part Installation - Tier 7 Repair,labor,1.0,946.0,946.0
invoice_05ebe3c2544b469099e4c20c7e6133f9,job_fe35a7d46cd64e60884ed228a0eeacbe,4065,MISC Labor - Un-Install Air Handler/ Install new Platform & Re-Install Air Handler,labor,1.0,1571.0,1571.0
invoice_05ebe3c2544b469099e4c20c7e6133f9,job_fe35a7d46cd64e60884ed228a0eeacbe,4065,Generic Parts / Service - Filter dryer,material,1.0,103.0,103.0
invoice_05ebe3c2544b469099e4c20c7e6133f9,job_fe35a7d46cd64e60884ed228a0eeacbe,4065,WARRANTY Parts / Service - WARRANTY - Evaporator Coil & TXV,material,1.0,0.0,0.0
invoice_05ebe3c2544b469099e4c20c7e6133f9,job_fe35a7d46cd64e60884ed228a0eeacbe,4065,Generic Parts / Service - R410a refrigerant,material,1.0,132.0,132.0
invoice_05ebe3c2544b469099e4c20c7e6133f9,job_fe35a7d46cd64e60884ed228a0eeacbe,4065,Generic Parts / Service - Filter dryer,material,1.0,103.0,103.0
invoice_05ebe3c2544b469099e4c20c7e6133f9,job_fe35a7d46cd64e60884ed228a0eeacbe,4065,Add Ons - Air Filter Rack,material,1.0,267.0,267.0
invoice_a8cb26ca1a7d467f96ffde266fae9128,job_f03d17e522ae4113a1c612581908f0da,4064,Service & Repair Fee - Standard,labor,1.0,102.0,102.0
invoice_a8cb26ca1a7d467f96ffde266fae9128,job_f03d17e522ae4113a1c612581908f0da,4064,Generic Parts / Service - R410a refrigerant,material,1.0,132.0,132.0
invoice_a8cb26ca1a7d467f96ffde266fae9128,job_f03d17e522ae4113a1c612581908f0da,4064,Service Calls - Repairs & Part Installation - Tier 3 Repair - Micro-Leak Sealant,material,1.0,183.0,183.0
invoice_275a214798e34e0a9dba6342f70a5f5e,job_3b94b68d6292462b901fce01c0040cf4,4063,Service & Repair Fee - Standard,labor,1.0,102.0,102.0
invoice_275a214798e34e0a9dba6342f70a5f5e,job_3b94b68d6292462b901fce01c0040cf4,4063,Service Calls - Repairs & Part Installation - **Tier 3 Repair - Clear Drain Line,labor,2.0,186.0,372.0
invoice_957835784c5f49e983841183031e0547,job_664c24b68883432d9130c9bafebca434,4062,Service & Repair Fee - Standard,labor,1.0,102.0,102.0
invoice_957835784c5f49e983841183031e0547,job_664c24b68883432d9130c9bafebca434,4062,Service Calls - Repairs & Part Installation - **Tier 3 Repair - Clear Drain Line,labor,1.0,186.0,186.0
invoice_dad50a0d05124db1ab87c7bfb295516e,job_022809d6afc3458f9427236f2edeef89,4061,System Installation,labor,1.0,1410.0,1410.0
invoice_dad50a0d05124db1ab87c7bfb295516e,job_022809d6afc3458f9427236f2edeef89,4061,Carrier Coastal Heat Pump - 4 Ton Condenser - 15 SEER,material,1.0,7826.75,7826.75
invoice_dad50a0d05124db1ab87c7bfb295516e,job_022809d6afc3458f9427236f2edeef89,4061,"Comfort Series Fan Coil Multipoise, ECM Motor for Puron Advance - 4 Ton",material,1.0,3504.0,3504.0
invoice_dad50a0d05124db1ab87c7bfb295516e,job_022809d6afc3458f9427236f2edeef89,4061,10 KW Heat Kit,material,1.0,341.75,341.75
invoice_dad50a0d05124db1ab87c7bfb295516e,job_022809d6afc3458f9427236f2edeef89,4061,Honeywell FocusPro N100,material,1.0,194.0,194.0
invoice_e0a92b7970e143aaa53e68391647be69,job_87aa5f2d6fab4d25ba7c4a04ad90b1fa,4060,New System Installation - System Installation,labor,2.0,1584.0,3168.0
invoice_e0a92b7970e143aaa53e68391647be69,job_87aa5f2d6fab4d25ba7c4a04ad90b1fa,4060,3 Ton - BUDGET 14 - Trane 3 Ton 14.3 Seer2 (15 SEER) Heat Pump System,material,1.0,7281.0,7281.0
invoice_e0a92b7970e143aaa53e68391647be69,job_87aa5f2d6fab4d25ba7c4a04ad90b1fa,4060,2 Ton - BUDGET 14 - Trane 2 Ton 14.3 Seer2 (15 SEER) Heat Pump System,material,1.0,6367.0,6367.0
invoice_e0a92b7970e143aaa53e68391647be69,job_87aa5f2d6fab4d25ba7c4a04ad90b1fa,4060,Add Ons - Concrete Pad,material,2.0,256.0,512.0
invoice_8ca4458a095f4bafa61344ca7cfddbb9,job_e4c8c42b2dec464ea4f518215dd7da91,4059,Service Calls - Tidewater Hospitality Service & Repair Fee - Standard,labor,1.0,58.0,58.0
invoice_8ca4458a095f4bafa61344ca7cfddbb9,job_e4c8c42b2dec464ea4f518215dd7da91,4059,Service Calls - Repairs & Part Installation - **Tier 3 Repair - Capacitor Replacement,labor,1.0,180.0,180.0
invoice_4a4011b3d20344f9bfc7e30676cf173f,job_6ba4e47f0f2a46d39f404d57233a5eda,4058,Service & Repair Fee - Standard,labor,1.0,102.0,102.0
invoice_4a4011b3d20344f9bfc7e30676cf173f,job_6ba4e47f0f2a46d39f404d57233a5eda,4058,Service Calls - Repairs & Part Installation - **Tier 3 Repair - Reconfigure PVC,labor,1.0,164.0,164.0
invoice_3e31e6551e66462f9800f8adda119292,job_c4992e5656b14e4b82543fddae6681fb,4057,Service & Repair Fee - Standard,labor,1.0,102.0,102.0
invoice_3e31e6551e66462f9800f8adda119292,job_c4992e5656b14e4b82543fddae6681fb,4057,Service Calls - Repairs & Part Installation - **Tier 3 Repair - Reconfigure PVC,labor,1.0,164.0,164.0
invoice_a8a0031660cd4b2aa02f8b8fe00c0c93,job_13fd17c49c3747368cb599ef3a8dca4a,4056,Service & Repair Fee - Standard,labor,1.0,102.0,102.0
invoice_a8a0031660cd4b2aa02f8b8fe00c0c93,job_13fd17c49c3747368cb599ef3a8dca4a,4056,Service Calls - Repairs & Part Installation - **Tier 3 Repair - Clear Drain Line,labor,1.0,186.0,186.0
invoice_eeff20c2ec604ee8b5e22a8fcdf9fc0f,job_ec784b90948e4f388397502d8dbadbcf,4055,Duct Tidewater Hospitality / Repair - Plenum / Duct Board Replacement - Plenum Only,labor,1.0,436.0,436.0
invoice_9d69885fa1bf4493b021cab6739dd127,job_6dc4566d6c9946c4bab6384acec3acfa,4054,Visit #4,labor,1.0,98.0,98.0
invoice_761802e299504de197c232c138796508,job_34d8a466ebe443d495ff32fb16194597,4053,Service Calls - Repairs & Part Installation - **Tier 3 Repair - Clear Drain Line,labor,1.0,186.0,186.0
invoice_761802e299504de197c232c138796508,job_34d8a466ebe443d495ff32fb16194597,4053,Service & Repair Fee - Standard,labor,1.0,102.0,102.0
invoice_6ab374c324404030aaf08876fb960134,job_715c253afa1f482a9a4f444f77b5bd53,4052,Service Calls - Part Installation - Service,labor,1.0,819.5,819.5
invoice_6ab374c324404030aaf08876fb960134,job_715c253afa1f482a9a4f444f77b5bd53,4052,Unit Specific Parts - Evaporator Coil,material,1.0,1418.0,1418.0
invoice_6ab374c324404030aaf08876fb960134,job_715c253afa1f482a9a4f444f77b5bd53,4052,Generic Parts / Service - Filter dryer,material,1.0,103.0,103.0
invoice_6ab374c324404030aaf08876fb960134,job_715c253afa1f482a9a4f444f77b5bd53,4052,Generic Parts / Service - R410a refrigerant,material,1.0,132.0,132.0
invoice_05e3de1972b348438016dfa32bdf5e34,job_f9e135c62ca84defada87d6fdc8dc4a0,4051,System Installation,labor,1.0,1410.0,1410.0
invoice_05e3de1972b348438016dfa32bdf5e34,job_f9e135c62ca84defada87d6fdc8dc4a0,4051,Carrier Coastal Heat Pump - 2.5 Ton Condenser - 15 SEER,material,1.0,5839.5,5839.5
invoice_05e3de1972b348438016dfa32bdf5e34,job_f9e135c62ca84defada87d6fdc8dc4a0,4051,"Comfort Series Fan Coil Multipoise, ECM Motor for Puron Advance - 2.5 Ton",material,1.0,2323.5,2323.5
invoice_05e3de1972b348438016dfa32bdf5e34,job_f9e135c62ca84defada87d6fdc8dc4a0,4051,Electric Heater - 8kW 240 Volt-Single Phase with Terminal Block,material,1.0,213.75,213.75
invoice_05e3de1972b348438016dfa32bdf5e34,job_f9e135c62ca84defada87d6fdc8dc4a0,4051,Add Ons - Wet Switch,material,1.0,166.0,166.0
invoice_0d6fabc513234023be6944c786013c25,job_3081b94016b34d3cae1a41fcd2a73fcc,4049,Service & Repair Fee - Standard,labor,1.0,102.0,102.0
invoice_0d6fabc513234023be6944c786013c25,job_3081b94016b34d3cae1a41fcd2a73fcc,4049,System Installation,labor,1.0,1410.0,1410.0
invoice_0d6fabc513234023be6944c786013c25,job_3081b94016b34d3cae1a41fcd2a73fcc,4049,Carrier Coastal Heat Pump - 2 Ton Condenser - 15 SEER,material,1.0,5716.75,5716.75
invoice_0d6fabc513234023be6944c786013c25,job_3081b94016b34d3cae1a41fcd2a73fcc,4049,"Comfort Series Fan Coil Multipoise, ECM Motor for Puron Advance - 2 Ton",material,1.0,2163.5,2163.5
invoice_0d6fabc513234023be6944c786013c25,job_3081b94016b34d3cae1a41fcd2a73fcc,4049,Electric Heater - 5kW 240 Volt-Single Phase with Terminal Block,material,1.0,247.0,247.0
invoice_0d6fabc513234023be6944c786013c25,job_3081b94016b34d3cae1a41fcd2a73fcc,4049,Honeywell Home FocusPRO® N100,material,1.0,190.0,190.0
invoice_0d6fabc513234023be6944c786013c25,job_3081b94016b34d3cae1a41fcd2a73fcc,4049,Add Ons - Drain package,material,1.0,277.75,277.75
invoice_fc17d64842034f7cb722cfd639bb446c,job_7fa39b703a9044179013feeb0492fbea,4048,Service & Repair Fee - After-Hours,labor,1.0,167.0,167.0
invoice_fc17d64842034f7cb722cfd639bb446c,job_7fa39b703a9044179013feeb0492fbea,4048,Service Calls - Repairs & Part Installation - **Tier 3 Repair - Clear Drain Line,labor,1.0,186.0,186.0
invoice_32714f1631684f20abe107c62010ee8e,job_f907765c4fd54aa2914dfeeddf733c1c,4047,Preventative Maintenance - Residential Preventative Maintenance,labor,1.0,92.0,92.0
invoice_90653015727c4bfc8711d336b6e96dc7,job_cc50c8e172424f1c9eeebb10cc43dbd6,4046,Service Calls - Service & Repair Fee - After-Hours,labor,1.0,188.0,188.0
invoice_90653015727c4bfc8711d336b6e96dc7,job_cc50c8e172424f1c9eeebb10cc43dbd6,4046,Service Calls - Repairs & Part Installation - **Tier 1 Repair - Re-Adjust SS3 Switch,labor,1.0,24.0,24.0
invoice_010a4c1dd38f40679b17bbb5b7a41aeb,job_8fbd9293f2824279966faef00e4ae080,4045,Service Calls - Service & Repair Fee - After-Hours,labor,1.0,188.0,188.0
invoice_010a4c1dd38f40679b17bbb5b7a41aeb,job_8fbd9293f2824279966faef00e4ae080,4045,Service Calls - Repairs & Part Installation - **Tier 3 Repair - Clear Drain Line,labor,1.0,186.0,186.0
invoice_88cef206a92649de9d741ce9cb1ea27d,job_2555deda55e14433a93c5788fe9d5403,4044,System Installation,labor,1.0,1410.0,1410.0
invoice_88cef206a92649de9d741ce9cb1ea27d,job_2555deda55e14433a93c5788fe9d5403,4044,Carrier Minisplit System - 1 Ton,material,1.0,2878.0,2878.0
invoice_de72266015b148158226be5de5c8cd99,job_3f7e8b1aef6f4a2d978aa6cca374a94c,4043,Service & Repair Fee - Standard,labor,1.0,102.0,102.0
invoice_de72266015b148158226be5de5c8cd99,job_3f7e8b1aef6f4a2d978aa6cca374a94c,4043,MISC Labor - Repair & Solder Copper on True Port,labor,1.0,433.0,433.0
invoice_de72266015b148158226be5de5c8cd99,job_3f7e8b1aef6f4a2d978aa6cca374a94c,4043,Generic Parts / Service - R410a refrigerant,material,14.0,132.0,1848.0
invoice_91ec92db259745d8a25965dce6b87c25,job_51fc9fbde4c64ec98c2efaa7595db2fe,4042,Service Calls - Service & Repair Fee - After-Hours,labor,1.0,188.0,188.0
invoice_91ec92db259745d8a25965dce6b87c25,job_51fc9fbde4c64ec98c2efaa7595db2fe,4042,Service Calls - Repairs & Part Installation - **Tier 2 Repair - Leak Detection Tidewater Hospitality (Bubbles / Electronic),labor,1.0,107.0,107.0
invoice_91ec92db259745d8a25965dce6b87c25,job_51fc9fbde4c64ec98c2efaa7595db2fe,4042,Generic Parts / Service - R410a refrigerant,material,3.0,132.0,396.0
invoice_35059fd7869c49ac8bc542bccd00e622,job_51fc9fbde4c64ec98c2efaa7595db2fe,4041,Service Calls - Service & Repair Fee - After-Hours,labor,1.0,188.0,188.0
invoice_35059fd7869c49ac8bc542bccd00e622,job_51fc9fbde4c64ec98c2efaa7595db2fe,4041,Service Calls - Repairs & Part Installation - **Tier 2 Repair - Leak Detection Tidewater Hospitality (Bubbles / Electronic),labor,1.0,107.0,107.0
invoice_35059fd7869c49ac8bc542bccd00e622,job_51fc9fbde4c64ec98c2efaa7595db2fe,4041,Generic Parts / Service - R410a refrigerant,material,3.0,132.0,396.0
invoice_4ffe33abcbe34eec8f156041ddb99e7e,job_76f06dddefe247fb932bdc9696520997,4040,Service & Repair Fee - Standard,labor,1.0,102.0,102.0
invoice_b8dcff1d5a8144059f968800004fd4c9,job_477994b2f4ee4ed6840a16165ae36cdc,4039,Service & Repair Fee - Standard,labor,1.0,102.0,102.0
invoice_afc789583fff454cade9ad8f940e5706,job_4cbac4f548694c2da137a6fb7034e849,4038,Service & Repair Fee - Standard,labor,1.0,102.0,102.0
invoice_afc789583fff454cade9ad8f940e5706,job_4cbac4f548694c2da137a6fb7034e849,4038,MISC Labor - Soldered Copper & Re-Insulated PVC,labor,1.0,245.0,245.0
invoice_afc789583fff454cade9ad8f940e5706,job_4cbac4f548694c2da137a6fb7034e849,4038,MISC LABOR - Cut & Terminating Attic Line,labor,1.0,790.0,790.0
invoice_27320a551b6d4d4e91106a8d27fe761c,job_f24f55d4e06743ebaad3a7252bdcfd1c,4037,Service - Inspection Report,labor,4.0,102.0,408.0
invoice_fbddee972a8a42ffa531049b7c1b90cc,job_33d93c95cefe458f888dd90426f6e48c,4036,MISC Labor,labor,1.0,1534.0,1534.0
invoice_7c7eaa8e2bfb431d926d2b822c04126c,job_f35b72901332438ba9cf55e6505af0c9,4035,Preventative Maintenance - Residential Preventative Maintenance,labor,1.0,92.0,92.0
invoice_e4c0ac7cdb1645c98db1b05ae56ec94a,job_995899750fd9497f8e7b2e141f9a6ab3,4034,Installation - Service,labor,1.0,547.0,547.0
invoice_e4c0ac7cdb1645c98db1b05ae56ec94a,job_995899750fd9497f8e7b2e141f9a6ab3,4034,Preventative Maintenance - Residential Preventative Maintenance,labor,1.0,0.0,0.0
invoice_e4c0ac7cdb1645c98db1b05ae56ec94a,job_995899750fd9497f8e7b2e141f9a6ab3,4034,Unit Specific Parts - TXV,material,1.0,0.0,0.0
invoice_e4c0ac7cdb1645c98db1b05ae56ec94a,job_995899750fd9497f8e7b2e141f9a6ab3,4034,Generic Parts / Service - R410a refrigerant,material,1.0,132.0,132.0
invoice_e4c0ac7cdb1645c98db1b05ae56ec94a,job_995899750fd9497f8e7b2e141f9a6ab3,4034,Generic Parts / Service - Filter dryer,material,1.0,103.0,103.0
invoice_de5b1da009224ad8b41d13936007a0aa,job_ec3a5890bae741cfab20879c0c9d3386,4033,Visit #4,labor,1.0,0.0,0.0
invoice_efba26e2cd964fb29a87bd8d8479bbf6,job_a6599d0a28ad462480b33e6caa1c6bee,4032,Service & Repair Fee - After-Hours,labor,1.0,167.0,167.0
invoice_efba26e2cd964fb29a87bd8d8479bbf6,job_a6599d0a28ad462480b33e6caa1c6bee,4032,Service Calls - Repairs & Part Installation - Service,labor,1.0,498.25,498.25
invoice_efba26e2cd964fb29a87bd8d8479bbf6,job_a6599d0a28ad462480b33e6caa1c6bee,4032,Service Calls - Repairs & Part Installation - Service,labor,1.0,1319.5,1319.5
invoice_efba26e2cd964fb29a87bd8d8479bbf6,job_a6599d0a28ad462480b33e6caa1c6bee,4032,WARRANTY Parts / Service - WARRANTY - EEV Solenoid & EEV Coil,material,1.0,0.0,0.0
invoice_efba26e2cd964fb29a87bd8d8479bbf6,job_a6599d0a28ad462480b33e6caa1c6bee,4032,Generic Parts / Service - R410a refrigerant,material,1.0,132.0,132.0
invoice_efba26e2cd964fb29a87bd8d8479bbf6,job_a6599d0a28ad462480b33e6caa1c6bee,4032,Generic Parts / Service - Filter dryer,material,1.0,103.0,103.0
invoice_efba26e2cd964fb29a87bd8d8479bbf6,job_a6599d0a28ad462480b33e6caa1c6bee,4032,WARRANTY Parts / Service - WARRANTY - Compressor,material,1.0,0.0,0.0
invoice_efba26e2cd964fb29a87bd8d8479bbf6,job_a6599d0a28ad462480b33e6caa1c6bee,4032,WARRANTY Parts / Service - WARRANTY - TXV,material,1.0,0.0,0.0
invoice_efba26e2cd964fb29a87bd8d8479bbf6,job_a6599d0a28ad462480b33e6caa1c6bee,4032,Generic Parts / Service - R410a refrigerant,material,10.0,132.0,1320.0
invoice_150df9e078394a93b6d56c471003dcdd,job_4177c693daa946f9b3a05c4437f88c5d,4031,Service & Repair Fee - Standard,labor,1.0,102.0,102.0
invoice_150df9e078394a93b6d56c471003dcdd,job_4177c693daa946f9b3a05c4437f88c5d,4031,Service Calls - Repairs & Part Installation - **Tier 3 Repair - Clear Drain Line,labor,1.0,186.0,186.0
invoice_502b35b6de3240d38740bf46216a8744,job_d9869390d2bd4bbca122a41b967efde2,4030,Service & Repair Fee - Standard,labor,1.0,102.0,102.0
invoice_502b35b6de3240d38740bf46216a8744,job_d9869390d2bd4bbca122a41b967efde2,4030,Service Calls - Repairs & Part Installation - Service - $565.47,labor,1.0,537.5,537.5
invoice_502b35b6de3240d38740bf46216a8744,job_d9869390d2bd4bbca122a41b967efde2,4030,WARRANTY Parts / Service - WARRANTY - TXV,material,1.0,206.0,206.0
invoice_502b35b6de3240d38740bf46216a8744,job_d9869390d2bd4bbca122a41b967efde2,4030,Generic Parts / Service - Filter dryer - $100,material,1.0,107.0,107.0
invoice_36508f7ed74446cc9be19cc81ad15eca,job_2106ca87ce4048ec95de583dd9fe6c6b,4029,Service Calls - Repairs & Part Installation - **Tier 2 Repair - Leak Detection Tidewater Hospitality (Bubbles / Electronic),labor,1.0,107.0,107.0
invoice_36508f7ed74446cc9be19cc81ad15eca,job_2106ca87ce4048ec95de583dd9fe6c6b,4029,Service Calls - Repairs & Part Installation - Service,labor,1.0,928.75,928.75
invoice_36508f7ed74446cc9be19cc81ad15eca,job_2106ca87ce4048ec95de583dd9fe6c6b,4029,Unit Specific Parts - Evaporator Coil,material,1.0,0.0,0.0
invoice_36508f7ed74446cc9be19cc81ad15eca,job_2106ca87ce4048ec95de583dd9fe6c6b,4029,Generic Parts / Service - Filter dryer,material,1.0,103.0,103.0
invoice_36508f7ed74446cc9be19cc81ad15eca,job_2106ca87ce4048ec95de583dd9fe6c6b,4029,Generic Parts / Service - R410a refrigerant,material,1.0,132.0,132.0
invoice_351aac5429ca4e489b581c351be04031,job_65ed60c973d4481daaa59049068116e7,4028,Service & Repair Fee - Standard,labor,1.0,102.0,102.0
invoice_01e8281ac50b468581626392589f4d7d,job_27d5af789e6749f9a4eb552816ce4ff7,4027,New System Installation - System Installation,labor,1.0,2276.0,2276.0
invoice_01e8281ac50b468581626392589f4d7d,job_27d5af789e6749f9a4eb552816ce4ff7,4027,Carrier 2 Ton Mini-Split outdoor unit 21-Seer,material,1.0,4856.0,4856.0
invoice_01e8281ac50b468581626392589f4d7d,job_27d5af789e6749f9a4eb552816ce4ff7,4027,Carrier 2 Ton Mini-Split Indoor Unit,material,1.0,1864.0,1864.0
invoice_e40763fabd184af8993ffbf8c3848f47,job_e62a02582eda4aaebb2f775551ffddd5,4026,Preventative Maintenance - Residential Preventative Maintenance,labor,1.0,92.0,92.0
invoice_c6c003621c424308ac55f4db917836f4,job_daae49c1c9754bf985e38f4a837cfeee,4025,Preventative Maintenance - Residential Preventative Maintenance,labor,1.0,92.0,92.0
invoice_6b3681512daa41a39ab9b5295bd67763,job_b741df6fafe744f8a3a1ab42592add80,4024,Service & Repair Fee - Standard,labor,1.0,102.0,102.0
invoice_339644b513a74a73a7d80f3bf96c3488,job_5ae6f5a1a225459c9d2449f3c71f9888,4023,Preventative Maintenance - Residential Preventative Maintenance,labor,1.0,179.0,179.0
invoice_65479fea6a1c4505af0ac74d6b8d6477,job_a1c533aa71e14244b88307ae3a42169a,4022,Visit #4,labor,1.0,180.0,180.0
invoice_a2c9a01285c748528a26b7ab6999d1a4,job_242e1e9791f74c239d96ec3e95be9b5d,4021,Service & Repair Fee - Standard,labor,1.0,102.0,102.0
invoice_a2c9a01285c748528a26b7ab6999d1a4,job_242e1e9791f74c239d96ec3e95be9b5d,4021,Service Calls - Repairs & Part Installation - **Tier 2 Repair - Replace Wire Nut,labor,1.0,51.0,51.0
invoice_72cf0d4cee4d4cf0b4c8c436a6ee3b33,job_a91419eadbc746aba4bc7c5f22e68ba2,4020,Service & Repair Fee - Standard,labor,1.0,102.0,102.0
invoice_72cf0d4cee4d4cf0b4c8c436a6ee3b33,job_a91419eadbc746aba4bc7c5f22e68ba2,4020,Repair Copper Line Set,material,1.0,98.0,98.0
invoice_72cf0d4cee4d4cf0b4c8c436a6ee3b33,job_a91419eadbc746aba4bc7c5f22e68ba2,4020,Generic Parts / Service - R410a refrigerant,material,9.0,132.0,1188.0
invoice_6f0defcf26224aba9697faaf3b49b822,job_c579cc76d72746b09d0d8f8bf192552f,4019,New System Installation - System Installation,labor,1.0,1584.0,1584.0
invoice_6f0defcf26224aba9697faaf3b49b822,job_c579cc76d72746b09d0d8f8bf192552f,4019,BUDGET 14 - RunTru 2 Ton 14.3 Seer2 (15 SEER) Heat Pump System,material,1.0,5068.0,5068.0
invoice_f798fa614dd841fb9a7effd1d793009f,job_7f0c54f1d44a4207a4f419f41f8262a3,4018,Service & Repair Fee - Standard,labor,1.0,102.0,102.0
invoice_f798fa614dd841fb9a7effd1d793009f,job_7f0c54f1d44a4207a4f419f41f8262a3,4018,Service Calls - Repairs & Part Installation - **Tier 3 Repair - Transformer Replacement,labor,1.0,185.0,185.0
invoice_f798fa614dd841fb9a7effd1d793009f,job_7f0c54f1d44a4207a4f419f41f8262a3,4018,Service Calls - Repairs & Part Installation - **Tier 2 Repair - Replace fuse,labor,1.0,97.0,97.0
invoice_f798fa614dd841fb9a7effd1d793009f,job_7f0c54f1d44a4207a4f419f41f8262a3,4018,Service Calls - Repairs & Part Installation - Service,labor,1.0,498.25,498.25
invoice_f798fa614dd841fb9a7effd1d793009f,job_7f0c54f1d44a4207a4f419f41f8262a3,4018,WARRANTY Parts / Service - WARRANTY - Indoor Blower Motor,material,1.0,0.0,0.0
invoice_6ee2d03e8cab424b851a3aec390f91a1,job_fd1ed5ac422b49e284980c43671c6176,4017,Visit #4,labor,1.0,98.0,98.0
invoice_7b67d0f18f124402b5bd39bd2c85006e,job_ced8cf63c7314d04a8f46e411f187dba,4016,Service Calls - Repairs & Part Installation - **Tier 3 Repair - Transformer Replacement,labor,1.0,185.0,185.0
invoice_7b67d0f18f124402b5bd39bd2c85006e,job_ced8cf63c7314d04a8f46e411f187dba,4016,Visit #4,labor,1.0,98.0,98.0
invoice_87178f991eeb43a3b6ee83768a0acf91,job_87aa5f2d6fab4d25ba7c4a04ad90b1fa,4015,New System Installation - System Installation,labor,2.0,1584.0,3168.0
invoice_87178f991eeb43a3b6ee83768a0acf91,job_87aa5f2d6fab4d25ba7c4a04ad90b1fa,4015,3 Ton - BUDGET 14 - Trane 3 Ton 14.3 Seer2 (15 SEER) Heat Pump System,material,1.0,7281.0,7281.0
invoice_87178f991eeb43a3b6ee83768a0acf91,job_87aa5f2d6fab4d25ba7c4a04ad90b1fa,4015,2 Ton - BUDGET 14 - Trane 2 Ton 14.3 Seer2 (15 SEER) Heat Pump System,material,1.0,6367.0,6367.0
invoice_c76c2872b8c24bd78c50b3187ae1c9aa,job_2ce905499b624dceab8b663d15f2e882,4014,Service Calls - Service & Repair Fee - Standard,labor,1.0,96.0,96.0
invoice_c76c2872b8c24bd78c50b3187ae1c9aa,job_2ce905499b624dceab8b663d15f2e882,4014,Service Calls - Repairs & Part Installation - **Tier 2 Repair - Leak Detection Tidewater Hospitality (Bubbles / Electronic),labor,1.0,107.0,107.0
invoice_c76c2872b8c24bd78c50b3187ae1c9aa,job_2ce905499b624dceab8b663d15f2e882,4014,Service Calls - Repairs & Part Installation - Service,labor,1.0,1151.5,1151.5
invoice_c76c2872b8c24bd78c50b3187ae1c9aa,job_2ce905499b624dceab8b663d15f2e882,4014,Service Calls - Repairs & Part Installation - Service,labor,1.0,498.25,498.25
invoice_c76c2872b8c24bd78c50b3187ae1c9aa,job_2ce905499b624dceab8b663d15f2e882,4014,Service Calls - Repairs & Part Installation - Service,labor,1.0,436.0,436.0
invoice_c76c2872b8c24bd78c50b3187ae1c9aa,job_2ce905499b624dceab8b663d15f2e882,4014,Generic Parts / Service - Filter dryer,material,1.0,103.0,103.0
invoice_c76c2872b8c24bd78c50b3187ae1c9aa,job_2ce905499b624dceab8b663d15f2e882,4014,WARRANTY Parts / Service - WARRANTY - Evaporator Coil + TXV,material,1.0,0.0,0.0
invoice_c76c2872b8c24bd78c50b3187ae1c9aa,job_2ce905499b624dceab8b663d15f2e882,4014,Generic Parts / Service - R410a refrigerant,material,7.0,132.0,924.0
invoice_c76c2872b8c24bd78c50b3187ae1c9aa,job_2ce905499b624dceab8b663d15f2e882,4014,WARRANTY Parts / Service - WARRANTY - Indoor Blower Motor,material,1.0,0.0,0.0
invoice_c76c2872b8c24bd78c50b3187ae1c9aa,job_2ce905499b624dceab8b663d15f2e882,4014,Unit Specific Parts - Indoor Communications Board,material,1.0,0.0,0.0
invoice_c76c2872b8c24bd78c50b3187ae1c9aa,job_2ce905499b624dceab8b663d15f2e882,4014,Generic Parts / Service - Surge Protector,material,3.0,129.0,387.0
invoice_4ccbb73cb1dc4c1e88631dea89307ca7,job_f2b670e2e8d84991b6a8cd214a8f1956,4013,Preventative Maintenance - Residential Preventative Maintenance,labor,1.0,179.0,179.0
invoice_4ccbb73cb1dc4c1e88631dea89307ca7,job_f2b670e2e8d84991b6a8cd214a8f1956,4013,System Installation,labor,1.0,1410.0,1410.0
invoice_4ccbb73cb1dc4c1e88631dea89307ca7,job_f2b670e2e8d84991b6a8cd214a8f1956,4013,Carrier Coastal Heat Pump - 1.5 Ton Condenser - 15 SEER,material,1.0,5221.5,5221.5
invoice_4ccbb73cb1dc4c1e88631dea89307ca7,job_f2b670e2e8d84991b6a8cd214a8f1956,4013,"Comfort Series Fan Coil Multipoise, ECM Motor for Puron Advance - 1.5 Ton",material,1.0,2146.5,2146.5
invoice_4ccbb73cb1dc4c1e88631dea89307ca7,job_f2b670e2e8d84991b6a8cd214a8f1956,4013,Electric Heater - 5kW 240 Volt-Single Phase with Terminal Block,material,1.0,247.0,247.0
invoice_4ccbb73cb1dc4c1e88631dea89307ca7,job_f2b670e2e8d84991b6a8cd214a8f1956,4013,Honeywell Home FocusPRO® N100,material,1.0,190.0,190.0
invoice_59ea2322eb1d47d7b747e3e458250f1b,job_ddb02d26c1de4735be75ceaec4dc3240,4012,Service Calls - Tidewater Hospitality Service & Repair Fee - Standard,labor,1.0,58.0,58.0
invoice_59ea2322eb1d47d7b747e3e458250f1b,job_ddb02d26c1de4735be75ceaec4dc3240,4012,Generic Parts / Service - R410a refrigerant,material,5.0,132.0,660.0
invoice_f1cf0f48cdf44ee59abd8033efe99d68,job_98eccb9512fd41dba5cb6d0db0790512,4011,New System Installation - System Installation,labor,1.0,1584.0,1584.0
invoice_f1cf0f48cdf44ee59abd8033efe99d68,job_98eccb9512fd41dba5cb6d0db0790512,4011,3 Ton - PREMIUM PREMIER 18 - 3 Ton (19 SEER) Heat Pump System (Inv 75 Speed - Communicating),material,1.0,13023.0,13023.0
invoice_f1cf0f48cdf44ee59abd8033efe99d68,job_98eccb9512fd41dba5cb6d0db0790512,4011,Add Ons - Concrete Pad,material,1.0,256.0,256.0
invoice_f1cf0f48cdf44ee59abd8033efe99d68,job_98eccb9512fd41dba5cb6d0db0790512,4011,Add Ons - Drain package,material,1.0,277.75,277.75
invoice_172a68c49f7146d38590e751b80eb33f,job_678873dc5edd418b97d620624f956469,4010,Service Calls - Repairs & Part Installation - **Tier 3 Repair - Capacitor Replacement,labor,1.0,180.0,180.0
invoice_172a68c49f7146d38590e751b80eb33f,job_678873dc5edd418b97d620624f956469,4010,Service Calls - Tidewater Hospitality Service & Repair Fee - Standard,labor,1.0,58.0,58.0
invoice_0d2a0a93dff849c09a3cb77025d136cb,job_eed53a0407de4601aa36d11ca5435ffc,4009,MISC Repair - Solder Copper Line (Leak Repair),labor,1.0,291.0,291.0
invoice_0d2a0a93dff849c09a3cb77025d136cb,job_eed53a0407de4601aa36d11ca5435ffc,4009,Visit #3,labor,1.0,97.0,97.0
invoice_0d2a0a93dff849c09a3cb77025d136cb,job_eed53a0407de4601aa36d11ca5435ffc,4009,Generic Parts / Service - R410a refrigerant,material,1.0,132.0,132.0
invoice_a7e3adc9d859409ba64713825d76bd9e,job_15f3e4e9d8cb4d9a801cbd454ea61b72,4008,Visit #4,labor,1.0,0.0,0.0
invoice_6729748c5d194c2f8252c2090b74a79a,job_fd0a7a2f630b404a843584018384ccc7,4007,Preventative Maintenance - Residential Preventative Maintenance,labor,1.0,92.0,92.0
invoice_ee19bcd1a0bf4f5e8a54a5fde3f527f7,job_a1dde74d13aa4013a31330b72a96e5cd,4006,Service & Repair Fee - Standard,labor,1.0,102.0,102.0
invoice_ee19bcd1a0bf4f5e8a54a5fde3f527f7,job_a1dde74d13aa4013a31330b72a96e5cd,4006,Service Calls - Repairs & Part Installation - **Tier 3 Repair - Contactor Replacement,labor,1.0,179.0,179.0
invoice_ba19da5423fc40518095b2372c6c145a,job_ccc4aaa5cad542e49748202d1cbb79f4,4005,Service Calls - Service & Repair Fee - After-Hours,labor,1.0,188.0,188.0
invoice_ba19da5423fc40518095b2372c6c145a,job_ccc4aaa5cad542e49748202d1cbb79f4,4005,Service Calls - Repairs & Part Installation - **Tier 2 Repair - Leak Detection Tidewater Hospitality (Bubbles / Electronic),labor,1.0,107.0,107.0
invoice_ba19da5423fc40518095b2372c6c145a,job_ccc4aaa5cad542e49748202d1cbb79f4,4005,Generic Parts / Service - R410a refrigerant,material,1.0,132.0,132.0
invoice_d934a2a260e546baa48b283531717e62,job_f9e135c62ca84defada87d6fdc8dc4a0,4004,System Installation,labor,1.0,1410.0,1410.0
invoice_d934a2a260e546baa48b283531717e62,job_f9e135c62ca84defada87d6fdc8dc4a0,4004,Carrier Coastal Heat Pump - 2.5 Ton Condenser - 15 SEER,material,1.0,5839.5,5839.5
invoice_d934a2a260e546baa48b283531717e62,job_f9e135c62ca84defada87d6fdc8dc4a0,4004,"Comfort Series Fan Coil Multipoise, ECM Motor for Puron Advance - 2.5 Ton",material,1.0,2323.5,2323.5
invoice_d934a2a260e546baa48b283531717e62,job_f9e135c62ca84defada87d6fdc8dc4a0,4004,Electric Heater - 8kW 240 Volt-Single Phase with Terminal Block,material,1.0,213.75,213.75
invoice_d934a2a260e546baa48b283531717e62,job_f9e135c62ca84defada87d6fdc8dc4a0,4004,Add Ons - Drain package,material,1.0,277.75,277.75
invoice_cb5b923f27404ca8af080e189fad2d6d,job_65e1843459964b8cb2e3e9fad7c32aae,4003,System Installation,labor,2.0,1410.0,2820.0
invoice_cb5b923f27404ca8af080e189fad2d6d,job_65e1843459964b8cb2e3e9fad7c32aae,4003,Trane Coastal Heat Pump - 5 Ton Condenser - 18 SEER,material,1.0,11005.5,11005.5
invoice_cb5b923f27404ca8af080e189fad2d6d,job_65e1843459964b8cb2e3e9fad7c32aae,4003,5 Ton Residential Fan Coil Multipoise with InteliSense Technology,material,1.0,4948.5,4948.5
invoice_cb5b923f27404ca8af080e189fad2d6d,job_65e1843459964b8cb2e3e9fad7c32aae,4003,10 KW Heat Kit,material,1.0,341.75,341.75
invoice_cb5b923f27404ca8af080e189fad2d6d,job_65e1843459964b8cb2e3e9fad7c32aae,4003,Generic Parts / Service - Ecobee 6 Thermostat,material,2.0,499.25,998.5
invoice_cb5b923f27404ca8af080e189fad2d6d,job_65e1843459964b8cb2e3e9fad7c32aae,4003,Trane Coastal Heat Pump - 4 Ton Condenser - 18 SEER,material,1.0,11047.75,11047.75
invoice_cb5b923f27404ca8af080e189fad2d6d,job_65e1843459964b8cb2e3e9fad7c32aae,4003,4 Ton Residential Fan Coil Multipoise with InteliSense Technology,material,1.0,4186.75,4186.75
invoice_cb5b923f27404ca8af080e189fad2d6d,job_65e1843459964b8cb2e3e9fad7c32aae,4003,8kW Electric Heater Kit (208/240-1),material,1.0,261.25,261.25
invoice_cb5b923f27404ca8af080e189fad2d6d,job_65e1843459964b8cb2e3e9fad7c32aae,4003,Reme Halo Zero,material,2.0,937.0,1874.0
invoice_cb5b923f27404ca8af080e189fad2d6d,job_65e1843459964b8cb2e3e9fad7c32aae,4003,Blu QR UV Stick Horton,material,2.0,208.0,416.0
invoice_cb5b923f27404ca8af080e189fad2d6d,job_65e1843459964b8cb2e3e9fad7c32aae,4003,I-Flow Drain management system,material,2.0,282.0,564.0
invoice_1b10b356313b4a29a2cd6e7b28e058ad,job_e252834cb1124fb181a5edfa101d59b6,4002,Visit #4,labor,1.0,180.0,180.0
invoice_2f591384debc489fbfa35a61825cd1f9,job_3e50ada4f4ba489eb93424804e5e6926,4001,Preventative Maintenance - Residential Preventative Maintenance,labor,4.0,92.0,368.0
invoice_22c6f5a2809d48cf94d7c1712950586b,job_3e50ada4f4ba489eb93424804e5e6926,4000,Preventative Maintenance - Residential Preventative Maintenance,labor,1.0,354.0,354.0
invoice_be5bbeddd4674a828980481abba0df16,job_bde75897f64e4836bb6b3ecb64c94cdc,3999,New Construction - New Construction,labor,672.0,41.0,27552.0
invoice_be5bbeddd4674a828980481abba0df16,job_bde75897f64e4836bb6b3ecb64c94cdc,3999,New Construction - Rough-In & Trim-Out,material,7.0,5157.0,36099.0
invoice_be5bbeddd4674a828980481abba0df16,job_bde75897f64e4836bb6b3ecb64c94cdc,3999,3.5 Ton - Carrier Heat Pump - 3.5 Ton Condenser - 15 SEER,material,7.0,5399.0,37793.0
invoice_be5bbeddd4674a828980481abba0df16,job_bde75897f64e4836bb6b3ecb64c94cdc,3999,"3.5 Ton - Comfort Series Fan Coil Multipoise, ECM Motor for Puron Advance - 3.5 Ton",material,7.0,2369.0,16583.0
invoice_be5bbeddd4674a828980481abba0df16,job_bde75897f64e4836bb6b3ecb64c94cdc,3999,10 kW - Electric Heater - 10kW 240 Volt-Single Phase with Terminal Block,material,7.0,201.0,1407.0
invoice_be5bbeddd4674a828980481abba0df16,job_bde75897f64e4836bb6b3ecb64c94cdc,3999,Generic Parts / Service - Honeywell FocusPro 5000,material,7.0,194.0,1358.0
invoice_547c9b959fcf43feb9b20699283cc106,job_284ad21bf29042379cc3459345725a14,3998,Service Calls - Repairs & Part Installation - Service,labor,1.0,257.75,257.75
invoice_547c9b959fcf43feb9b20699283cc106,job_284ad21bf29042379cc3459345725a14,3998,Generic Parts / Service - Heat Kit,material,1.0,453.0,453.0
invoice_70cdb1997f914da8b526a57a4d240104,job_c8271ac75760452bb4809a23f4f408fa,3997,Service & Repair Fee - Standard,labor,1.0,102.0,102.0
invoice_e407a6d89ca347a9bd5c048d47b97c8b,job_54dd6a50ff4c4854b295548106fb26c6,3996,Service & Repair Fee - After-Hours,labor,1.0,167.0,167.0
invoice_e407a6d89ca347a9bd5c048d47b97c8b,job_54dd6a50ff4c4854b295548106fb26c6,3996,Service Calls - Repairs & Part Installation - **Tier 2 Repair - Coil clean in place,labor,1.0,154.0,154.0
invoice_e407a6d89ca347a9bd5c048d47b97c8b,job_54dd6a50ff4c4854b295548106fb26c6,3996,Melt Coil,labor,1.0,94.0,94.0
invoice_7ff33c84cc4345cbaeced4efd15329b1,job_8a2bbb28491d4514a9d581393c71f315,3995,Service & Repair Fee - After-Hours,labor,1.0,167.0,167.0
invoice_7ff33c84cc4345cbaeced4efd15329b1,job_8a2bbb28491d4514a9d581393c71f315,3995,Service Calls - Repairs & Part Installation - **Tier 2 Repair - Leak Detection Tidewater Hospitality (Bubbles / Electronic),labor,1.0,107.0,107.0
invoice_7ff33c84cc4345cbaeced4efd15329b1,job_8a2bbb28491d4514a9d581393c71f315,3995,System Installation,labor,1.0,1410.0,1410.0
invoice_7ff33c84cc4345cbaeced4efd15329b1,job_8a2bbb28491d4514a9d581393c71f315,3995,Carrier Coastal Heat Pump - 3 Ton Condenser - 15 SEER,material,1.0,6627.5,6627.5
invoice_7ff33c84cc4345cbaeced4efd15329b1,job_8a2bbb28491d4514a9d581393c71f315,3995,"Comfort Series Fan Coil Multipoise, ECM Motor for Puron Advance - 3 Ton",material,1.0,2449.0,2449.0
invoice_7ff33c84cc4345cbaeced4efd15329b1,job_8a2bbb28491d4514a9d581393c71f315,3995,Electric Heater - 8kW 240 Volt-Single Phase with Terminal Block,material,1.0,213.75,213.75
invoice_7ff33c84cc4345cbaeced4efd15329b1,job_8a2bbb28491d4514a9d581393c71f315,3995,Honeywell Home FocusPRO® N100,material,1.0,190.0,190.0
invoice_7ff33c84cc4345cbaeced4efd15329b1,job_8a2bbb28491d4514a9d581393c71f315,3995,Generic Parts / Service - R410a refrigerant,material,3.0,132.0,396.0
invoice_2a022f2ceddd45ccafa3f11475c120bd,job_8c3e415420a14c1b8f663578a479720f,3994,Service & Repair Fee - After-Hours,labor,1.0,167.0,167.0
invoice_2a022f2ceddd45ccafa3f11475c120bd,job_8c3e415420a14c1b8f663578a479720f,3994,Service Calls - Repairs & Part Installation - **Tier 2 Repair - Replace safety switch,labor,1.0,103.0,103.0
invoice_ee3c57ec80c845a49f2cca312c60e320,job_1c396687a20c422dba078ad0721d175a,3993,Service & Repair Fee - After-Hours,labor,1.0,167.0,167.0
invoice_ee3c57ec80c845a49f2cca312c60e320,job_1c396687a20c422dba078ad0721d175a,3993,Service Calls - Repairs & Part Installation - **Tier 3 Repair - Clear Drain Line,labor,1.0,186.0,186.0
invoice_7ef4d348834240808b8a535b5b26f37a,job_56a7696349974093a22bd90103467f1f,3992,Service Calls - Tidewater Hospitality Service & Repair Fee - After Hours,labor,1.0,92.0,92.0
invoice_7ef4d348834240808b8a535b5b26f37a,job_56a7696349974093a22bd90103467f1f,3992,Service Calls - Repairs & Part Installation - **Tier 3 Repair - Clear Drain Line,labor,1.0,186.0,186.0
invoice_ae53939f44fb4ff995adaa211edb350c,job_4ecc5bbe2b8f42068388b4083fecad30,3991,Service & Repair Fee - Standard,labor,1.0,102.0,102.0
invoice_ae53939f44fb4ff995adaa211edb350c,job_4ecc5bbe2b8f42068388b4083fecad30,3991,Service Calls - Repairs & Part Installation - **Tier 3 Repair - Reconfigure PVC + Replace Float Switch,labor,1.0,172.0,172.0
invoice_ae53939f44fb4ff995adaa211edb350c,job_4ecc5bbe2b8f42068388b4083fecad30,3991,Service Calls - Repairs & Part Installation - **Tier 3 Repair - Contactor Replacement,labor,1.0,179.0,179.0
invoice_3d9a313cdcf749a8ab2b1c9de3b6ee45,job_0c05f042c019427b88b0442f84a8d179,3990,System Installation,labor,1.0,1410.0,1410.0
invoice_3d9a313cdcf749a8ab2b1c9de3b6ee45,job_0c05f042c019427b88b0442f84a8d179,3990,Trane 17 SEER Standard HVAC System,material,1.0,8501.0,8501.0
invoice_3d9a313cdcf749a8ab2b1c9de3b6ee45,job_0c05f042c019427b88b0442f84a8d179,3990,Generic Parts / Service - Surge Protector,material,1.0,129.0,129.0
invoice_3d9a313cdcf749a8ab2b1c9de3b6ee45,job_0c05f042c019427b88b0442f84a8d179,3990,Generic Parts / Service - FREE Bio-Fresh Duct Cleaning,material,1.0,0.0,0.0
invoice_ae648ce5997c4556888acbd14e88fe82,job_aabe229778844e52b7e4a72c4dd3e9e1,3989,Service & Repair Fee - Standard,labor,1.0,102.0,102.0
invoice_ae648ce5997c4556888acbd14e88fe82,job_aabe229778844e52b7e4a72c4dd3e9e1,3989,Service Calls - Repairs & Part Installation - **Tier 2 Repair - Replace fuse,labor,1.0,97.0,97.0
invoice_ae648ce5997c4556888acbd14e88fe82,job_aabe229778844e52b7e4a72c4dd3e9e1,3989,Service Calls - Repairs & Part Installation - Tier 3 Repair - Low Voltage Condenser Wire Replacement,labor,1.0,108.0,108.0
invoice_df7c11fd1b0d4682ad885ae9ee0ade8a,job_3a7f961872e6407f8068078940324894,3988,Service Calls - Service & Repair Fee - Standard,labor,1.0,96.0,96.0
invoice_9b5a323900c3411ca9d57034e7e852e2,job_f3884f18b84c495e9972191585bfb56c,3987,Service & Repair Fee - Standard,labor,1.0,102.0,102.0
invoice_0031031fbe744bd5ac99e43c498efeba,job_92d3a81ea1aa41098cc9b2c51cd6b1cd,3986,Service & Repair Fee - After-Hours,labor,1.0,167.0,167.0
invoice_53f4b2043d4d44449800ca40aa7d2fc3,job_5dae471723ee42eca779854b735574f4,3985,Service & Repair Fee - Standard,labor,1.0,102.0,102.0
invoice_cfb3508c4b7744df871bdee77c507b8e,job_14afe9a0e29c4c5fa23930ac6429c223,3984,Preventative Maintenance - Residential Preventative Maintenance,labor,1.0,74.0,74.0
invoice_cfb3508c4b7744df871bdee77c507b8e,job_14afe9a0e29c4c5fa23930ac6429c223,3984,Visit #4,labor,1.0,0.0,0.0
invoice_b821b3f817eb4207b61967615c331688,job_8355005646a042ee804bd4c7c50001a6,3983,Service & Repair Fee - Standard,labor,1.0,102.0,102.0
invoice_b821b3f817eb4207b61967615c331688,job_8355005646a042ee804bd4c7c50001a6,3983,Service Calls - Repairs & Part Installation - **Tier 3 Repair - Capacitor Replacement,labor,1.0,180.0,180.0
invoice_b821b3f817eb4207b61967615c331688,job_8355005646a042ee804bd4c7c50001a6,3983,MISC Labor - High Pressure Switch,labor,1.0,515.0,515.0
invoice_b821b3f817eb4207b61967615c331688,job_8355005646a042ee804bd4c7c50001a6,3983,Generic Parts / Service - R410a refrigerant,material,3.0,132.0,396.0
invoice_b821b3f817eb4207b61967615c331688,job_8355005646a042ee804bd4c7c50001a6,3983,WARRANTY Parts / Service - WARRANTY - High Pressure Switch,material,1.0,0.0,0.0
invoice_f5ad181a637b4d4d98d0f9eb75d3931f,job_27d5af789e6749f9a4eb552816ce4ff7,3982,New System Installation - System Installation,labor,1.0,2276.0,2276.0
invoice_f5ad181a637b4d4d98d0f9eb75d3931f,job_27d5af789e6749f9a4eb552816ce4ff7,3982,Carrier 2 Ton Mini-Split outdoor unit 21-Seer,material,1.0,4856.0,4856.0
invoice_f5ad181a637b4d4d98d0f9eb75d3931f,job_27d5af789e6749f9a4eb552816ce4ff7,3982,Carrier 2 Ton Mini-Split Indoor Unit,material,1.0,1864.0,1864.0
invoice_864bfae029ed426a953600ad88f20f82,job_09e98154666a47f392c2b785720047fa,3981,Service Calls - Repairs & Part Installation - Service,labor,1.0,498.25,498.25
invoice_864bfae029ed426a953600ad88f20f82,job_09e98154666a47f392c2b785720047fa,3981,Service Calls - Repairs & Part Installation - Service,labor,1.0,257.75,257.75
invoice_864bfae029ed426a953600ad88f20f82,job_09e98154666a47f392c2b785720047fa,3981,Preventative Maintenance - Residential Preventative Maintenance,labor,2.0,92.0,184.0
invoice_864bfae029ed426a953600ad88f20f82,job_09e98154666a47f392c2b785720047fa,3981,WARRANTY Parts / Service - WARRANTY - Condenser Fan Motor,material,1.0,0.0,0.0
invoice_864bfae029ed426a953600ad88f20f82,job_09e98154666a47f392c2b785720047fa,3981,8 kW - 8kW Electric Heater Kit (208/240-1),material,1.0,0.0,0.0
invoice_7e0898ffdd8e40fbab46c8f24409089e,job_09e98154666a47f392c2b785720047fa,3980,Service Calls - Repairs & Part Installation - Service,labor,1.0,498.25,498.25
invoice_7e0898ffdd8e40fbab46c8f24409089e,job_09e98154666a47f392c2b785720047fa,3980,Service Calls - Repairs & Part Installation - Service,labor,1.0,257.75,257.75
invoice_7e0898ffdd8e40fbab46c8f24409089e,job_09e98154666a47f392c2b785720047fa,3980,Preventative Maintenance - Residential Preventative Maintenance,labor,1.0,179.0,179.0
invoice_7e0898ffdd8e40fbab46c8f24409089e,job_09e98154666a47f392c2b785720047fa,3980,WARRANTY Parts / Service - WARRANTY - Condenser Fan Motor,material,1.0,0.0,0.0
invoice_7e0898ffdd8e40fbab46c8f24409089e,job_09e98154666a47f392c2b785720047fa,3980,8 kW - 8kW Electric Heater Kit (208/240-1),material,1.0,0.0,0.0
invoice_d66c6771c8ea4fb8a1bcac28c5887b3a,job_5e553998f4c44e76ac4bdcd99ca69561,3979,Service & Repair Fee - After-Hours,labor,1.0,167.0,167.0
invoice_d66c6771c8ea4fb8a1bcac28c5887b3a,job_5e553998f4c44e76ac4bdcd99ca69561,3979,Service Calls - Repairs & Part Installation - **Tier 3 Repair - Contactor Replacement,labor,1.0,179.0,179.0
invoice_d66c6771c8ea4fb8a1bcac28c5887b3a,job_5e553998f4c44e76ac4bdcd99ca69561,3979,Service Calls - Repairs & Part Installation - **Tier 3 Repair - Transformer Replacement,labor,1.0,185.0,185.0
invoice_d66c6771c8ea4fb8a1bcac28c5887b3a,job_5e553998f4c44e76ac4bdcd99ca69561,3979,Service Calls - Repairs & Part Installation - Tier 3 Repair - Re-Run Thermostat Wire,labor,1.0,185.0,185.0
invoice_b959f17ae9d942408cdf9bbc58561601,job_3de3bd85e43240169fa8861b66412e2b,3978,Service Calls - Service & Repair Fee - Standard,labor,1.0,96.0,96.0
invoice_b959f17ae9d942408cdf9bbc58561601,job_3de3bd85e43240169fa8861b66412e2b,3978,Service Calls - Repairs & Part Installation - Service,labor,1.0,543.0,543.0
invoice_b959f17ae9d942408cdf9bbc58561601,job_3de3bd85e43240169fa8861b66412e2b,3978,Generic Parts / Service - R410a refrigerant,material,3.0,132.0,396.0
invoice_b959f17ae9d942408cdf9bbc58561601,job_3de3bd85e43240169fa8861b66412e2b,3978,WARRANTY Parts / Service - WARRANTY - TXV,material,1.0,0.0,0.0
invoice_b959f17ae9d942408cdf9bbc58561601,job_3de3bd85e43240169fa8861b66412e2b,3978,Generic Parts / Service - R410a refrigerant,material,2.0,132.0,264.0
invoice_9a23e5c137134b699fbf82638ce92c90,job_b6ab95245e724b56b94792599995b8c4,3977,Service Calls - Repairs & Part Installation - **Tier 3 Repair - Capacitor Replacement,labor,1.0,180.0,180.0
invoice_9a23e5c137134b699fbf82638ce92c90,job_b6ab95245e724b56b94792599995b8c4,3977,Visit #4,labor,1.0,180.0,180.0
invoice_9a23e5c137134b699fbf82638ce92c90,job_b6ab95245e724b56b94792599995b8c4,3977,Generic Parts / Service - R410a refrigerant,material,1.0,132.0,132.0
invoice_869b41563c6b4ca1a3ca0553cfff4244,job_d7bc5aa0376a4d0391d4af9ad650d315,3976,General Labor - Install Temp AC,labor,1.0,243.0,243.0
invoice_d17195b9d1f04dc49d38d03d9b5baded,job_c285fdb7247840bd8ee4cd0bf574dd13,3975,Preventative Maintenance - Residential Preventative Maintenance,labor,1.0,92.0,92.0
invoice_49af4694e3214455948db09dee066faf,job_ede9294351324394b095c5bce80fa997,3974,Service Calls - Repairs & Part Installation - **Tier 3 Repair - Capacitor Replacement,labor,1.0,180.0,180.0
invoice_49af4694e3214455948db09dee066faf,job_ede9294351324394b095c5bce80fa997,3974,Visit #2,labor,1.0,185.0,185.0
invoice_6decff70973b4e2b829ee95f4f6cd5af,job_98eccb9512fd41dba5cb6d0db0790512,3973,New System Installation - System Installation,labor,1.0,1584.0,1584.0
invoice_6decff70973b4e2b829ee95f4f6cd5af,job_98eccb9512fd41dba5cb6d0db0790512,3973,3 Ton - PREMIUM PREMIER 18 - 3 Ton (19 SEER) Heat Pump System (Inv 75 Speed - Communicating),material,1.0,13023.0,13023.0
invoice_6decff70973b4e2b829ee95f4f6cd5af,job_98eccb9512fd41dba5cb6d0db0790512,3973,Add Ons - Concrete Pad,material,1.0,256.0,256.0
invoice_6decff70973b4e2b829ee95f4f6cd5af,job_98eccb9512fd41dba5cb6d0db0790512,3973,Add Ons - Drain package,material,1.0,277.75,277.75
invoice_e55397af58cf41a393af93347423b49f,job_750364b56fc0496789552da517008965,3972,Service Calls - Repairs & Part Installation - **Tier 3 Repair - Capacitor Replacement,labor,1.0,180.0,180.0
invoice_e55397af58cf41a393af93347423b49f,job_750364b56fc0496789552da517008965,3972,Visit #16,labor,1.0,108.0,108.0
invoice_e55397af58cf41a393af93347423b49f,job_750364b56fc0496789552da517008965,3972,Generic Parts / Service - R410a refrigerant,material,2.0,132.0,264.0
invoice_8dd9b185a19c4196acb312c6d2e7542e,job_3081b94016b34d3cae1a41fcd2a73fcc,3971,Service & Repair Fee - Standard,labor,1.0,102.0,102.0
invoice_8dd9b185a19c4196acb312c6d2e7542e,job_3081b94016b34d3cae1a41fcd2a73fcc,3971,System Installation,labor,1.0,1410.0,1410.0
invoice_8dd9b185a19c4196acb312c6d2e7542e,job_3081b94016b34d3cae1a41fcd2a73fcc,3971,Carrier Coastal Heat Pump - 2 Ton Condenser - 15 SEER,material,1.0,5716.75,5716.75
invoice_8dd9b185a19c4196acb312c6d2e7542e,job_3081b94016b34d3cae1a41fcd2a73fcc,3971,"Comfort Series Fan Coil Multipoise, ECM Motor for Puron Advance - 2 Ton",material,1.0,2163.5,2163.5
invoice_8dd9b185a19c4196acb312c6d2e7542e,job_3081b94016b34d3cae1a41fcd2a73fcc,3971,Electric Heater - 5kW 240 Volt-Single Phase with Terminal Block,material,1.0,247.0,247.0
invoice_8dd9b185a19c4196acb312c6d2e7542e,job_3081b94016b34d3cae1a41fcd2a73fcc,3971,Honeywell Home FocusPRO® N100,material,1.0,190.0,190.0
invoice_8dd9b185a19c4196acb312c6d2e7542e,job_3081b94016b34d3cae1a41fcd2a73fcc,3971,Add Ons - Drain package,material,1.0,277.75,277.75
invoice_37c7bb3eed3b4aa1af3174f6ba037d96,job_9981035f7356415b8abc0e3bd5c908f6,3970,Generic Parts / Service - Ecobee 3 Thermostat,material,2.0,330.0,660.0
invoice_ff7d210e85094a36826660e406d70c93,job_73352986f4bb4a3fa0cf99107d2fb057,3969,Visit #3,labor,1.0,97.0,97.0
invoice_813015c6a9244f4b9b296b63bb1a8f06,job_444950db0ecd4e68b51b9dd28d1e618a,3968,Visit #4,labor,1.0,0.0,0.0
invoice_7be4b73da23e4a76b59fa676dce92c5e,job_b5164257a6734c4ca3ccc19bafcf94df,3967,Visit #4,labor,1.0,0.0,0.0
invoice_ae0656fb77044f3291395e36506cf10f,job_6c4d485daa3740d4b7243cca869cc1af,3966,Visit #1,labor,1.0,317.0,317.0
invoice_745439dafb8a474794e5846e7b8a1c84,job_8596f66d67824e86af72d874e72a2495,3965,Preventative Maintenance - Residential Preventative Maintenance,labor,1.0,92.0,92.0
invoice_5439b1c594e14e7a93b289f549ed0a29,job_fedeb5e96ef3437d9340d2742494cd90,3964,Service Calls - Service & Repair Fee - After-Hours,labor,1.0,188.0,188.0
invoice_5439b1c594e14e7a93b289f549ed0a29,job_fedeb5e96ef3437d9340d2742494cd90,3964,Service Calls - Repairs & Part Installation - **Tier 3 Repair - Capacitor Replacement,labor,1.0,180.0,180.0
invoice_5439b1c594e14e7a93b289f549ed0a29,job_fedeb5e96ef3437d9340d2742494cd90,3964,System Installation,labor,1.0,1410.0,1410.0
invoice_5439b1c594e14e7a93b289f549ed0a29,job_fedeb5e96ef3437d9340d2742494cd90,3964,Carrier Coastal Heat Pump - 2.5 Ton Condenser - 15 SEER,material,1.0,5839.5,5839.5
invoice_5439b1c594e14e7a93b289f549ed0a29,job_fedeb5e96ef3437d9340d2742494cd90,3964,Electric Heater - 8kW 240 Volt-Single Phase with Terminal Block,material,1.0,213.75,213.75
invoice_5439b1c594e14e7a93b289f549ed0a29,job_fedeb5e96ef3437d9340d2742494cd90,3964,Honeywell Home FocusPRO® N100,material,1.0,190.0,190.0
invoice_5439b1c594e14e7a93b289f549ed0a29,job_fedeb5e96ef3437d9340d2742494cd90,3964,2.5 Ton - Comfort Multi-family High-Efficiency Fan Coil - Front Return - 2.5 Ton,material,1.0,1870.75,1870.75
invoice_5439b1c594e14e7a93b289f549ed0a29,job_fedeb5e96ef3437d9340d2742494cd90,3964,Add Ons - Amberjack Hollow fee,material,1.0,1781.0,1781.0
invoice_f94f60b0b05c4d719c68354d685b4412,job_1188cb1c31a740bfbbaa5738d41a54c9,3963,Service & Repair Fee - Standard,labor,1.0,102.0,102.0
invoice_f94f60b0b05c4d719c68354d685b4412,job_1188cb1c31a740bfbbaa5738d41a54c9,3963,Service Calls - Repairs & Part Installation - **Tier 3 Repair - Clear Drain Line,labor,1.0,186.0,186.0
invoice_e2d6850fc9014c2bbe2435b716def9a7,job_2ad64e4025db443aaeeff2bf50916bad,3962,Preventative Maintenance - Residential Preventative Maintenance,labor,1.0,92.0,92.0
invoice_6e4c5ab46b874239a56b61c68f409040,job_2a64984df42d499a987d5e33625a8a41,3961,Preventative Maintenance - Residential Preventative Maintenance,labor,1.0,92.0,92.0
invoice_550d74fc636542978d9eef397d8cfe42,job_fa08ee875eb94f029d1fbe1b952c33ec,3960,Visit #3,labor,1.0,0.0,0.0
invoice_f32fa615ed664fa9b016e4f71532a64c,job_f666c59e94124047b88e29283d6d711a,3959,Visit #4,labor,1.0,98.0,98.0
invoice_1c73045d29e94422920c3eb10f621613,job_d1dcb11aa5da4267ae3652ace8645b04,3958,Service & Repair Fee - Standard,labor,1.0,102.0,102.0
invoice_1c73045d29e94422920c3eb10f621613,job_d1dcb11aa5da4267ae3652ace8645b04,3958,Service Calls - Repairs & Part Installation - **Tier 2 Repair - Coil clean in place,labor,1.0,104.0,104.0
invoice_1c73045d29e94422920c3eb10f621613,job_d1dcb11aa5da4267ae3652ace8645b04,3958,Service Calls - Repairs & Part Installation - **Tier 1 Repair - Repair Wiring,labor,1.0,48.0,48.0
invoice_1f13aaf43e42430cbe37a431e6b61856,job_76654c98141d474b8a585dcaaecad3fa,3957,Visit #4,labor,1.0,98.0,98.0
invoice_d41280a941704d24b25da6cb61e04af3,job_46e870896a0e404ba22f2b925f3c18f0,3956,Service Calls - Repairs & Part Installation - **Tier 3 Repair - Clear Drain Line,labor,1.0,186.0,186.0
invoice_d41280a941704d24b25da6cb61e04af3,job_46e870896a0e404ba22f2b925f3c18f0,3956,Service Calls - Service & Repair Fee - Standard,labor,1.0,96.0,96.0
invoice_5ae61f8f09b34bd1857cc9adebb46c4f,job_319791450b384a04a930bf4d8c76b5ad,3955,Visit #4,labor,1.0,0.0,0.0
invoice_ae20ab19a4014525a27aba8a0b12180e,job_0b19236cfc10413d93d93ea312242feb,3954,Service & Repair Fee - Standard,labor,1.0,102.0,102.0
invoice_ae20ab19a4014525a27aba8a0b12180e,job_0b19236cfc10413d93d93ea312242feb,3954,Service Calls - Repairs & Part Installation - **Tier 3 Repair - Clear Drain Line,labor,1.0,186.0,186.0
invoice_f8f7b9e847334056b6c4c156d739b4a2,job_90d09f3a26ac47f1aa98e38e96322d8f,3953,Preventative Maintenance - Residential Preventative Maintenance,labor,1.0,92.0,92.0
invoice_1b3ccbaa59114a578fdc1b8a4492246e,job_0c05f042c019427b88b0442f84a8d179,3952,System Installation,labor,1.0,1410.0,1410.0
invoice_1b3ccbaa59114a578fdc1b8a4492246e,job_0c05f042c019427b88b0442f84a8d179,3952,Trane 17 SEER Standard HVAC System,material,1.0,8501.0,8501.0
invoice_1b3ccbaa59114a578fdc1b8a4492246e,job_0c05f042c019427b88b0442f84a8d179,3952,Generic Parts / Service - Surge Protector,material,1.0,129.0,129.0
invoice_1b3ccbaa59114a578fdc1b8a4492246e,job_0c05f042c019427b88b0442f84a8d179,3952,Generic Parts / Service - FREE Bio-Fresh Duct Cleaning,material,1.0,0.0,0.0
invoice_5a77643af96f443bb5a180cbb7c57cd4,job_1f4606c6c9f34f51a0b687edc3889714,3951,Service & Repair Fee - After-Hours,labor,1.0,167.0,167.0
invoice_5a77643af96f443bb5a180cbb7c57cd4,job_1f4606c6c9f34f51a0b687edc3889714,3951,Service Calls - Repairs & Part Installation - Service,labor,1.0,776.0,776.0
invoice_5a77643af96f443bb5a180cbb7c57cd4,job_1f4606c6c9f34f51a0b687edc3889714,3951,WARRANTY Unit Specific Parts - Outdoor Inverter Board & Indoor Control Board,material,1.0,47.0,47.0
invoice_aa1ca800639d4bf08a209b4bfb90ec7b,job_28a82703c68a416b857927a7bb610e15,3950,Service & Repair Fee - After-Hours,labor,1.0,167.0,167.0
invoice_aa1ca800639d4bf08a209b4bfb90ec7b,job_28a82703c68a416b857927a7bb610e15,3950,System Installation,labor,1.0,1410.0,1410.0
invoice_aa1ca800639d4bf08a209b4bfb90ec7b,job_28a82703c68a416b857927a7bb610e15,3950,Carrier Coastal Heat Pump - 3 Ton Condenser - 15 SEER,material,1.0,6627.5,6627.5
invoice_aa1ca800639d4bf08a209b4bfb90ec7b,job_28a82703c68a416b857927a7bb610e15,3950,"Comfort Series Fan Coil Multipoise, ECM Motor for Puron Advance - 3 Ton",material,1.0,2449.0,2449.0
invoice_aa1ca800639d4bf08a209b4bfb90ec7b,job_28a82703c68a416b857927a7bb610e15,3950,Electric Heater - 8kW 240 Volt-Single Phase with Terminal Block,material,1.0,213.75,213.75
invoice_aa1ca800639d4bf08a209b4bfb90ec7b,job_28a82703c68a416b857927a7bb610e15,3950,Honeywell Home FocusPRO® N100,material,1.0,190.0,190.0
invoice_aa1ca800639d4bf08a209b4bfb90ec7b,job_28a82703c68a416b857927a7bb610e15,3950,Add Ons - Concrete Pad,material,1.0,256.0,256.0
invoice_aa1ca800639d4bf08a209b4bfb90ec7b,job_28a82703c68a416b857927a7bb610e15,3950,Add Ons - Drain package,material,1.0,277.75,277.75
invoice_5006ab624d4d4f178330d90951245abb,job_b6a450bb74cc48d5a3c061482a544671,3949,Visit #4,labor,1.0,0.0,0.0
invoice_5006ab624d4d4f178330d90951245abb,job_b6a450bb74cc48d5a3c061482a544671,3949,Add Ons - Blu QR UV Stick Horton,material,1.0,212.0,212.0
invoice_5006ab624d4d4f178330d90951245abb,job_b6a450bb74cc48d5a3c061482a544671,3949,Generic Parts / Service - Reme Halo Zero,material,1.0,969.0,969.0
invoice_484129003aa54a5bab80036031d2da78,job_2da2fd9006c243b199ccaa0796c8f853,3948,System Installation,labor,1.0,1410.0,1410.0
invoice_484129003aa54a5bab80036031d2da78,job_2da2fd9006c243b199ccaa0796c8f853,3948,Trane Coastal Heat Pump - 4 Ton Condenser - 15 SEER,material,1.0,7080.5,7080.5
invoice_484129003aa54a5bab80036031d2da78,job_2da2fd9006c243b199ccaa0796c8f853,3948,"Comfort Series Fan Coil Multipoise, ECM Motor for Puron Advance - 4 Ton",material,1.0,3504.0,3504.0
invoice_484129003aa54a5bab80036031d2da78,job_2da2fd9006c243b199ccaa0796c8f853,3948,10 KW Heat Kit,material,1.0,341.75,341.75
invoice_484129003aa54a5bab80036031d2da78,job_2da2fd9006c243b199ccaa0796c8f853,3948,Generic Parts / Service - Ecobee 3 Thermostat,material,1.0,330.0,330.0
invoice_037232dc4e4b4512aee49814019f5e3e,job_ff049313d528414197a39dc7656eb538,3947,System Installation,labor,1.0,1410.0,1410.0
invoice_037232dc4e4b4512aee49814019f5e3e,job_ff049313d528414197a39dc7656eb538,3947,System Installation,labor,3.0,1410.0,4230.0
invoice_037232dc4e4b4512aee49814019f5e3e,job_ff049313d528414197a39dc7656eb538,3947,Trane Coastal Heat Pump - 2 Ton Condenser - 15 SEER,material,1.0,5626.75,5626.75
invoice_037232dc4e4b4512aee49814019f5e3e,job_ff049313d528414197a39dc7656eb538,3947,"Comfort Series Fan Coil Multipoise, ECM Motor for Puron Advance - 2 Ton",material,1.0,2163.5,2163.5
invoice_037232dc4e4b4512aee49814019f5e3e,job_ff049313d528414197a39dc7656eb538,3947,Electric Heater - 5kW 240 Volt-Single Phase with Terminal Block,material,1.0,247.0,247.0
invoice_037232dc4e4b4512aee49814019f5e3e,job_ff049313d528414197a39dc7656eb538,3947,Honeywell Home FocusPRO® N100,material,1.0,190.0,190.0
invoice_037232dc4e4b4512aee49814019f5e3e,job_ff049313d528414197a39dc7656eb538,3947,Trane Coastal Heat Pump - 5 Ton Condenser - 15 SEER,material,1.0,8181.25,8181.25
invoice_037232dc4e4b4512aee49814019f5e3e,job_ff049313d528414197a39dc7656eb538,3947,"Comfort Series Fan Coil Multipoise, ECM Motor for Puron Advance - 5 Ton",material,1.0,4131.75,4131.75
invoice_037232dc4e4b4512aee49814019f5e3e,job_ff049313d528414197a39dc7656eb538,3947,10 KW Heat Kit,material,1.0,341.75,341.75
invoice_037232dc4e4b4512aee49814019f5e3e,job_ff049313d528414197a39dc7656eb538,3947,Honeywell FocusPro N100,material,3.0,194.0,582.0
invoice_037232dc4e4b4512aee49814019f5e3e,job_ff049313d528414197a39dc7656eb538,3947,8 kW - 8kW Electric Heater Kit (208/240-1),material,2.0,240.0,480.0
invoice_037232dc4e4b4512aee49814019f5e3e,job_ff049313d528414197a39dc7656eb538,3947,"4 Ton - Comfort Series Fan Coil Multipoise, ECM Motor for Puron Advance - 4 Ton",material,1.0,3306.25,3306.25
invoice_037232dc4e4b4512aee49814019f5e3e,job_ff049313d528414197a39dc7656eb538,3947,"3 Ton - Comfort Series Fan Coil Multipoise, ECM Motor for Puron Advance - 3 Ton",material,1.0,2633.5,2633.5
invoice_037232dc4e4b4512aee49814019f5e3e,job_ff049313d528414197a39dc7656eb538,3947,4 Ton -Trane Coastal Heat Pump - 4 Ton Condenser - 15 SEER,material,1.0,7203.75,7203.75
invoice_037232dc4e4b4512aee49814019f5e3e,job_ff049313d528414197a39dc7656eb538,3947,3 Ton - Trane Coastal Heat Pump - 3 Ton Condenser - 15 SEER,material,1.0,6516.0,6516.0
invoice_e3bfabb4278b4793be672ff5d63a9f8f,job_022809d6afc3458f9427236f2edeef89,3946,System Installation,labor,1.0,1410.0,1410.0
invoice_e3bfabb4278b4793be672ff5d63a9f8f,job_022809d6afc3458f9427236f2edeef89,3946,Carrier Coastal Heat Pump - 4 Ton Condenser - 15 SEER,material,1.0,7826.75,7826.75
invoice_e3bfabb4278b4793be672ff5d63a9f8f,job_022809d6afc3458f9427236f2edeef89,3946,"Comfort Series Fan Coil Multipoise, ECM Motor for Puron Advance - 4 Ton",material,1.0,3504.0,3504.0
invoice_e3bfabb4278b4793be672ff5d63a9f8f,job_022809d6afc3458f9427236f2edeef89,3946,10 KW Heat Kit,material,1.0,341.75,341.75
invoice_e3bfabb4278b4793be672ff5d63a9f8f,job_022809d6afc3458f9427236f2edeef89,3946,Honeywell FocusPro N100,material,1.0,194.0,194.0
invoice_8a4987c8332543a6918d05804c33a49a,job_e80820cfb2ce46e9b9cb8c3d452b35ad,3945,Visit #4,labor,1.0,98.0,98.0
invoice_9898761da9a248c1bb2a49c0d3b665b5,job_03d3937bd77f423a85a150f9efa4bc24,3944,System Installation,labor,1.0,1410.0,1410.0
invoice_9898761da9a248c1bb2a49c0d3b665b5,job_03d3937bd77f423a85a150f9efa4bc24,3944,Trane Coastal Heat Pump - 5 Ton Condenser - 15 SEER,material,1.0,8181.25,8181.25
invoice_9898761da9a248c1bb2a49c0d3b665b5,job_03d3937bd77f423a85a150f9efa4bc24,3944,"Comfort Series Fan Coil Multipoise, ECM Motor for Puron Advance - 5 Ton",material,1.0,4131.75,4131.75
invoice_9898761da9a248c1bb2a49c0d3b665b5,job_03d3937bd77f423a85a150f9efa4bc24,3944,10 KW Heat Kit,material,1.0,341.75,341.75
invoice_9898761da9a248c1bb2a49c0d3b665b5,job_03d3937bd77f423a85a150f9efa4bc24,3944,Generic Parts / Service - Ecobee 3 Thermostat,material,1.0,330.0,330.0
invoice_c667237f4a1a4de5ad4cfa4f6d719276,job_c25a583cf62242079215055b435ae884,3943,Service & Repair Fee - After-Hours,labor,1.0,167.0,167.0
invoice_c667237f4a1a4de5ad4cfa4f6d719276,job_c25a583cf62242079215055b435ae884,3943,Service Calls - Repairs & Part Installation - **Tier 1 Repair - Low Voltage Wire Repair,labor,1.0,48.0,48.0
invoice_b5967e9736e7499ca8466b2d6d93f6ea,job_610198cffddf491badf3ca152f76140b,3942,Visit #4,labor,1.0,0.0,0.0
invoice_0c0b3ab1f9ba46bea78daf7a78258abc,job_ada4f35a5304488aaf2793d7c71ede2d,3941,Service & Repair Fee - Standard,labor,1.0,102.0,102.0
invoice_0c0b3ab1f9ba46bea78daf7a78258abc,job_ada4f35a5304488aaf2793d7c71ede2d,3941,New System Installation - System Installation,labor,1.0,238.0,238.0
invoice_0c0b3ab1f9ba46bea78daf7a78258abc,job_ada4f35a5304488aaf2793d7c71ede2d,3941,Service Calls - Repairs & Part Installation - Service,labor,1.0,928.75,928.75
invoice_0c0b3ab1f9ba46bea78daf7a78258abc,job_ada4f35a5304488aaf2793d7c71ede2d,3941,Service Calls - Repairs & Part Installation - **Tier 2 Repair - Leak Detection Tidewater Hospitality (Bubbles / Electronic),labor,1.0,107.0,107.0
invoice_0c0b3ab1f9ba46bea78daf7a78258abc,job_ada4f35a5304488aaf2793d7c71ede2d,3941,WARRANTY Parts / Service - WARRANTY - Evaporator Coil,material,1.0,258.0,258.0
invoice_0c0b3ab1f9ba46bea78daf7a78258abc,job_ada4f35a5304488aaf2793d7c71ede2d,3941,Generic Parts / Service - Filter dryer,material,1.0,103.0,103.0
invoice_0c0b3ab1f9ba46bea78daf7a78258abc,job_ada4f35a5304488aaf2793d7c71ede2d,3941,Generic Parts / Service - R410a refrigerant,material,6.0,132.0,792.0
invoice_3c7c8c229a70408c9771103f2b4f75f2,job_eda7052fa7194a2c8bcc35037e83c845,3940,Service & Repair Fee - Standard,labor,1.0,102.0,102.0
invoice_3c7c8c229a70408c9771103f2b4f75f2,job_eda7052fa7194a2c8bcc35037e83c845,3940,Service Calls - Repairs & Part Installation - **Tier 3 Repair - Clear Drain Line,labor,1.0,186.0,186.0
invoice_a835ed21971f4914afe6510d8d44fd65,job_d05774fd40e54d15b1dc1992ec618aa1,3939,Service & Repair Fee - Standard,labor,1.0,102.0,102.0
invoice_a835ed21971f4914afe6510d8d44fd65,job_d05774fd40e54d15b1dc1992ec618aa1,3939,Service Calls - Repairs & Part Installation - **Tier 2 Repair - Reprogram Thermostat,labor,1.0,77.0,77.0
invoice_bfeb3dd3217b4e08aca98ba1e1fcd4b1,job_03d6055085624ec2a0f8c3848d376c4f,3938,Visit #4,labor,1.0,0.0,0.0
invoice_197817abf2eb4dbab9af90f6cabf1e8a,job_9e689129f7464670aeae90e1a3c5dc0e,3937,Service & Repair Fee - Standard,labor,1.0,102.0,102.0
invoice_a9a4f5a3268a451fa904e5791546a62a,job_1c520b0b646240bc9d68b621d5db89c3,3936,Service & Repair Fee - Standard,labor,1.0,102.0,102.0
invoice_3d20b079bf2642c49ece6c3d3d9e4a19,job_44953fb73aa046cf80b479b4cd9bcd9d,3935,Preventative Maintenance - Residential Preventative Maintenance,labor,2.0,92.0,184.0
invoice_2f40f918d4224ca0820c60c6ffb9f17b,job_783523aae21e4cc29bfb5d20b3cb0448,3934,Service & Repair Fee - Standard,labor,1.0,102.0,102.0
invoice_2f40f918d4224ca0820c60c6ffb9f17b,job_783523aae21e4cc29bfb5d20b3cb0448,3934,Service Calls - Repairs & Part Installation - Service,labor,1.0,543.0,543.0
invoice_2f40f918d4224ca0820c60c6ffb9f17b,job_783523aae21e4cc29bfb5d20b3cb0448,3934,WARRANTY Parts / Service - WARRANTY - TXV,material,1.0,141.0,141.0
invoice_2f40f918d4224ca0820c60c6ffb9f17b,job_783523aae21e4cc29bfb5d20b3cb0448,3934,Generic Parts / Service - Filter dryer,material,1.0,103.0,103.0
invoice_2f40f918d4224ca0820c60c6ffb9f17b,job_783523aae21e4cc29bfb5d20b3cb0448,3934,Generic Parts / Service - R410a refrigerant,material,3.0,132.0,396.0
invoice_2f40f918d4224ca0820c60c6ffb9f17b,job_783523aae21e4cc29bfb5d20b3cb0448,3934,Generic Parts / Service - Water System Drain Line Flush,material,1.0,314.0,314.0
invoice_4543bc0be65e467e91c5cb6684064081,job_bc71ccc2a2984f628120f4d2931133dc,3933,Service & Repair Fee - Standard,labor,1.0,102.0,102.0
invoice_4543bc0be65e467e91c5cb6684064081,job_bc71ccc2a2984f628120f4d2931133dc,3933,System Installation,labor,1.0,1410.0,1410.0
invoice_4543bc0be65e467e91c5cb6684064081,job_bc71ccc2a2984f628120f4d2931133dc,3933,Carrier Coastal Heat Pump - 3.5 Ton Condenser - 15 SEER,material,1.0,7335.0,7335.0
invoice_4543bc0be65e467e91c5cb6684064081,job_bc71ccc2a2984f628120f4d2931133dc,3933,"Comfort Series Fan Coil Multipoise, ECM Motor for Puron Advance - 3.5 Ton",material,1.0,2765.75,2765.75
invoice_4543bc0be65e467e91c5cb6684064081,job_bc71ccc2a2984f628120f4d2931133dc,3933,10 KW Heat Kit,material,1.0,341.75,341.75
invoice_4543bc0be65e467e91c5cb6684064081,job_bc71ccc2a2984f628120f4d2931133dc,3933,Honeywell FocusPro N100,material,1.0,194.0,194.0
invoice_4543bc0be65e467e91c5cb6684064081,job_bc71ccc2a2984f628120f4d2931133dc,3933,Generic Parts / Service - Condensate pump,material,1.0,132.0,132.0
invoice_9a1317cf04db4c8ea6d6c841b7690d56,job_4a3b3095e69644118629f4f2337cebd4,3932,Service & Repair Fee - After-Hours,labor,1.0,167.0,167.0
invoice_9a1317cf04db4c8ea6d6c841b7690d56,job_4a3b3095e69644118629f4f2337cebd4,3932,System Installation,labor,1.0,1410.0,1410.0
invoice_9a1317cf04db4c8ea6d6c841b7690d56,job_4a3b3095e69644118629f4f2337cebd4,3932,Carrier Coastal Heat Pump - 2 Ton Condenser - 15 SEER,material,1.0,5716.75,5716.75
invoice_9a1317cf04db4c8ea6d6c841b7690d56,job_4a3b3095e69644118629f4f2337cebd4,3932,"Comfort Series Fan Coil Multipoise, ECM Motor for Puron Advance - 2 Ton",material,1.0,2163.5,2163.5
invoice_9a1317cf04db4c8ea6d6c841b7690d56,job_4a3b3095e69644118629f4f2337cebd4,3932,Electric Heater - 5kW 240 Volt-Single Phase with Terminal Block,material,1.0,247.0,247.0
invoice_9a1317cf04db4c8ea6d6c841b7690d56,job_4a3b3095e69644118629f4f2337cebd4,3932,Honeywell Home FocusPRO® N100,material,1.0,190.0,190.0
invoice_9a1317cf04db4c8ea6d6c841b7690d56,job_4a3b3095e69644118629f4f2337cebd4,3932,Wet Switch,material,1.0,163.0,163.0
invoice_9a1317cf04db4c8ea6d6c841b7690d56,job_4a3b3095e69644118629f4f2337cebd4,3932,Concrete Pad,material,1.0,233.0,233.0
invoice_88c44874fffb4fc2b3b218e63842c628,job_4add933a902c49879f3a8eedecf03bd9,3931,Service Calls - Tidewater Hospitality Service & Repair Fee - AFTER HOURS,labor,1.0,89.0,89.0
invoice_cff595d2defb4034ab8b4fdce677389b,job_28f89eb4ab0347b68c3a63ef183bf3d2,3930,Service & Repair Fee - Standard,labor,1.0,102.0,102.0
invoice_cff595d2defb4034ab8b4fdce677389b,job_28f89eb4ab0347b68c3a63ef183bf3d2,3930,Generic Parts / Service - Honeywell FocusPro N100,material,1.0,194.0,194.0
invoice_ddf8f614c24e450f85170464b31af143,job_6a4c4ff9893e4e56b9e216d906b1b780,3929,Visit #1,labor,1.0,88.0,88.0
invoice_133e6f619cda4f1082fbb4392de71d15,job_1da1e743b7fb4a7784e9802706648572,3928,Service Calls - Repairs & Part Installation - Service,labor,1.0,928.75,928.75
invoice_133e6f619cda4f1082fbb4392de71d15,job_1da1e743b7fb4a7784e9802706648572,3928,Service Calls - Repairs & Part Installation - **Tier 2 Repair - Insulate Air Handler Door,labor,1.0,103.0,103.0
invoice_133e6f619cda4f1082fbb4392de71d15,job_1da1e743b7fb4a7784e9802706648572,3928,Generic Parts / Service - R410a refrigerant,material,1.0,132.0,132.0
invoice_133e6f619cda4f1082fbb4392de71d15,job_1da1e743b7fb4a7784e9802706648572,3928,Generic Parts / Service - Filter dryer,material,1.0,103.0,103.0
invoice_133e6f619cda4f1082fbb4392de71d15,job_1da1e743b7fb4a7784e9802706648572,3928,Unit Specific Parts - Evaporator Coil,material,1.0,1501.0,1501.0
invoice_d0d918955b7348daabc04560c0aa6103,job_9184a77a44114d4f914a2f7cfbb1f668,3927,New Construction - New Construction,labor,320.0,34.0,10880.0
invoice_d0d918955b7348daabc04560c0aa6103,job_9184a77a44114d4f914a2f7cfbb1f668,3927,Trane Coastal Heat Pump - 5 Ton Condenser - 15 SEER,material,1.0,8146.5,8146.5
invoice_d0d918955b7348daabc04560c0aa6103,job_9184a77a44114d4f914a2f7cfbb1f668,3927,Trane Coastal Heat Pump - 4 Ton Condenser - 15 SEER,material,1.0,7216.5,7216.5
invoice_d0d918955b7348daabc04560c0aa6103,job_9184a77a44114d4f914a2f7cfbb1f668,3927,UPGRADE Trane Coastal Heat Pump - 3 Ton Condenser - 17 SEER,material,1.0,6129.0,6129.0
invoice_d0d918955b7348daabc04560c0aa6103,job_9184a77a44114d4f914a2f7cfbb1f668,3927,Trane Standard Air Handler 15 SEER - 5 Ton,material,1.0,3799.25,3799.25
invoice_d0d918955b7348daabc04560c0aa6103,job_9184a77a44114d4f914a2f7cfbb1f668,3927,Trane Standard Air Handler 15 SEER - 4 Ton,material,1.0,3251.5,3251.5
invoice_d0d918955b7348daabc04560c0aa6103,job_9184a77a44114d4f914a2f7cfbb1f668,3927,UPGRADE Trane Variable Speed Air Handler - 3 Ton - 17 SEER,material,1.0,2870.0,2870.0
invoice_d0d918955b7348daabc04560c0aa6103,job_9184a77a44114d4f914a2f7cfbb1f668,3927,10 KW Heat Kit,material,3.0,295.0,885.0
invoice_d0d918955b7348daabc04560c0aa6103,job_9184a77a44114d4f914a2f7cfbb1f668,3927,Blu QR UV Stick Horton,material,3.0,208.0,624.0
invoice_d0d918955b7348daabc04560c0aa6103,job_9184a77a44114d4f914a2f7cfbb1f668,3927,Ecobee 6 Thermostat,material,4.0,460.25,1841.0
invoice_d0d918955b7348daabc04560c0aa6103,job_9184a77a44114d4f914a2f7cfbb1f668,3927,New Construction - Rough-In & Trim-Out,material,3.0,5157.0,15471.0
invoice_d0d918955b7348daabc04560c0aa6103,job_9184a77a44114d4f914a2f7cfbb1f668,3927,Drain package,material,3.0,246.0,738.0
invoice_d0d918955b7348daabc04560c0aa6103,job_9184a77a44114d4f914a2f7cfbb1f668,3927,Line Set Protection,material,3.0,114.0,342.0
invoice_d0d918955b7348daabc04560c0aa6103,job_9184a77a44114d4f914a2f7cfbb1f668,3927,Reme Halo Zero,material,3.0,937.0,2811.0
invoice_d0d918955b7348daabc04560c0aa6103,job_9184a77a44114d4f914a2f7cfbb1f668,3927,Generic Parts / Service - Surge Protector,material,3.0,436.0,1308.0
invoice_d0d918955b7348daabc04560c0aa6103,job_9184a77a44114d4f914a2f7cfbb1f668,3927,EWR Zone System,material,1.0,1617.0,1617.0
invoice_1d53fdeba5604d838a3776ae830b6935,job_419d4bda994841b186c87162fc3ad29e,3926,Service & Repair Fee - Standard,labor,1.0,102.0,102.0
invoice_1d53fdeba5604d838a3776ae830b6935,job_419d4bda994841b186c87162fc3ad29e,3926,Service Calls - Repairs & Part Installation - **Tier 1 Repair - Re-Insulate Copper Line,labor,1.0,26.0,26.0
invoice_9645741badaf4a5bbc6de616e4b09941,job_67707fd756564a05bad965a471b240aa,3925,Service Calls - Repairs & Part Installation - **Tier 2 Repair - Coil clean in place,labor,1.0,104.0,104.0
invoice_9645741badaf4a5bbc6de616e4b09941,job_67707fd756564a05bad965a471b240aa,3925,Generic Parts / Service - R410a refrigerant,material,2.0,132.0,264.0
invoice_db6e74a9b14840ac85460efa88ccb750,job_9955211ce797482f98019c9b58ef78c6,3924,Service Calls - Service & Repair Fee - Standard,labor,1.0,96.0,96.0
invoice_db6e74a9b14840ac85460efa88ccb750,job_9955211ce797482f98019c9b58ef78c6,3924,Service Calls - Repairs & Part Installation - **Tier 2 Repair - Rewire Pan Switch,labor,1.0,47.0,47.0
invoice_c7ec7c4cf0e94d72b29be522bc0874ef,job_4f2a294b973a4a708c5fb613473567cf,3923,Service & Repair Fee - After-Hours,labor,1.0,167.0,167.0
invoice_502a9b571c084ea0bd51af7e6af86873,job_09cf58dfd7dd4e3480dbbf6b700353a2,3922,Preventative Maintenance - Residential Preventative Maintenance,labor,1.0,354.0,354.0
invoice_0ed0125fab574375a7ff4f81893c8b7a,job_20f34c25f43841c1bb00741902752683,3921,Service & Repair Fee - After-Hours,labor,1.0,167.0,167.0
invoice_0ed0125fab574375a7ff4f81893c8b7a,job_20f34c25f43841c1bb00741902752683,3921,Service Calls - Repairs & Part Installation - **Tier 3 Repair - Capacitor Replacement,labor,1.0,180.0,180.0
invoice_9411aa665bb84dea848a4b9a7ad8253e,job_f2a02cae79e24300a791bc2c0f1a93f0,3920,Visit #2,labor,1.0,100.0,100.0
invoice_ca632f9d12104da68435453498253a6f,job_e6805717337f48e88743b8fa202c9bda,3919,Visit #1,labor,1.0,88.0,88.0
invoice_24d0f70a368f41dd9ebb6cd4dcdf266d,job_0fe78313f0f04eadbaa7318758d91035,3918,Visit #3,labor,1.0,185.0,185.0
invoice_b028228fa1924d60b16aa6caf6b55fde,job_bcadf6ac33ad4bcf81055eb65d6147d4,3917,Service & Repair Fee - Standard,labor,1.0,102.0,102.0
invoice_b028228fa1924d60b16aa6caf6b55fde,job_bcadf6ac33ad4bcf81055eb65d6147d4,3917,Service Calls - Repairs & Part Installation - Rescue Motor,material,1.0,676.0,676.0
invoice_dc3b0f40aca841f695f4eb8bd88baf5c,job_bc71ccc2a2984f628120f4d2931133dc,3916,Service & Repair Fee - Standard,labor,1.0,102.0,102.0
invoice_dc3b0f40aca841f695f4eb8bd88baf5c,job_bc71ccc2a2984f628120f4d2931133dc,3916,System Installation,labor,1.0,1410.0,1410.0
invoice_dc3b0f40aca841f695f4eb8bd88baf5c,job_bc71ccc2a2984f628120f4d2931133dc,3916,Carrier Coastal Heat Pump - 3.5 Ton Condenser - 15 SEER,material,1.0,7335.0,7335.0
invoice_dc3b0f40aca841f695f4eb8bd88baf5c,job_bc71ccc2a2984f628120f4d2931133dc,3916,"Comfort Series Fan Coil Multipoise, ECM Motor for Puron Advance - 3.5 Ton",material,1.0,2765.75,2765.75
invoice_dc3b0f40aca841f695f4eb8bd88baf5c,job_bc71ccc2a2984f628120f4d2931133dc,3916,10 KW Heat Kit,material,1.0,341.75,341.75
invoice_dc3b0f40aca841f695f4eb8bd88baf5c,job_bc71ccc2a2984f628120f4d2931133dc,3916,Honeywell FocusPro N100,material,1.0,194.0,194.0
invoice_6ff048b75df4452bb0dbeaa8400d3bc5,job_11d5abda001c4e30b4a70029e7d87b1a,3915,New Construction - New Construction,labor,160.0,58.0,9280.0
invoice_6ff048b75df4452bb0dbeaa8400d3bc5,job_11d5abda001c4e30b4a70029e7d87b1a,3915,New Construction - Rough-In & Trim-Out,material,2.0,5843.0,11686.0
invoice_6ff048b75df4452bb0dbeaa8400d3bc5,job_11d5abda001c4e30b4a70029e7d87b1a,3915,Carrier Coastal Heat Pump - 2 Ton Condenser - 18 SEER,material,2.0,7336.0,14672.0
invoice_6ff048b75df4452bb0dbeaa8400d3bc5,job_11d5abda001c4e30b4a70029e7d87b1a,3915,2 Ton Residential Fan Coil Multipoise with InteliSense Technology,material,2.0,2758.0,5516.0
invoice_6ff048b75df4452bb0dbeaa8400d3bc5,job_11d5abda001c4e30b4a70029e7d87b1a,3915,10 KW Heat Kit,material,2.0,295.0,590.0
invoice_6ff048b75df4452bb0dbeaa8400d3bc5,job_11d5abda001c4e30b4a70029e7d87b1a,3915,Ecobee 6 Thermostat,material,2.0,428.0,856.0
invoice_0e8919f8c30c475da325fa1b5e30a5d0,job_4a3b3095e69644118629f4f2337cebd4,3912,Service & Repair Fee - After-Hours,labor,1.0,167.0,167.0
invoice_0e8919f8c30c475da325fa1b5e30a5d0,job_4a3b3095e69644118629f4f2337cebd4,3912,System Installation,labor,1.0,1410.0,1410.0
invoice_0e8919f8c30c475da325fa1b5e30a5d0,job_4a3b3095e69644118629f4f2337cebd4,3912,Carrier Coastal Heat Pump - 2 Ton Condenser - 15 SEER,material,1.0,5716.75,5716.75
invoice_0e8919f8c30c475da325fa1b5e30a5d0,job_4a3b3095e69644118629f4f2337cebd4,3912,"Comfort Series Fan Coil Multipoise, ECM Motor for Puron Advance - 2 Ton",material,1.0,2163.5,2163.5
invoice_0e8919f8c30c475da325fa1b5e30a5d0,job_4a3b3095e69644118629f4f2337cebd4,3912,Electric Heater - 5kW 240 Volt-Single Phase with Terminal Block,material,1.0,247.0,247.0
invoice_0e8919f8c30c475da325fa1b5e30a5d0,job_4a3b3095e69644118629f4f2337cebd4,3912,Honeywell Home FocusPRO® N100,material,1.0,190.0,190.0
invoice_0e8919f8c30c475da325fa1b5e30a5d0,job_4a3b3095e69644118629f4f2337cebd4,3912,Drain package,material,1.0,274.75,274.75
invoice_0e8919f8c30c475da325fa1b5e30a5d0,job_4a3b3095e69644118629f4f2337cebd4,3912,Concrete Pad,material,1.0,233.0,233.0
invoice_c26fb79266bc4a0f94b5ef3a9707fc83,job_10d28e961941487ab2e396560535348d,3911,Service & Repair Fee - After-Hours,labor,1.0,167.0,167.0
invoice_c26fb79266bc4a0f94b5ef3a9707fc83,job_10d28e961941487ab2e396560535348d,3911,Service Calls - Repairs & Part Installation - **Tier 3 Repair - Clear Drain Line,labor,1.0,186.0,186.0
invoice_491bfea7be304a7e92466b2e5311b71d,job_7bfe02830bb147f38ab2935a9fb27b4d,3910,Service Calls - Repairs & Part Installation - **Tier 2 Repair - Install New Belt,labor,1.0,105.0,105.0
invoice_491bfea7be304a7e92466b2e5311b71d,job_7bfe02830bb147f38ab2935a9fb27b4d,3910,Visit #4,labor,1.0,287.0,287.0
invoice_ec8f98c6a3544cdbbc0368cab3ecc586,job_3e1724bcc6fe4e2aa9899edd17074ed0,3909,Service & Repair Fee - Standard,labor,1.0,102.0,102.0
invoice_ec8f98c6a3544cdbbc0368cab3ecc586,job_3e1724bcc6fe4e2aa9899edd17074ed0,3909,Thermostat - Honeywell Home FocusPRO® N100,material,1.0,193.0,193.0
invoice_f5dfe756dea244fdb777faa701fff03c,job_1e9860efe8f24269a7bd549f3c21135a,3908,Visit #15,labor,1.0,108.0,108.0
invoice_4dcd9f06805d48b8b61d52cce451e01d,job_13087cd80ba5407db9d6d3755dd053c8,3907,MISC LABOR - Lineset Repair,labor,1.0,265.0,265.0
invoice_4dcd9f06805d48b8b61d52cce451e01d,job_13087cd80ba5407db9d6d3755dd053c8,3907,Generic Parts / Service - 454B Refridgerant,material,12.0,130.0,1560.0
invoice_f4179a6b853c4023944a46d4c96b59fd,job_c28cf7243c0e49dc9748eb2e6461ebf1,3906,Service & Repair Fee - After-Hours,labor,1.0,167.0,167.0
invoice_f4179a6b853c4023944a46d4c96b59fd,job_c28cf7243c0e49dc9748eb2e6461ebf1,3906,New System Installation - System Installation,labor,1.0,1584.0,1584.0
invoice_f4179a6b853c4023944a46d4c96b59fd,job_c28cf7243c0e49dc9748eb2e6461ebf1,3906,MISC Labor - Re-Installing Flute Pipe,labor,1.0,1132.0,1132.0
invoice_f4179a6b853c4023944a46d4c96b59fd,job_c28cf7243c0e49dc9748eb2e6461ebf1,3906,3.5 Ton - Carrier Comfort Straight Cool - 3.5 Ton Condenser - 15 SEER,material,1.0,5276.0,5276.0
invoice_f4179a6b853c4023944a46d4c96b59fd,job_c28cf7243c0e49dc9748eb2e6461ebf1,3906,"Carrier V COIL 3.5T 17.5"" CSDUPFLOW 454B NAO",material,1.0,2003.0,2003.0
invoice_f2d0498fddf644a09aa88743b352211d,job_879b602435e748b1a7601cadfe0b6dea,3905,Service Calls - Repairs & Part Installation - **Tier 3 Repair - Capacitor Replacement,labor,1.0,180.0,180.0
invoice_f2d0498fddf644a09aa88743b352211d,job_879b602435e748b1a7601cadfe0b6dea,3905,Visit #2,labor,1.0,100.0,100.0
invoice_2382f91ed8704cf9820b0cf6b6fca73e,job_d4e2265d156a40b497f9c251d1c97b4f,3904,Service & Repair Fee - Standard,labor,1.0,102.0,102.0
invoice_2382f91ed8704cf9820b0cf6b6fca73e,job_d4e2265d156a40b497f9c251d1c97b4f,3904,Service Calls - Repairs & Part Installation - **Tier 3 Repair - Contactor Replacement,labor,1.0,179.0,179.0
invoice_2382f91ed8704cf9820b0cf6b6fca73e,job_d4e2265d156a40b497f9c251d1c97b4f,3904,Service Calls - Repairs & Part Installation - **Tier 2 Repair - Replace fuse,labor,1.0,97.0,97.0
invoice_2382f91ed8704cf9820b0cf6b6fca73e,job_d4e2265d156a40b497f9c251d1c97b4f,3904,,labor,1.0,0.0,0.0
invoice_c442e86943c341aab1f5c41885277463,job_eb8d8a1aa56c46b1876a74ef5cc325b6,3903,MISC - Drain Line Repair,labor,1.0,33.0,33.0
invoice_c442e86943c341aab1f5c41885277463,job_eb8d8a1aa56c46b1876a74ef5cc325b6,3903,Visit #3,labor,1.0,250.0,250.0
invoice_c442e86943c341aab1f5c41885277463,job_eb8d8a1aa56c46b1876a74ef5cc325b6,3903,Generic Parts / Service - R410a refrigerant,material,1.0,132.0,132.0
invoice_c442e86943c341aab1f5c41885277463,job_eb8d8a1aa56c46b1876a74ef5cc325b6,3903,Generic Parts / Service - Filters (4),material,1.0,64.0,64.0
invoice_f512c7e121544e5ba76db1cc240d8aa3,job_c01025f9dc354ec1896197ee4550a38d,3902,Service & Repair Fee - Standard,labor,1.0,102.0,102.0
invoice_f512c7e121544e5ba76db1cc240d8aa3,job_c01025f9dc354ec1896197ee4550a38d,3902,Service Calls - Repairs & Part Installation - **Tier 2 Repair - Rewire Thermostat,labor,1.0,51.0,51.0
invoice_a3d256cc5ae34814947f54940b71ce1d,job_6635bd173a404c1d99d92ec220c1873d,3901,Service & Repair Fee - After-Hours,labor,1.0,167.0,167.0
invoice_a3d256cc5ae34814947f54940b71ce1d,job_6635bd173a404c1d99d92ec220c1873d,3901,Service Calls - Repairs & Part Installation - **Tier 3 Repair - Contactor Replacement,labor,1.0,179.0,179.0
invoice_a3d256cc5ae34814947f54940b71ce1d,job_6635bd173a404c1d99d92ec220c1873d,3901,Service Calls - Repairs & Part Installation - **Tier 2 Repair - Replace safety switch,labor,1.0,103.0,103.0
invoice_a3d256cc5ae34814947f54940b71ce1d,job_6635bd173a404c1d99d92ec220c1873d,3901,Service Calls - Repairs & Part Installation - **Tier 2 Repair - Rewire Thermostat,labor,1.0,103.0,103.0
invoice_373ff434044842d0bc0962f9c20d3d1f,job_483f8b14419b48cfb3e007c9b76b7d8e,3900,Visit #4,labor,1.0,0.0,0.0
invoice_cc4fb513593c489b8d6261d59e9d9868,job_842ee3052ecb439ca10de7cfcf8aadc2,3899,Visit #3,labor,1.0,97.0,97.0
invoice_7f675a21ee7945a1974a7e096929af33,job_ac90e891e29f491bb7a0910e819d1187,3898,Preventative Maintenance - Residential Preventative Maintenance,labor,1.0,92.0,92.0
invoice_7f675a21ee7945a1974a7e096929af33,job_ac90e891e29f491bb7a0910e819d1187,3898,Generic Parts / Service - Pull and clean,material,1.0,743.0,743.0
invoice_9d0154e853f140ffbd1fa874d3456e50,job_b4ad74082fc7423989ba5a3e2ad14d63,3897,New System Installation - Zone System Labor,labor,1.0,1349.0,1349.0
invoice_9d0154e853f140ffbd1fa874d3456e50,job_b4ad74082fc7423989ba5a3e2ad14d63,3897,2 Zone- Zone system Parts Required,material,1.0,893.0,893.0
invoice_77d256375f894ac6a6204dca1063290c,job_61b08062a51b430fac6342934b8390e8,3896,Service & Repair Fee - Standard,labor,1.0,102.0,102.0
invoice_09fa81f8c4fc4eec85199caa116e9d2f,job_b5073e990d5a40d1bf5203a0efe4ef30,3895,Service Calls - Tidewater Hospitality Service & Repair Fee - After Hours,labor,1.0,92.0,92.0
invoice_09fa81f8c4fc4eec85199caa116e9d2f,job_b5073e990d5a40d1bf5203a0efe4ef30,3895,Service Calls - Repairs & Part Installation - **Tier 2 Repair - Leak Detection Tidewater Hospitality (Bubbles / Electronic),labor,1.0,107.0,107.0
invoice_59c5d81355a143d8afeadd759ba5452f,job_a0881ecbc7df48e2a9aeb5b3fd572a78,3894,Service Calls - Service & Repair Fee - Standard,labor,1.0,96.0,96.0
invoice_59c5d81355a143d8afeadd759ba5452f,job_a0881ecbc7df48e2a9aeb5b3fd572a78,3894,Service Calls - Repairs & Part Installation - **Tier 3 Repair - Transformer Replacement,labor,1.0,185.0,185.0
invoice_59c5d81355a143d8afeadd759ba5452f,job_a0881ecbc7df48e2a9aeb5b3fd572a78,3894,Service Calls - Repairs & Part Installation - Tier 3 Repair - Low Voltage Breaker Replacement,labor,1.0,184.0,184.0
invoice_59c5d81355a143d8afeadd759ba5452f,job_a0881ecbc7df48e2a9aeb5b3fd572a78,3894,Thermostat - Honeywell Home FocusPRO® 5000,material,1.0,208.0,208.0
invoice_131325003392440f85fceb05879e16f9,job_8dc84a6e9c8d46ed85ae3211e8c04884,3893,Service & Repair Fee - Standard,labor,1.0,102.0,102.0
invoice_131325003392440f85fceb05879e16f9,job_8dc84a6e9c8d46ed85ae3211e8c04884,3893,Generic Parts / Service - Re-Run Thermostat Wire,material,1.0,142.0,142.0
invoice_9913e884b8bc4e3cb480f233652f19ec,job_b1b40a3cf2764ee4b5f6b405b52928c4,3892,Service Calls - Service & Repair Fee - After-Hours,labor,1.0,188.0,188.0
invoice_9913e884b8bc4e3cb480f233652f19ec,job_b1b40a3cf2764ee4b5f6b405b52928c4,3892,Service Calls - Repairs & Part Installation - **Tier 3 Repair - Capacitor Replacement,labor,1.0,180.0,180.0
invoice_d5d8d81135b9459b89a0b4b685012813,job_811968e21edc44a483c98fa08992936b,3891,Service & Repair Fee - Standard,labor,1.0,102.0,102.0
invoice_5633f6d020c346c4b96ac29a8e0e50e0,job_0d9e47315b2d4709bc5377f5e26c9c84,3890,MISC Labor,labor,1.0,182.0,182.0
invoice_cae32043c88d4987b475e9ed7483e89c,job_3f7afd18ddab453eab497e5296b39151,3889,Visit #1,labor,1.0,88.0,88.0
invoice_3692eb9a523949a093ad818dbe47eac8,job_0b551e9e575d4158af9603cc662fcc8b,3888,Preventative Maintenance - Residential Preventative Maintenance,labor,1.0,203.0,203.0
invoice_d76f7bc0f4fc4748856e56b77d633f1f,job_c1bc25e00f204abaac4e67e0d9850c7c,3887,Service & Repair Fee - Standard,labor,1.0,102.0,102.0
invoice_d76f7bc0f4fc4748856e56b77d633f1f,job_c1bc25e00f204abaac4e67e0d9850c7c,3887,Service Calls - Repairs & Part Installation - Service,labor,1.0,242.0,242.0
invoice_d76f7bc0f4fc4748856e56b77d633f1f,job_c1bc25e00f204abaac4e67e0d9850c7c,3887,Unit Specific Parts - Reversing Valve Solenoid,material,1.0,0.0,0.0
invoice_58cb0b7fd3f54d8b9808bacac83fb070,job_48ba473088f34da583a547941ed06aa4,3886,Plenum / Duct Board Replacement - Plenum Only,labor,1.0,464.0,464.0
invoice_58cb0b7fd3f54d8b9808bacac83fb070,job_48ba473088f34da583a547941ed06aa4,3886,System Installation,labor,1.0,932.0,932.0
invoice_58cb0b7fd3f54d8b9808bacac83fb070,job_48ba473088f34da583a547941ed06aa4,3886,Duct Tidewater Hospitality / Repair - Replace Supply - Flex Only,labor,1.0,214.0,214.0
invoice_eb82da29b51f417b96c7ae7816cf266d,job_8d70be5abe2c4906bad5370b1aa860ad,3885,Service Calls - Service & Repair Fee - Standard,labor,1.0,96.0,96.0
invoice_eb82da29b51f417b96c7ae7816cf266d,job_8d70be5abe2c4906bad5370b1aa860ad,3885,Thermostat - Honeywell Home FocusPRO® N100,material,1.0,193.0,193.0
invoice_c7ee8861219e4c959e37e3268d937e77,job_8fc28dc8132948f798076f456fbbfac4,3884,Service & Repair Fee - After-Hours - $175,labor,1.0,178.0,178.0
invoice_c7ee8861219e4c959e37e3268d937e77,job_8fc28dc8132948f798076f456fbbfac4,3884,Service Calls - Repairs & Part Installation - Tier 2 Repair - Leak Detection Tidewater Hospitality (Bubbles / Electronic) - $100,labor,1.0,103.0,103.0
invoice_c7ee8861219e4c959e37e3268d937e77,job_8fc28dc8132948f798076f456fbbfac4,3884,Service Calls - Repairs & Part Installation - Service - $975.78,labor,1.0,1009.25,1009.25
invoice_c7ee8861219e4c959e37e3268d937e77,job_8fc28dc8132948f798076f456fbbfac4,3884,Generic Parts / Service - R410a refrigerant - $643.75,material,5.0,122.25,611.25
invoice_c7ee8861219e4c959e37e3268d937e77,job_8fc28dc8132948f798076f456fbbfac4,3884,WARRANTY Parts / Service - WARRANTY - Evaporator Coil & TXV - (No Cost/ $0),material,1.0,0.0,0.0
invoice_c7ee8861219e4c959e37e3268d937e77,job_8fc28dc8132948f798076f456fbbfac4,3884,Generic Parts / Service - Filter dryer - $100,material,1.0,107.0,107.0
invoice_c7ee8861219e4c959e37e3268d937e77,job_8fc28dc8132948f798076f456fbbfac4,3884,Generic Parts / Service - R410a refrigerant - $193.50,material,2.0,98.75,197.5
invoice_6af0e856825a474599b5631683764152,job_9184a77a44114d4f914a2f7cfbb1f668,3883,New Construction - New Construction,labor,320.0,34.0,10880.0
invoice_6af0e856825a474599b5631683764152,job_9184a77a44114d4f914a2f7cfbb1f668,3883,Trane Coastal Heat Pump - 5 Ton Condenser - 15 SEER,material,1.0,8146.5,8146.5
invoice_6af0e856825a474599b5631683764152,job_9184a77a44114d4f914a2f7cfbb1f668,3883,Trane Coastal Heat Pump - 4 Ton Condenser - 15 SEER,material,1.0,7216.5,7216.5
invoice_6af0e856825a474599b5631683764152,job_9184a77a44114d4f914a2f7cfbb1f668,3883,UPGRADE Trane Coastal Heat Pump - 3 Ton Condenser - 17 SEER,material,1.0,6129.0,6129.0
invoice_6af0e856825a474599b5631683764152,job_9184a77a44114d4f914a2f7cfbb1f668,3883,Trane Standard Air Handler 15 SEER - 5 Ton,material,1.0,3799.25,3799.25
invoice_6af0e856825a474599b5631683764152,job_9184a77a44114d4f914a2f7cfbb1f668,3883,Trane Standard Air Handler 15 SEER - 4 Ton,material,1.0,3251.5,3251.5
invoice_6af0e856825a474599b5631683764152,job_9184a77a44114d4f914a2f7cfbb1f668,3883,UPGRADE Trane Variable Speed Air Handler - 3 Ton - 17 SEER,material,1.0,2870.0,2870.0
invoice_6af0e856825a474599b5631683764152,job_9184a77a44114d4f914a2f7cfbb1f668,3883,10 KW Heat Kit,material,3.0,295.0,885.0
invoice_6af0e856825a474599b5631683764152,job_9184a77a44114d4f914a2f7cfbb1f668,3883,Blu QR UV Stick Horton,material,3.0,208.0,624.0
invoice_6af0e856825a474599b5631683764152,job_9184a77a44114d4f914a2f7cfbb1f668,3883,Ecobee 6 Thermostat,material,4.0,460.25,1841.0
invoice_6af0e856825a474599b5631683764152,job_9184a77a44114d4f914a2f7cfbb1f668,3883,New Construction - Rough-In & Trim-Out,material,3.0,5157.0,15471.0
invoice_6af0e856825a474599b5631683764152,job_9184a77a44114d4f914a2f7cfbb1f668,3883,Drain package,material,3.0,246.0,738.0
invoice_6af0e856825a474599b5631683764152,job_9184a77a44114d4f914a2f7cfbb1f668,3883,Line Set Protection,material,3.0,114.0,342.0
invoice_6af0e856825a474599b5631683764152,job_9184a77a44114d4f914a2f7cfbb1f668,3883,Reme Halo Zero,material,3.0,937.0,2811.0
invoice_6af0e856825a474599b5631683764152,job_9184a77a44114d4f914a2f7cfbb1f668,3883,Generic Parts / Service - Surge Protector,material,3.0,436.0,1308.0
invoice_6af0e856825a474599b5631683764152,job_9184a77a44114d4f914a2f7cfbb1f668,3883,EWR Zone System,material,1.0,1617.0,1617.0
invoice_2384f13f7ac3437185076c1f2e5f5536,job_a56816c509a74441bd9ebed4b6873e42,3882,Service & Repair Fee - Standard,labor,1.0,102.0,102.0
invoice_2384f13f7ac3437185076c1f2e5f5536,job_a56816c509a74441bd9ebed4b6873e42,3882,Service Calls - Repairs & Part Installation - **Tier 3 Repair - Capacitor Replacement,labor,1.0,180.0,180.0
invoice_827ebb1854fe43198dee0795f112d785,job_a98d0bcd872b4981b559e9d9392fac59,3881,Service & Repair Fee - Standard,labor,1.0,102.0,102.0
invoice_827ebb1854fe43198dee0795f112d785,job_a98d0bcd872b4981b559e9d9392fac59,3881,Service Calls - Repairs & Part Installation - **Tier 2 Repair - Straighten Coil Fins,labor,1.0,26.0,26.0
invoice_8ebd2bcd5ba04368aa1933b4a14ab589,job_40943149d1174b93af23dd66172d238e,3880,Service & Repair Fee - Standard,labor,1.0,102.0,102.0
invoice_8ebd2bcd5ba04368aa1933b4a14ab589,job_40943149d1174b93af23dd66172d238e,3880,Service Calls - Repairs & Part Installation - **Tier 3 Repair - Contactor Replacement,labor,1.0,179.0,179.0
invoice_1b9d84e38093406aa619dbba829f8639,job_02d3bc13c7e24ee19cb9d1316e924dd1,3879,Visit #2,labor,1.0,100.0,100.0
invoice_3d0b2571eb6f48a099ea95c2692f6872,job_fdfd10c759424a1f842f866f030bfffb,3878,Service & Repair Fee - Standard,labor,1.0,102.0,102.0
invoice_3d0b2571eb6f48a099ea95c2692f6872,job_fdfd10c759424a1f842f866f030bfffb,3878,Service Calls - Repairs & Part Installation - Service,labor,1.0,436.0,436.0
invoice_3d0b2571eb6f48a099ea95c2692f6872,job_fdfd10c759424a1f842f866f030bfffb,3878,Unit Specific Parts - Defrost Control Board - Under Warranty,material,1.0,0.0,0.0
invoice_0cb7b23903cc44fd98ccb7eec866f9c7,job_74a761c72391438e801a71c2fb9a8753,3877,Service Calls - Service & Repair Fee - After-Hours,labor,1.0,188.0,188.0
invoice_ca43828c396a4417b51118481306d6aa,job_40b3cf5e9cc94036b56eb1b2e3b7ddd9,3876,Service Calls - Service & Repair Fee - After-Hours,labor,1.0,188.0,188.0
invoice_ca43828c396a4417b51118481306d6aa,job_40b3cf5e9cc94036b56eb1b2e3b7ddd9,3876,Service Calls - Repairs & Part Installation - **Tier 3 Repair - Contactor Replacement,labor,1.0,179.0,179.0
invoice_f496ba24f4c549a9b50a49ff1b0986df,job_80aca71f8eea4826b3bf3882e711790b,3875,Service Calls - Service & Repair Fee - After-Hours,labor,1.0,188.0,188.0
invoice_f496ba24f4c549a9b50a49ff1b0986df,job_80aca71f8eea4826b3bf3882e711790b,3875,Service Calls - Repairs & Part Installation - **Tier 3 Repair - Contactor Replacement,labor,1.0,179.0,179.0
invoice_f496ba24f4c549a9b50a49ff1b0986df,job_80aca71f8eea4826b3bf3882e711790b,3875,Service Calls - Repairs & Part Installation - **Tier 3 Repair - Transformer Replacement,labor,1.0,185.0,185.0
invoice_38860358654f44b6bc13e5c6dc53e425,job_ba2a5e625b124277a002a8a1b1925298,3874,Service & Repair Fee - After-Hours,labor,1.0,167.0,167.0
invoice_8d5b32eacbb54751ab1ab1177268cea4,job_672a10b3a0284cdb8fd785782a0505cc,3873,Service Calls - Service & Repair Fee - After-Hours,labor,1.0,188.0,188.0
invoice_8d5b32eacbb54751ab1ab1177268cea4,job_672a10b3a0284cdb8fd785782a0505cc,3873,Service Calls - Repairs & Part Installation - **Tier 3 Repair - Clear Drain Line,labor,1.0,186.0,186.0
invoice_73dd67fc0d9e421ebfeae48be339e921,job_bde75897f64e4836bb6b3ecb64c94cdc,3872,New Construction - New Construction,labor,672.0,41.0,27552.0
invoice_73dd67fc0d9e421ebfeae48be339e921,job_bde75897f64e4836bb6b3ecb64c94cdc,3872,New Construction - Rough-In & Trim-Out,material,7.0,5157.0,36099.0
invoice_73dd67fc0d9e421ebfeae48be339e921,job_bde75897f64e4836bb6b3ecb64c94cdc,3872,3.5 Ton - Carrier Heat Pump - 3.5 Ton Condenser - 15 SEER,material,7.0,5399.0,37793.0
invoice_73dd67fc0d9e421ebfeae48be339e921,job_bde75897f64e4836bb6b3ecb64c94cdc,3872,"3.5 Ton - Comfort Series Fan Coil Multipoise, ECM Motor for Puron Advance - 3.5 Ton",material,7.0,2369.0,16583.0
invoice_73dd67fc0d9e421ebfeae48be339e921,job_bde75897f64e4836bb6b3ecb64c94cdc,3872,10 kW - Electric Heater - 10kW 240 Volt-Single Phase with Terminal Block,material,7.0,201.0,1407.0
invoice_73dd67fc0d9e421ebfeae48be339e921,job_bde75897f64e4836bb6b3ecb64c94cdc,3872,Generic Parts / Service - Honeywell FocusPro 5000,material,7.0,194.0,1358.0
invoice_0b5d22bab54c4c05bba7dd60f1b669b6,job_72ca1d37730041d89c9cfa925b5fa8fa,3871,Visit #3,labor,1.0,0.0,0.0
invoice_c2317253314a49e18b198a34ea0b8bd8,job_7f957600dcf34baaab52db9eb96d2315,3870,Visit #4,labor,1.0,0.0,0.0
invoice_8658a5ba07424d4585d8e465c6ca9773,job_8d70be5abe2c4906bad5370b1aa860ad,3869,Service Calls - Service & Repair Fee - Standard,labor,1.0,96.0,96.0
invoice_8658a5ba07424d4585d8e465c6ca9773,job_8d70be5abe2c4906bad5370b1aa860ad,3869,Thermostat - Honeywell Home FocusPRO® N100,material,1.0,193.0,193.0
invoice_81bccfc571fb4412bcce254b31dd8624,job_662de96c471a44468aaf3fd387c99f4a,3868,Service & Repair Fee - Standard,labor,1.0,102.0,102.0
invoice_81bccfc571fb4412bcce254b31dd8624,job_662de96c471a44468aaf3fd387c99f4a,3868,Service Calls - Repairs & Part Installation - Service,labor,1.0,1151.5,1151.5
invoice_81bccfc571fb4412bcce254b31dd8624,job_662de96c471a44468aaf3fd387c99f4a,3868,Generic Parts / Service - Filter dryer,material,1.0,103.0,103.0
invoice_81bccfc571fb4412bcce254b31dd8624,job_662de96c471a44468aaf3fd387c99f4a,3868,Unit Specific Parts - TXV,material,1.0,568.0,568.0
invoice_81bccfc571fb4412bcce254b31dd8624,job_662de96c471a44468aaf3fd387c99f4a,3868,Unit Specific Parts - Evaporator Coil,material,1.0,622.0,622.0
invoice_81bccfc571fb4412bcce254b31dd8624,job_662de96c471a44468aaf3fd387c99f4a,3868,Generic Parts / Service - R410a refrigerant,material,2.0,132.0,264.0
invoice_00b1215fa0fe490c9fc6fceff02bd917,job_7f2d102241ed4c648cb2f1a56cc52937,3867,Service & Repair Fee - Standard,labor,1.0,102.0,102.0
invoice_00b1215fa0fe490c9fc6fceff02bd917,job_7f2d102241ed4c648cb2f1a56cc52937,3867,Service Calls - Repairs & Part Installation - **Tier 3 Repair - Clear Drain Line,labor,1.0,186.0,186.0
invoice_00b1215fa0fe490c9fc6fceff02bd917,job_7f2d102241ed4c648cb2f1a56cc52937,3867,Service Calls - Repairs & Part Installation - **Tier 3 Repair - Reconfigure PVC,labor,1.0,164.0,164.0
invoice_7c7c163dbb3742d79073ea787390830c,job_a056cc03e6ba4fb0a520522d13b3ef08,3866,Service & Repair Fee - Standard,labor,1.0,102.0,102.0
invoice_a666819c6b9a42a4a70b00670adcd4e0,job_a95f3b887bb84fa1af3aac9219436a57,3865,Service & Repair Fee - After-Hours,labor,1.0,167.0,167.0
invoice_a666819c6b9a42a4a70b00670adcd4e0,job_a95f3b887bb84fa1af3aac9219436a57,3865,Service Calls - Repairs & Part Installation - **Tier 2 Repair - Leak Detection Tidewater Hospitality (Isolation),labor,1.0,265.0,265.0
invoice_99a5f7dcf9b340869d5244331aae6ec9,job_ce31e7f0a5874a42afbdd200df716ac1,3864,Service Calls - Repairs & Part Installation - Service,labor,1.0,498.25,498.25
invoice_99a5f7dcf9b340869d5244331aae6ec9,job_ce31e7f0a5874a42afbdd200df716ac1,3864,Unit Specific Parts - TXV,material,1.0,363.0,363.0
invoice_99a5f7dcf9b340869d5244331aae6ec9,job_ce31e7f0a5874a42afbdd200df716ac1,3864,Generic Parts / Service - R410a refrigerant,material,1.0,132.0,132.0
invoice_a00e5644cf3b4dcfaa4acd9a520a953a,job_dc45c85057a94c94ba7d77ce6c2f7a02,3863,Preventative Maintenance - Residential Preventative Maintenance,labor,1.0,179.0,179.0
invoice_0be2751351c14f0fa6867f66fde53a73,job_d9684509e7914266a89dc65b1a205e09,3862,Service & Repair Fee - Standard,labor,1.0,102.0,102.0
invoice_0be2751351c14f0fa6867f66fde53a73,job_d9684509e7914266a89dc65b1a205e09,3862,MISC LABOR - Brazing Copper Line,labor,1.0,481.0,481.0
invoice_d21d8e42fe364934b5b55cf39a01ebe0,job_d9684509e7914266a89dc65b1a205e09,3861,Service & Repair Fee - Standard,labor,1.0,102.0,102.0
invoice_d21d8e42fe364934b5b55cf39a01ebe0,job_d9684509e7914266a89dc65b1a205e09,3861,MISC LABOR - Brazing Copper Line,labor,1.0,481.0,481.0
invoice_d21d8e42fe364934b5b55cf39a01ebe0,job_d9684509e7914266a89dc65b1a205e09,3861,Generic Parts / Service - R410a refrigerant,material,6.0,132.0,792.0
invoice_b510a8f3130d4f4c80007019df82d60e,job_8954d23bf7634495a32a2c37d7669f33,3860,Service & Repair Fee - Standard,labor,1.0,102.0,102.0
invoice_6f2d663e098740eda411560f0f47e012,job_5a4a734c11dd4c95b9251cffbef7d3c9,3859,Service & Repair Fee - Standard,labor,1.0,102.0,102.0
invoice_6f2d663e098740eda411560f0f47e012,job_5a4a734c11dd4c95b9251cffbef7d3c9,3859,Service Calls - Repairs & Part Installation - **Tier 3 Repair - Clear Drain Line,labor,1.0,186.0,186.0
invoice_f07e372269e64d8badae9d28a8848063,job_5ed9ef02d954484eb36b06f74885a287,3858,Service & Repair Fee - Standard,labor,1.0,102.0,102.0
invoice_f07e372269e64d8badae9d28a8848063,job_5ed9ef02d954484eb36b06f74885a287,3858,Service Calls - Repairs & Part Installation - **Tier 3 Repair - Capacitor Replacement,labor,1.0,180.0,180.0
invoice_498383eae53940dc9306223e26051ba9,job_e3972c4c93ff43b5ad27789f5f47ae4f,3857,Service & Repair Fee - Standard,labor,1.0,102.0,102.0
invoice_498383eae53940dc9306223e26051ba9,job_e3972c4c93ff43b5ad27789f5f47ae4f,3857,Service Calls - Repairs & Part Installation - **Tier 3 Repair - Clear Drain Line,labor,1.0,186.0,186.0
invoice_54ff9620af9344a9bcdde53bc5465a03,job_6ef42d29ce274fdeb4a7da6fbf62017e,3856,System Installation,labor,2.0,1410.0,2820.0
invoice_54ff9620af9344a9bcdde53bc5465a03,job_6ef42d29ce274fdeb4a7da6fbf62017e,3856,Carrier Heat Pump - 4 Ton Condenser - 18 SEER,material,2.0,8120.0,16240.0
invoice_54ff9620af9344a9bcdde53bc5465a03,job_6ef42d29ce274fdeb4a7da6fbf62017e,3856,4 Ton Residential Fan Coil Multipoise with InteliSense Technology,material,2.0,4339.25,8678.5
invoice_54ff9620af9344a9bcdde53bc5465a03,job_6ef42d29ce274fdeb4a7da6fbf62017e,3856,10 KW Heat Kit,material,2.0,343.5,687.0
invoice_54ff9620af9344a9bcdde53bc5465a03,job_6ef42d29ce274fdeb4a7da6fbf62017e,3856,Generic Parts / Service - Ecobee 6 Thermostat,material,2.0,499.25,998.5
invoice_54ff9620af9344a9bcdde53bc5465a03,job_6ef42d29ce274fdeb4a7da6fbf62017e,3856,Add Ons - Drain package,material,2.0,277.75,555.5
invoice_54ff9620af9344a9bcdde53bc5465a03,job_6ef42d29ce274fdeb4a7da6fbf62017e,3856,Add Ons - Concrete Pad,material,1.0,0.0,0.0
invoice_54ff9620af9344a9bcdde53bc5465a03,job_6ef42d29ce274fdeb4a7da6fbf62017e,3856,CHANGE - Reme Halo & UV Package,material,2.0,784.0,1568.0
invoice_cd0f2af53cd146468baddd4fb6c674ad,job_54c4740c867d45b3a27aac5d14d9fb64,3855,Preventative Maintenance - Residential Preventative Maintenance,labor,1.0,92.0,92.0
invoice_cd0f2af53cd146468baddd4fb6c674ad,job_54c4740c867d45b3a27aac5d14d9fb64,3855,Service Calls - Repairs & Part Installation - **Tier 3 Repair - Contactor Replacement,labor,1.0,179.0,179.0
invoice_82f7bdccd15040a5853ce38624a03f4f,job_f45a6b5636fa42bba92d8efb7612d585,3854,Service & Repair Fee - After-Hours,labor,1.0,167.0,167.0
invoice_82f7bdccd15040a5853ce38624a03f4f,job_f45a6b5636fa42bba92d8efb7612d585,3854,Service Calls - Repairs & Part Installation - **Tier 2 Repair - Leak Detection Tidewater Hospitality (Bubbles / Electronic),labor,1.0,107.0,107.0
invoice_f650849580d14fd98bc00a32f73b7587,job_bbc8746dc0754d1faca1d73b313e04d4,3853,Service & Repair Fee - Standard,labor,1.0,102.0,102.0
invoice_a1e30f1374024e6fb42d03910426838c,job_e9dde3181c844712b09ba6ba0abc1a09,3852,Service & Repair Fee - Standard,labor,1.0,102.0,102.0
invoice_fd54a6769f7f4b16adb492a823474531,job_a3e9aef6a55843378fed6ac5bee99e06,3851,Service Calls - Service & Repair Fee - Standard,labor,1.0,96.0,96.0
invoice_a47aea0e672946f6be8b969faf5b308c,job_61d764307ba54e528f857e6224e6a0a9,3850,New System Installation - System Installation,labor,1.0,1584.0,1584.0
invoice_a47aea0e672946f6be8b969faf5b308c,job_61d764307ba54e528f857e6224e6a0a9,3850,3 Ton - Carrier Coastal Heat Pump - 3 Ton Condenser - 15 SEER,material,1.0,6350.5,6350.5
invoice_a47aea0e672946f6be8b969faf5b308c,job_61d764307ba54e528f857e6224e6a0a9,3850,"3 Ton - Comfort Series Fan Coil Multipoise, ECM Motor for Puron Advance - 3 Ton",material,1.0,2316.75,2316.75
invoice_a47aea0e672946f6be8b969faf5b308c,job_61d764307ba54e528f857e6224e6a0a9,3850,8 kW - Electric Heater - 8kW 240 Volt-Single Phase with Terminal Block,material,1.0,212.25,212.25
invoice_a47aea0e672946f6be8b969faf5b308c,job_61d764307ba54e528f857e6224e6a0a9,3850,Generic Parts / Service - Honeywell FocusPro 5000,material,1.0,194.0,194.0
invoice_a47aea0e672946f6be8b969faf5b308c,job_61d764307ba54e528f857e6224e6a0a9,3850,Add Ons - Concrete Pad,material,1.0,256.0,256.0
invoice_a47aea0e672946f6be8b969faf5b308c,job_61d764307ba54e528f857e6224e6a0a9,3850,Add Ons - Drain package,material,1.0,277.75,277.75
invoice_bfc14a2b95ff49038fce2dcd7f76448e,job_61d764307ba54e528f857e6224e6a0a9,3849,New System Installation - System Installation,labor,1.0,1584.0,1584.0
invoice_bfc14a2b95ff49038fce2dcd7f76448e,job_61d764307ba54e528f857e6224e6a0a9,3849,3 Ton - Carrier Coastal Heat Pump - 3 Ton Condenser - 15 SEER,material,1.0,6350.5,6350.5
invoice_bfc14a2b95ff49038fce2dcd7f76448e,job_61d764307ba54e528f857e6224e6a0a9,3849,"3 Ton - Comfort Series Fan Coil Multipoise, ECM Motor for Puron Advance - 3 Ton",material,1.0,2316.75,2316.75
invoice_bfc14a2b95ff49038fce2dcd7f76448e,job_61d764307ba54e528f857e6224e6a0a9,3849,8 kW - Electric Heater - 8kW 240 Volt-Single Phase with Terminal Block,material,1.0,212.25,212.25
invoice_bfc14a2b95ff49038fce2dcd7f76448e,job_61d764307ba54e528f857e6224e6a0a9,3849,Generic Parts / Service - Honeywell FocusPro 5000,material,1.0,194.0,194.0
invoice_bfc14a2b95ff49038fce2dcd7f76448e,job_61d764307ba54e528f857e6224e6a0a9,3849,Add Ons - Concrete Pad,material,1.0,256.0,256.0
invoice_bfc14a2b95ff49038fce2dcd7f76448e,job_61d764307ba54e528f857e6224e6a0a9,3849,Add Ons - Drain package,material,1.0,277.75,277.75
invoice_60589a9eb59b4b35a7dad099c0edb6d4,job_c28cf7243c0e49dc9748eb2e6461ebf1,3848,Service & Repair Fee - After-Hours,labor,1.0,167.0,167.0
invoice_60589a9eb59b4b35a7dad099c0edb6d4,job_c28cf7243c0e49dc9748eb2e6461ebf1,3848,New System Installation - System Installation,labor,1.0,1584.0,1584.0
invoice_60589a9eb59b4b35a7dad099c0edb6d4,job_c28cf7243c0e49dc9748eb2e6461ebf1,3848,3.5 Ton - Carrier Comfort Straight Cool - 3.5 Ton Condenser - 15 SEER,material,1.0,5276.0,5276.0
invoice_60589a9eb59b4b35a7dad099c0edb6d4,job_c28cf7243c0e49dc9748eb2e6461ebf1,3848,"Carrier V COIL 3.5T 17.5"" CSDUPFLOW 454B NAO",material,1.0,2003.0,2003.0
invoice_b241340b630d45c68bd3216322d4ca52,job_ce137afea4e14655ad51bc06fa00a044,3847,Service Calls - Repairs & Part Installation - Service,labor,1.0,1020.25,1020.25
invoice_b241340b630d45c68bd3216322d4ca52,job_ce137afea4e14655ad51bc06fa00a044,3847,Service Calls - Tidewater Hospitality Service & Repair Fee - Standard,labor,1.0,92.0,92.0
invoice_b241340b630d45c68bd3216322d4ca52,job_ce137afea4e14655ad51bc06fa00a044,3847,Generic Parts / Service - R410a refrigerant,material,9.0,132.0,1188.0
invoice_b241340b630d45c68bd3216322d4ca52,job_ce137afea4e14655ad51bc06fa00a044,3847,Generic Parts / Service - Filter dryer,material,1.0,103.0,103.0
invoice_b241340b630d45c68bd3216322d4ca52,job_ce137afea4e14655ad51bc06fa00a044,3847,Unit Specific Parts - Compressor,material,1.0,1765.0,1765.0
invoice_77d91807fc274b58a81b30c6c55c6ac9,job_c24ee193709b478dabf4b32e67aba3eb,3846,Service & Repair Fee - Standard,labor,1.0,102.0,102.0
invoice_3c0707b65f9d4879a4d361bfe0ea2fda,job_9ee8de750e4143b3b66982ee815ab3a8,3845,Service & Repair Fee - Standard,labor,1.0,102.0,102.0
invoice_3c0707b65f9d4879a4d361bfe0ea2fda,job_9ee8de750e4143b3b66982ee815ab3a8,3845,Service Calls - Repairs & Part Installation - Tier 3 Repair - Low Voltage Breaker Replacement,labor,1.0,184.0,184.0
invoice_3ca7bf18f6e14a50bfb6471f82a6165f,job_5c9ee02b2a1b46e5b4048d47e459378c,3844,Service & Repair Fee - Standard,labor,1.0,102.0,102.0
invoice_3ca7bf18f6e14a50bfb6471f82a6165f,job_5c9ee02b2a1b46e5b4048d47e459378c,3844,MISC Labor - Soldering Joint + Filter Dryer Installation,labor,1.0,541.0,541.0
invoice_3ca7bf18f6e14a50bfb6471f82a6165f,job_5c9ee02b2a1b46e5b4048d47e459378c,3844,Generic Parts / Service - R410a refrigerant,material,9.0,132.0,1188.0
invoice_3ca7bf18f6e14a50bfb6471f82a6165f,job_5c9ee02b2a1b46e5b4048d47e459378c,3844,Generic Parts / Service - Filter dryer,material,1.0,103.0,103.0
invoice_0962a7f4c5974ef98e2687fb092bfd44,job_15f65d210da248a4859c1013af52eef3,3843,Service & Repair Fee - After-Hours,labor,1.0,167.0,167.0
invoice_0962a7f4c5974ef98e2687fb092bfd44,job_15f65d210da248a4859c1013af52eef3,3843,Generic Parts / Service - Honeywell FocusPro 5000,material,1.0,194.0,194.0
invoice_0353b7b67c134c86aac6fc933df54040,job_ed0b63a10a1f4c32bd9ab994c5957e23,3842,Service Calls - Service & Repair Fee - Standard,labor,1.0,96.0,96.0
invoice_0353b7b67c134c86aac6fc933df54040,job_ed0b63a10a1f4c32bd9ab994c5957e23,3842,Service Calls - Repairs & Part Installation - **Tier 3 Repair - Reconfigure PVC,labor,1.0,164.0,164.0
invoice_d67ead57e58e44ba8bac955e8e877a99,job_a9a38cecff804db394f3fcd954fa6f13,3841,Service & Repair Fee - After-Hours,labor,1.0,167.0,167.0
invoice_d67ead57e58e44ba8bac955e8e877a99,job_a9a38cecff804db394f3fcd954fa6f13,3841,System Installation,labor,1.0,1410.0,1410.0
invoice_d67ead57e58e44ba8bac955e8e877a99,job_a9a38cecff804db394f3fcd954fa6f13,3841,Carrier Coastal Heat Pump - 4 Ton Condenser - 15 SEER,material,1.0,7354.5,7354.5
invoice_d67ead57e58e44ba8bac955e8e877a99,job_a9a38cecff804db394f3fcd954fa6f13,3841,"Comfort Series Fan Coil Multipoise, ECM Motor for Puron Advance - 4 Ton",material,1.0,2971.5,2971.5
invoice_d67ead57e58e44ba8bac955e8e877a99,job_a9a38cecff804db394f3fcd954fa6f13,3841,10 KW Heat Kit,material,1.0,343.5,343.5
invoice_d67ead57e58e44ba8bac955e8e877a99,job_a9a38cecff804db394f3fcd954fa6f13,3841,Honeywell FocusPro 5000,material,1.0,206.0,206.0
invoice_d67ead57e58e44ba8bac955e8e877a99,job_a9a38cecff804db394f3fcd954fa6f13,3841,Add Ons - Drain package,material,1.0,277.75,277.75
invoice_d67ead57e58e44ba8bac955e8e877a99,job_a9a38cecff804db394f3fcd954fa6f13,3841,Add Ons - Metal Air Handler Stand,material,1.0,119.0,119.0
invoice_33ddc074769149c491f8e1c1d9e1b087,job_a592c059a32f4717a0470853aa9eeaeb,3840,Service & Repair Fee - After-Hours,labor,1.0,167.0,167.0
invoice_33ddc074769149c491f8e1c1d9e1b087,job_a592c059a32f4717a0470853aa9eeaeb,3840,Service Calls - Repairs & Part Installation - **Tier 3 Repair - Clear Drain Line,labor,1.0,186.0,186.0
invoice_4231d71cebac4740a298aa5302239808,job_7fe9e9a10d93430db78220d6a415d65e,3839,Service Calls - Service & Repair Fee - After-Hours,labor,1.0,188.0,188.0
invoice_4231d71cebac4740a298aa5302239808,job_7fe9e9a10d93430db78220d6a415d65e,3839,Service Calls - Repairs & Part Installation - Service,labor,1.0,242.0,242.0
invoice_4231d71cebac4740a298aa5302239808,job_7fe9e9a10d93430db78220d6a415d65e,3839,Unit Specific Part- Reversing Valve Solenoid,material,1.0,76.0,76.0
invoice_37b5f214643647459038e7c0169a207f,job_b8a3e398a8024075bcc5ee47d0a5d9be,3838,Service & Repair Fee - Standard,labor,1.0,102.0,102.0
invoice_37b5f214643647459038e7c0169a207f,job_b8a3e398a8024075bcc5ee47d0a5d9be,3838,Service Calls - Repairs & Part Installation - **Tier 3 Repair - Clear Drain Line,labor,1.0,186.0,186.0
invoice_79676b0717b844e89066fce1be6e2f05,job_2ce905499b624dceab8b663d15f2e882,3837,Service Calls - Service & Repair Fee - Standard,labor,1.0,96.0,96.0
invoice_79676b0717b844e89066fce1be6e2f05,job_2ce905499b624dceab8b663d15f2e882,3837,Service Calls - Repairs & Part Installation - **Tier 2 Repair - Leak Detection Tidewater Hospitality (Bubbles / Electronic),labor,1.0,107.0,107.0
invoice_b6eed60a1eaa4563b145485f272377fe,job_3a5b11f80b914ccd84b39e3dc4a77a18,3836,Service Calls - Service & Repair Fee - Standard,labor,1.0,96.0,96.0
invoice_cdb4f3a905d84a5ea5fc467fb8e3db60,job_32ec7c47b9244cc1a4d100bd6bd0504c,3835,Preventative Maintenance - Residential Preventative Maintenance,labor,1.0,92.0,92.0
invoice_9650ac85826049d69f8d0efdc00412e5,job_32ec7c47b9244cc1a4d100bd6bd0504c,3834,Preventative Maintenance - Residential Preventative Maintenance,labor,1.0,92.0,92.0
invoice_ef6cb01c1e594ab38d02d81f230f19b4,job_ad6ffe47113a481f83b6efe849a1783b,3833,Preventative Maintenance - Residential Preventative Maintenance,labor,2.0,92.0,184.0
invoice_95a865ec356a47a2a4aa008263dcd95d,job_2be1355680bf4ca6bbf5f2b47197ba6c,3832,Service Calls - Service & Repair Fee - Standard,labor,1.0,96.0,96.0
invoice_3cce21947c894fd4b43231d752654d0a,job_c591867881044467935b4fc54ee230f3,3831,Preventative Maintenance - Residential Preventative Maintenance,labor,1.0,92.0,92.0
invoice_48ed545f513344ca9dddf92a8879a59a,job_06fea97140c34e4c9b9fe83d39f77976,3830,Service Calls - Service & Repair Fee - After-Hours,labor,1.0,188.0,188.0
invoice_48ed545f513344ca9dddf92a8879a59a,job_06fea97140c34e4c9b9fe83d39f77976,3830,Service Calls - Repairs & Part Installation - **Tier 2 Repair - Replace fuse,labor,1.0,53.0,53.0
invoice_48ed545f513344ca9dddf92a8879a59a,job_06fea97140c34e4c9b9fe83d39f77976,3830,Thermostat - Honeywell Home FocusPRO5000,material,1.0,192.0,192.0
invoice_f767e15900334ad8ad0a70c20b7e57a0,job_06fea97140c34e4c9b9fe83d39f77976,3829,Service Calls - Service & Repair Fee - After-Hours,labor,1.0,188.0,188.0
invoice_f767e15900334ad8ad0a70c20b7e57a0,job_06fea97140c34e4c9b9fe83d39f77976,3829,Service Calls - Repairs & Part Installation - **Tier 2 Repair - Replace fuse,labor,1.0,53.0,53.0
invoice_f767e15900334ad8ad0a70c20b7e57a0,job_06fea97140c34e4c9b9fe83d39f77976,3829,Thermostat - Honeywell Home FocusPRO5000,material,1.0,192.0,192.0
invoice_7ef9c368251344d9b614f76c9bcc8b21,job_7e41ee5c90444d4582f6e23defbfedf1,3828,Preventative Maintenance - Residential Preventative Maintenance,labor,1.0,92.0,92.0
invoice_23f3f525224544e389d6e7de83d7f99a,job_ab18b3deb1834803a638ebc5c2791351,3827,Preventative Maintenance - Residential Preventative Maintenance,labor,1.0,272.0,272.0
invoice_23f3f525224544e389d6e7de83d7f99a,job_ab18b3deb1834803a638ebc5c2791351,3827,Service Calls - Repairs & Part Installation - **Tier 3 Repair - Capacitor Replacement,labor,1.0,180.0,180.0
invoice_96167b68fdc541108ab619f20d2adff4,job_6af0dd58833c445099b574405e49b3f4,3826,Service & Repair Fee - Standard,labor,1.0,102.0,102.0
invoice_e4b7769da68844ef8674334717f971e6,job_cc89145c1eb843fe83b213331aea7fa8,3825,Service & Repair Fee - Standard,labor,1.0,102.0,102.0
invoice_b631bd8553094ad08c25ddc6e9dc3351,job_6cbe94e9a42b498ab3d068bed896b96f,3824,Service & Repair Fee - Standard,labor,1.0,102.0,102.0
invoice_b631bd8553094ad08c25ddc6e9dc3351,job_6cbe94e9a42b498ab3d068bed896b96f,3824,Service Calls - Repairs & Part Installation - **Tier 1 Repair - Reconnect L1 Wiring,labor,1.0,52.0,52.0
invoice_c5df8b2aefec437584c7265a9930c445,job_5a86b19363be4a4692dd6c2a5554f92a,3823,Service Calls - Service & Repair Fee - Standard,labor,1.0,96.0,96.0
invoice_c5df8b2aefec437584c7265a9930c445,job_5a86b19363be4a4692dd6c2a5554f92a,3823,Service Calls - Repairs & Part Installation - Service,labor,1.0,1020.25,1020.25
invoice_c5df8b2aefec437584c7265a9930c445,job_5a86b19363be4a4692dd6c2a5554f92a,3823,Generic Parts / Service - Filter dryer,material,1.0,103.0,103.0
invoice_c5df8b2aefec437584c7265a9930c445,job_5a86b19363be4a4692dd6c2a5554f92a,3823,WARRANTY Parts / Service - WARRANTY - Compressor,material,1.0,0.0,0.0
invoice_c5df8b2aefec437584c7265a9930c445,job_5a86b19363be4a4692dd6c2a5554f92a,3823,Generic Parts / Service - R410a refrigerant,material,6.5,132.0,858.0
invoice_c05dc6fc3e6e4390a5f45b24a138f976,job_8791fd52f6b94492b5e56a72fbbe6fcf,3822,Service & Repair Fee - Standard,labor,1.0,102.0,102.0
invoice_d42771b68e3a491a8e510eb2c75aec17,job_d9f490008aba457ea4dc03b580a27ddb,3821,Service & Repair Fee - After-Hours,labor,1.0,167.0,167.0
invoice_d42771b68e3a491a8e510eb2c75aec17,job_d9f490008aba457ea4dc03b580a27ddb,3821,Generic Parts / Service - Honeywell FocusPro 5000,material,1.0,194.0,194.0
invoice_a402299ee01a4ca88616da903fca9a5d,job_3f5013cb6a81495a9b1f88822ec132a9,3820,Service Calls - Repairs & Part Installation - **Tier 3 Repair - Contactor Replacement,labor,1.0,179.0,179.0
invoice_a402299ee01a4ca88616da903fca9a5d,job_3f5013cb6a81495a9b1f88822ec132a9,3820,Service Calls - Service & Repair Fee - Standard,labor,1.0,96.0,96.0
invoice_4aac715ef3ac4c229adf29dedcaa6738,job_a726936de83d4c208fc2fd9b5cceaf3b,3819,Service Calls - Service & Repair Fee - After-Hours,labor,1.0,188.0,188.0
invoice_4aac715ef3ac4c229adf29dedcaa6738,job_a726936de83d4c208fc2fd9b5cceaf3b,3819,Service Calls - Repairs & Part Installation - **Tier 3 Repair - Contactor Replacement,labor,1.0,179.0,179.0
invoice_4aac715ef3ac4c229adf29dedcaa6738,job_a726936de83d4c208fc2fd9b5cceaf3b,3819,Service Calls - Repairs & Part Installation - **Tier 3 Repair - Reconfigure Vinyl Drain Hose,labor,1.0,181.0,181.0
invoice_420abb26046f48b1be7fccb48499608a,job_a726936de83d4c208fc2fd9b5cceaf3b,3818,Service Calls - Service & Repair Fee - After-Hours,labor,1.0,188.0,188.0
invoice_420abb26046f48b1be7fccb48499608a,job_a726936de83d4c208fc2fd9b5cceaf3b,3818,Service Calls - Repairs & Part Installation - **Tier 3 Repair - Contactor Replacement,labor,1.0,179.0,179.0
invoice_420abb26046f48b1be7fccb48499608a,job_a726936de83d4c208fc2fd9b5cceaf3b,3818,Service Calls - Repairs & Part Installation - **Tier 3 Repair - Reconfigure Vinyl Drain Hose,labor,1.0,181.0,181.0
invoice_e4342b62096743c78e7b4b54eacf901f,job_d75f80df77254beea676d63189af851c,3817,Service & Repair Fee - Standard,labor,1.0,102.0,102.0
invoice_e4342b62096743c78e7b4b54eacf901f,job_d75f80df77254beea676d63189af851c,3817,Service Calls - Repairs & Part Installation - Service,labor,1.0,242.0,242.0
invoice_e4342b62096743c78e7b4b54eacf901f,job_d75f80df77254beea676d63189af851c,3817,Unit Specific Parts - Reversing Valve Solenoid,material,1.0,112.0,112.0
invoice_a03ecde5de6c4b8b8042fdf14caa92ac,job_c651b1bec914454c80b85607cd9e7850,3816,Preventative Maintenance - Residential Preventative Maintenance,labor,1.0,292.0,292.0
invoice_a03ecde5de6c4b8b8042fdf14caa92ac,job_c651b1bec914454c80b85607cd9e7850,3816,Service Calls - Repairs & Part Installation - **Tier 2 Repair - Leak Detection Tidewater Hospitality (Bubbles / Electronic),labor,1.0,107.0,107.0
invoice_a03ecde5de6c4b8b8042fdf14caa92ac,job_c651b1bec914454c80b85607cd9e7850,3816,Generic Parts / Service - R410a refrigerant,material,2.0,132.0,264.0
invoice_9b44e64467914a43996daabec59d95ad,job_92c15112f0524b9f9ce428c420297fea,3815,Service & Repair Fee - After-Hours,labor,1.0,167.0,167.0
invoice_9b44e64467914a43996daabec59d95ad,job_92c15112f0524b9f9ce428c420297fea,3815,Service Calls - Repairs & Part Installation - Service,labor,1.0,918.25,918.25
invoice_9b44e64467914a43996daabec59d95ad,job_92c15112f0524b9f9ce428c420297fea,3815,Generic Parts / Service - R410a refrigerant,material,10.0,132.0,1320.0
invoice_9b44e64467914a43996daabec59d95ad,job_92c15112f0524b9f9ce428c420297fea,3815,WARRANTY Parts / Service - WARRANTY - Compressor,material,1.0,0.0,0.0
invoice_9b44e64467914a43996daabec59d95ad,job_92c15112f0524b9f9ce428c420297fea,3815,Generic Parts / Service - Low Voltage Breaker,material,1.0,53.0,53.0
invoice_8b36f5d958ae4ca494c00549865872b4,job_a9a38cecff804db394f3fcd954fa6f13,3814,Service & Repair Fee - After-Hours,labor,1.0,167.0,167.0
invoice_8b36f5d958ae4ca494c00549865872b4,job_a9a38cecff804db394f3fcd954fa6f13,3814,System Installation,labor,1.0,1410.0,1410.0
invoice_8b36f5d958ae4ca494c00549865872b4,job_a9a38cecff804db394f3fcd954fa6f13,3814,Carrier Coastal Heat Pump - 4 Ton Condenser - 15 SEER,material,1.0,7354.5,7354.5
invoice_8b36f5d958ae4ca494c00549865872b4,job_a9a38cecff804db394f3fcd954fa6f13,3814,"Comfort Series Fan Coil Multipoise, ECM Motor for Puron Advance - 4 Ton",material,1.0,2971.5,2971.5
invoice_8b36f5d958ae4ca494c00549865872b4,job_a9a38cecff804db394f3fcd954fa6f13,3814,10 KW Heat Kit,material,1.0,343.5,343.5
invoice_8b36f5d958ae4ca494c00549865872b4,job_a9a38cecff804db394f3fcd954fa6f13,3814,Honeywell FocusPro 5000,material,1.0,206.0,206.0
invoice_8b36f5d958ae4ca494c00549865872b4,job_a9a38cecff804db394f3fcd954fa6f13,3814,Add Ons - Drain package,material,1.0,277.75,277.75
invoice_8b36f5d958ae4ca494c00549865872b4,job_a9a38cecff804db394f3fcd954fa6f13,3814,Add Ons - Metal Air Handler Stand,material,1.0,119.0,119.0
invoice_f6ab4a8cd25c46a4ae1d7d6b9bb87012,job_d79aac96d5be46aaaa98793d80c9217d,3813,Preventative Maintenance - Residential Preventative Maintenance,labor,1.0,272.0,272.0
invoice_6db6a1eafe3d47e3a86009119cc18723,job_c5a8190695464581bde71cbdea180b45,3812,Service Calls - Service & Repair Fee - Standard,labor,1.0,96.0,96.0
invoice_6db6a1eafe3d47e3a86009119cc18723,job_c5a8190695464581bde71cbdea180b45,3812,System Installation,labor,1.0,1552.0,1552.0
invoice_6db6a1eafe3d47e3a86009119cc18723,job_c5a8190695464581bde71cbdea180b45,3812,Carrier Coastal Heat Pump - 3.5 Ton Condenser - 15 SEER,material,1.0,7130.75,7130.75
invoice_6db6a1eafe3d47e3a86009119cc18723,job_c5a8190695464581bde71cbdea180b45,3812,"Comfort Series Fan Coil Multipoise, ECM Motor for Puron Advance - 3.5 Ton",material,1.0,2848.0,2848.0
invoice_6db6a1eafe3d47e3a86009119cc18723,job_c5a8190695464581bde71cbdea180b45,3812,10 KW Heat Kit,material,1.0,343.5,343.5
invoice_6db6a1eafe3d47e3a86009119cc18723,job_c5a8190695464581bde71cbdea180b45,3812,Honeywell FocusPro 5000,material,1.0,206.0,206.0
invoice_6db6a1eafe3d47e3a86009119cc18723,job_c5a8190695464581bde71cbdea180b45,3812,Add Ons - Metal Air Handler Stand,material,1.0,119.0,119.0
invoice_6db6a1eafe3d47e3a86009119cc18723,job_c5a8190695464581bde71cbdea180b45,3812,Add Ons - Drain package,material,1.0,277.75,277.75
invoice_afbc0087ee654b0ba0c36ae236ad3fd3,job_e7d296f635924d239571e4b76ed68342,3811,Service Calls - Service & Repair Fee - After-Hours,labor,1.0,188.0,188.0
invoice_afbc0087ee654b0ba0c36ae236ad3fd3,job_e7d296f635924d239571e4b76ed68342,3811,Service Calls - Repairs & Part Installation - **Tier 3 Repair - Contactor Replacement,labor,1.0,179.0,179.0
invoice_afbc0087ee654b0ba0c36ae236ad3fd3,job_e7d296f635924d239571e4b76ed68342,3811,Service Calls - Repairs & Part Installation - **Tier 2 Repair - Coil clean in place,labor,1.0,104.0,104.0
invoice_0b8886a098e34289b6af8eb12e2fe250,job_d09c615d78d74cd4bf181091a609c3df,3809,MISC Labor - Installation of New Plenum,labor,1.0,362.0,362.0
invoice_0b8886a098e34289b6af8eb12e2fe250,job_d09c615d78d74cd4bf181091a609c3df,3809,Visit #2,labor,1.0,100.0,100.0
invoice_0b8886a098e34289b6af8eb12e2fe250,job_d09c615d78d74cd4bf181091a609c3df,3809,Generic Parts / Service - Reme Halo Zero,material,1.0,969.0,969.0
invoice_0b8886a098e34289b6af8eb12e2fe250,job_d09c615d78d74cd4bf181091a609c3df,3809,Add Ons - Blu QR UV Stick Horton,material,1.0,212.0,212.0
invoice_01c422c5051b4ad5b8e357df38286f75,job_c5c2b60365e04abdbe7becab147f02f4,3808,Service Calls - Service & Repair Fee - Standard,labor,1.0,96.0,96.0
invoice_01c422c5051b4ad5b8e357df38286f75,job_c5c2b60365e04abdbe7becab147f02f4,3808,Service Calls - Repairs & Part Installation - Service,labor,1.0,436.0,436.0
invoice_01c422c5051b4ad5b8e357df38286f75,job_c5c2b60365e04abdbe7becab147f02f4,3808,Service Calls - Repairs & Part Installation - **Tier 3 Repair - Contactor Replacement,labor,1.0,179.0,179.0
invoice_01c422c5051b4ad5b8e357df38286f75,job_c5c2b60365e04abdbe7becab147f02f4,3808,Unit Specific Parts - Defrost Control Board,material,1.0,515.0,515.0
invoice_c7920bc6c484473b9c2beeb1f52799b5,job_3450784fc4f34bf8b350fc6369ed4264,3807,Service Calls - Service & Repair Fee - Standard,labor,1.0,96.0,96.0
invoice_f00f95d779484026b2fce930955d9eaa,job_eb5ed8ab84ae411bb21c72bf52a812aa,3806,Service Calls - Service & Repair Fee - Standard,labor,1.0,96.0,96.0
invoice_83efd27fd17b45bb8c0cccc0048ae73f,job_e4bd1c3c0a804584b100ab8e97d4439a,3805,Preventative Maintenance - Residential Preventative Maintenance,labor,1.0,272.0,272.0
invoice_0242c8daf65b4b6faaa6847558998b1e,job_558122af34894a9daba64ac0d0601fc4,3804,Service Calls - Service & Repair Fee - Standard,labor,1.0,96.0,96.0
invoice_2ab8367732a64ffbbcaee73265f3d93f,job_483e4cf7c2914778b046e83b55e0f849,3803,Visit #4,labor,1.0,180.0,180.0
invoice_2875f4f552f74195a27da382cebeb41b,job_3f5013cb6a81495a9b1f88822ec132a9,3802,Service Calls - Repairs & Part Installation - **Tier 3 Repair - Contactor Replacement,labor,1.0,179.0,179.0
invoice_2875f4f552f74195a27da382cebeb41b,job_3f5013cb6a81495a9b1f88822ec132a9,3802,Service Calls - Service & Repair Fee - After-Hours,labor,1.0,188.0,188.0
invoice_a3fe8ab9340e4ca583c24a8e7ed5a150,job_d9f490008aba457ea4dc03b580a27ddb,3801,Service & Repair Fee - After-Hours,labor,1.0,167.0,167.0
invoice_a3fe8ab9340e4ca583c24a8e7ed5a150,job_d9f490008aba457ea4dc03b580a27ddb,3801,Generic Parts / Service - Honeywell FocusPro 5000,material,1.0,194.0,194.0
invoice_c78c03411fbd4c9894f0c89ed2702560,job_078360af02524abb8069920d997d07c6,3800,Service Calls - Service & Repair Fee - After-Hours,labor,1.0,188.0,188.0
invoice_c78c03411fbd4c9894f0c89ed2702560,job_078360af02524abb8069920d997d07c6,3800,System Installation,labor,2.0,1410.0,2820.0
invoice_c78c03411fbd4c9894f0c89ed2702560,job_078360af02524abb8069920d997d07c6,3800,Carrier Coastal Heat Pump - 2 Ton Condenser - 15 SEER,material,2.0,4938.0,9876.0
invoice_c78c03411fbd4c9894f0c89ed2702560,job_078360af02524abb8069920d997d07c6,3800,"Comfort Series Fan Coil Multipoise, ECM Motor for Puron Advance - 2 Ton",material,2.0,2050.75,4101.5
invoice_c78c03411fbd4c9894f0c89ed2702560,job_078360af02524abb8069920d997d07c6,3800,Electric Heater - 5kW 240 Volt-Single Phase with Terminal Block,material,2.0,233.75,467.5
invoice_c78c03411fbd4c9894f0c89ed2702560,job_078360af02524abb8069920d997d07c6,3800,Thermostat - Honeywell Home FocusPRO® 5000,material,2.0,222.0,444.0
invoice_c78c03411fbd4c9894f0c89ed2702560,job_078360af02524abb8069920d997d07c6,3800,Weekend Install Fee!,material,1.0,472.0,472.0
invoice_5f6baa7f8dee410e9aacce5c85fffaff,job_ce137afea4e14655ad51bc06fa00a044,3799,Service Calls - Repairs & Part Installation - Service,labor,1.0,1020.25,1020.25
invoice_5f6baa7f8dee410e9aacce5c85fffaff,job_ce137afea4e14655ad51bc06fa00a044,3799,Service Calls - Tidewater Hospitality Service & Repair Fee - Standard,labor,1.0,92.0,92.0
invoice_5f6baa7f8dee410e9aacce5c85fffaff,job_ce137afea4e14655ad51bc06fa00a044,3799,Generic Parts / Service - R410a refrigerant,material,9.0,132.0,1188.0
invoice_5f6baa7f8dee410e9aacce5c85fffaff,job_ce137afea4e14655ad51bc06fa00a044,3799,Generic Parts / Service - Filter dryer,material,1.0,103.0,103.0
invoice_5f6baa7f8dee410e9aacce5c85fffaff,job_ce137afea4e14655ad51bc06fa00a044,3799,Unit Specific Parts - Compressor,material,1.0,1765.0,1765.0
invoice_25e85f4471994eea9cb2788d92e90712,job_59b24454669d403bbabf8576722516d6,3798,New Construction - New Construction,labor,120.0,34.0,4080.0
invoice_25e85f4471994eea9cb2788d92e90712,job_59b24454669d403bbabf8576722516d6,3798,Dual-Wall Insulated Spiral Duct,material,1.0,14602.0,14602.0
invoice_25e85f4471994eea9cb2788d92e90712,job_59b24454669d403bbabf8576722516d6,3798,Diffusers,material,8.0,191.0,1528.0
invoice_25e85f4471994eea9cb2788d92e90712,job_59b24454669d403bbabf8576722516d6,3798,Return Duct & Grill,material,1.0,535.0,535.0
invoice_25e85f4471994eea9cb2788d92e90712,job_59b24454669d403bbabf8576722516d6,3798,Scissor Lift Rental,material,1.0,485.0,485.0
invoice_e67e4559aadb4f71a2d2251ad9cf99b5,job_a92ff6d3dd7a481eb9d88c37e7a395f7,3797,Visit #1,labor,1.0,88.0,88.0
invoice_5eed3fea77ab4067a53e274b0d07a497,job_0c1ce7dbfe054e75ac34bf72168c722f,3796,Service Calls - Service & Repair Fee - Standard,labor,1.0,96.0,96.0
invoice_5eed3fea77ab4067a53e274b0d07a497,job_0c1ce7dbfe054e75ac34bf72168c722f,3796,Service Calls - Repairs & Part Installation - Service,labor,1.0,498.25,498.25
invoice_5eed3fea77ab4067a53e274b0d07a497,job_0c1ce7dbfe054e75ac34bf72168c722f,3796,Unit Specific Parts - Condenser Fan Motor,material,1.0,575.0,575.0
invoice_5eed3fea77ab4067a53e274b0d07a497,job_0c1ce7dbfe054e75ac34bf72168c722f,3796,Generic Parts / Service - R410a refrigerant,material,1.5,132.0,198.0
invoice_f7d75387d8564a0f8dfe7bb3fd11c6e0,job_fd8c0617cbe346758aba68206b59bb60,3795,Service Calls - Service & Repair Fee - Standard,labor,1.0,96.0,96.0
invoice_f7d75387d8564a0f8dfe7bb3fd11c6e0,job_fd8c0617cbe346758aba68206b59bb60,3795,Generic Parts / Service - Honeywell FocusPro 5000,material,1.0,194.0,194.0
invoice_82045ade72904d5aaa6d854f2f017743,job_25115d2e6fff44e68eb954e44a334c0b,3794,Service Calls - Service & Repair Fee - Standard,labor,1.0,96.0,96.0
invoice_ca5359e78ce34b65a89ecea8c6e2ee26,job_c5d2b6697d3142e190532dcec46d0e77,3793,Service Calls - Service & Repair Fee - Standard,labor,1.0,96.0,96.0
invoice_a6fc3ae850434368a70b3b18157ec8f0,job_cfe14837425c4a3f8f0f83d94d6e06a4,3792,Service & Repair Fee - Standard,labor,1.0,102.0,102.0
invoice_a6fc3ae850434368a70b3b18157ec8f0,job_cfe14837425c4a3f8f0f83d94d6e06a4,3792,Service Calls - Repairs & Part Installation - Service,labor,1.0,242.0,242.0
invoice_a6fc3ae850434368a70b3b18157ec8f0,job_cfe14837425c4a3f8f0f83d94d6e06a4,3792,Unit Specific Parts - Reversing Valve Solenoid,material,1.0,0.0,0.0
invoice_12b0083c61af4ef38d4bc74c7fc68adf,job_abb1ffa0e69f4f889e52da7019fcb9e9,3791,Service Calls - Tidewater Hospitality Service & Repair Fee - Standard,labor,1.0,58.0,58.0
invoice_12b0083c61af4ef38d4bc74c7fc68adf,job_abb1ffa0e69f4f889e52da7019fcb9e9,3791,Service Calls - Repairs & Part Installation - **Tier 3 Repair - Contactor Replacement,labor,1.0,179.0,179.0
invoice_cfe222745ceb4284ad826284696c7e14,job_5090ac59464a468aaa236813c1b16462,3790,Service Calls - Service & Repair Fee - Standard,labor,1.0,96.0,96.0
invoice_cfe222745ceb4284ad826284696c7e14,job_5090ac59464a468aaa236813c1b16462,3790,Service Calls - Repairs & Part Installation - **Tier 3 Repair - Contactor Replacement,labor,1.0,179.0,179.0
invoice_cfe222745ceb4284ad826284696c7e14,job_5090ac59464a468aaa236813c1b16462,3790,Service Calls - Repairs & Part Installation - **Tier 2 Repair - Replace fuse,labor,1.0,97.0,97.0
invoice_35eaf1d894ec44498d4540490d825d38,job_8ddfd81485b648da88da57291d4ae4f0,3789,Demolition Labor - Attic,labor,15.0,82.0,1230.0
invoice_35eaf1d894ec44498d4540490d825d38,job_8ddfd81485b648da88da57291d4ae4f0,3789,Duct Tidewater Hospitality / Repair - Plenum / Duct Board Replacement - Plenum Only,labor,1.0,436.0,436.0
invoice_35eaf1d894ec44498d4540490d825d38,job_8ddfd81485b648da88da57291d4ae4f0,3789,"Duct Board Replacement - 1"" for Insulated Residential",labor,20.0,159.5,3190.0
invoice_35eaf1d894ec44498d4540490d825d38,job_8ddfd81485b648da88da57291d4ae4f0,3789,Replace Supply - Flex Only,labor,17.0,315.0,5355.0
invoice_35eaf1d894ec44498d4540490d825d38,job_8ddfd81485b648da88da57291d4ae4f0,3789,Replace Supply - Flex and Boot,labor,2.0,409.0,818.0
invoice_35eaf1d894ec44498d4540490d825d38,job_8ddfd81485b648da88da57291d4ae4f0,3789,Duct Tidewater Hospitality / Repair - Replace Supply - Flex and Boot,labor,2.0,426.0,852.0
invoice_35eaf1d894ec44498d4540490d825d38,job_8ddfd81485b648da88da57291d4ae4f0,3789,Duct Tidewater Hospitality / Repair - Replace Registers,labor,32.0,29.0,928.0
invoice_35eaf1d894ec44498d4540490d825d38,job_8ddfd81485b648da88da57291d4ae4f0,3789,Dump Trailer Rental,material,2.0,513.0,1026.0
invoice_d34c6b6ca0ea4d44bbacb7205fb54d7e,job_1c208dd2b8ad41cfa8353825ebbc9846,3788,Service Calls - Service & Repair Fee - Standard,labor,1.0,96.0,96.0
invoice_d34c6b6ca0ea4d44bbacb7205fb54d7e,job_1c208dd2b8ad41cfa8353825ebbc9846,3788,System Installation,labor,1.0,1410.0,1410.0
invoice_d34c6b6ca0ea4d44bbacb7205fb54d7e,job_1c208dd2b8ad41cfa8353825ebbc9846,3788,Carrier Coastal Heat Pump - 2.5 Ton Condenser - 15 SEER,material,1.0,4991.0,4991.0
invoice_d34c6b6ca0ea4d44bbacb7205fb54d7e,job_1c208dd2b8ad41cfa8353825ebbc9846,3788,"Comfort Series Fan Coil Multipoise, ECM Motor for Puron Advance - 2.5 Ton",material,1.0,2149.75,2149.75
invoice_d34c6b6ca0ea4d44bbacb7205fb54d7e,job_1c208dd2b8ad41cfa8353825ebbc9846,3788,Electric Heater - 8kW 240 Volt-Single Phase with Terminal Block,material,1.0,226.5,226.5
invoice_d34c6b6ca0ea4d44bbacb7205fb54d7e,job_1c208dd2b8ad41cfa8353825ebbc9846,3788,Thermostat - Honeywell Home FocusPRO® 5000,material,1.0,222.0,222.0
invoice_d34c6b6ca0ea4d44bbacb7205fb54d7e,job_1c208dd2b8ad41cfa8353825ebbc9846,3788,Generic Parts / Service - Bio-Fresh Duct Cleaning,material,1.0,0.0,0.0
invoice_5978b8815071489882c308e189204fb0,job_cc3c04e467ed4ab0b75f6f865ae87701,3787,System Installation,labor,1.0,1410.0,1410.0
invoice_5978b8815071489882c308e189204fb0,job_cc3c04e467ed4ab0b75f6f865ae87701,3787,Carrier Coastal Heat Pump - 2.5 Ton Condenser - 15 SEER,material,1.0,4991.0,4991.0
invoice_5978b8815071489882c308e189204fb0,job_cc3c04e467ed4ab0b75f6f865ae87701,3787,"Comfort Series Fan Coil Multipoise, ECM Motor for Puron Advance - 2.5 Ton",material,1.0,2149.75,2149.75
invoice_5978b8815071489882c308e189204fb0,job_cc3c04e467ed4ab0b75f6f865ae87701,3787,Electric Heater - 8kW 240 Volt-Single Phase with Terminal Block,material,1.0,226.5,226.5
invoice_5978b8815071489882c308e189204fb0,job_cc3c04e467ed4ab0b75f6f865ae87701,3787,Thermostat - Honeywell Home FocusPRO® 5000,material,1.0,222.0,222.0
invoice_55ce61588e0045a1830270f1acbb2665,job_b20c5be6569a43cfbbdc65e1f3afde88,3786,System Installation,labor,1.0,1410.0,1410.0
invoice_55ce61588e0045a1830270f1acbb2665,job_b20c5be6569a43cfbbdc65e1f3afde88,3786,Trane Communicating System - 5 Ton Condenser - 18 SEER,material,1.0,10554.0,10554.0
invoice_55ce61588e0045a1830270f1acbb2665,job_b20c5be6569a43cfbbdc65e1f3afde88,3786,5 Ton - Trane Communicating Air Handler,material,1.0,3889.0,3889.0
invoice_55ce61588e0045a1830270f1acbb2665,job_b20c5be6569a43cfbbdc65e1f3afde88,3786,10 KW Heat Kit,material,1.0,295.0,295.0
invoice_55ce61588e0045a1830270f1acbb2665,job_b20c5be6569a43cfbbdc65e1f3afde88,3786,Trane TLINK 360 Hess Thermostat,material,1.0,408.0,408.0
invoice_28bda38a731d41cca813fecb390c475f,job_1c208dd2b8ad41cfa8353825ebbc9846,3785,Service Calls - Service & Repair Fee - Standard,labor,1.0,96.0,96.0
invoice_28bda38a731d41cca813fecb390c475f,job_1c208dd2b8ad41cfa8353825ebbc9846,3785,System Installation,labor,1.0,1410.0,1410.0
invoice_28bda38a731d41cca813fecb390c475f,job_1c208dd2b8ad41cfa8353825ebbc9846,3785,Carrier Coastal Heat Pump - 2.5 Ton Condenser - 15 SEER,material,1.0,4991.0,4991.0
invoice_28bda38a731d41cca813fecb390c475f,job_1c208dd2b8ad41cfa8353825ebbc9846,3785,"Comfort Series Fan Coil Multipoise, ECM Motor for Puron Advance - 2.5 Ton",material,1.0,2149.75,2149.75
invoice_28bda38a731d41cca813fecb390c475f,job_1c208dd2b8ad41cfa8353825ebbc9846,3785,Electric Heater - 8kW 240 Volt-Single Phase with Terminal Block,material,1.0,226.5,226.5
invoice_28bda38a731d41cca813fecb390c475f,job_1c208dd2b8ad41cfa8353825ebbc9846,3785,Thermostat - Honeywell Home FocusPRO® 5000,material,1.0,222.0,222.0
invoice_28bda38a731d41cca813fecb390c475f,job_1c208dd2b8ad41cfa8353825ebbc9846,3785,Generic Parts / Service - Bio-Fresh Duct Cleaning,material,1.0,0.0,0.0
invoice_4dd38d156f3b4908ac8422ee7fce49b6,job_0b9cfac86d824698919197b2e35d08cd,3784,Service Calls - Service & Repair Fee - Standard,labor,1.0,96.0,96.0
invoice_4dd38d156f3b4908ac8422ee7fce49b6,job_0b9cfac86d824698919197b2e35d08cd,3784,Service Calls - Repairs & Part Installation - Tier 1 Repair - Vacuum drain pan,labor,1.0,53.0,53.0
invoice_0e2a436917c541d39a2d30fec284bd81,job_ec4a3ccba0bc4646b4094a6dc0e3d727,3783,Service Calls - Service & Repair Fee - Standard,labor,1.0,96.0,96.0
invoice_5470f7849e254be8bd37d136d6797e3a,job_70205f8d89024e40857b087b50a9f4a3,3782,Service Calls - Service & Repair Fee - After-Hours,labor,1.0,188.0,188.0
invoice_eb662bbef44a420aa26aa1ad35f1b037,job_1867c9ff4c3b46c2a5b85107fc5388f1,3781,Service Calls - Service & Repair Fee - Standard,labor,1.0,96.0,96.0
invoice_40327be4fb044e25bcb3f3b06d9c075d,job_8fc28dc8132948f798076f456fbbfac4,3780,Service & Repair Fee - After-Hours,labor,1.0,167.0,167.0
invoice_40327be4fb044e25bcb3f3b06d9c075d,job_8fc28dc8132948f798076f456fbbfac4,3780,Service Calls - Repairs & Part Installation - Tier 2 Repair - Leak Detection Tidewater Hospitality (Bubbles / Electronic),labor,1.0,96.0,96.0
invoice_40327be4fb044e25bcb3f3b06d9c075d,job_8fc28dc8132948f798076f456fbbfac4,3780,Service Calls - Repairs & Part Installation - Service,labor,1.0,1005.0,1005.0
invoice_40327be4fb044e25bcb3f3b06d9c075d,job_8fc28dc8132948f798076f456fbbfac4,3780,Generic Parts / Service - R410a refrigerant,material,5.0,132.0,660.0
invoice_40327be4fb044e25bcb3f3b06d9c075d,job_8fc28dc8132948f798076f456fbbfac4,3780,WARRANTY Parts / Service - WARRANTY - Evaporator Coil & TXV,material,1.0,0.0,0.0
invoice_40327be4fb044e25bcb3f3b06d9c075d,job_8fc28dc8132948f798076f456fbbfac4,3780,Generic Parts / Service - Filter dryer,material,1.0,103.0,103.0
invoice_40327be4fb044e25bcb3f3b06d9c075d,job_8fc28dc8132948f798076f456fbbfac4,3780,Generic Parts / Service - R410a refrigerant,material,2.0,90.0,180.0
invoice_8d060ba151e044c1ad96c51d870c505f,job_771f391b40134ec79748f2e7d202ec60,3779,New System Installation - System Installation,labor,1.0,1164.0,1164.0
invoice_8d060ba151e044c1ad96c51d870c505f,job_771f391b40134ec79748f2e7d202ec60,3779,2.5 Ton Water Source Unit,material,1.0,6701.0,6701.0
invoice_8d060ba151e044c1ad96c51d870c505f,job_771f391b40134ec79748f2e7d202ec60,3779,Generic Parts / Service - Condensate pump,material,1.0,132.0,132.0
invoice_eab512443d2649748aa54128d1f0111a,job_c55a749f999c4e07b4ff84e79b6ea99f,3778,System Installation,labor,1.0,1410.0,1410.0
invoice_eab512443d2649748aa54128d1f0111a,job_c55a749f999c4e07b4ff84e79b6ea99f,3778,Carrier Coastal Heat Pump - 3 Ton Condenser - 15 SEER,material,1.0,5764.75,5764.75
invoice_eab512443d2649748aa54128d1f0111a,job_c55a749f999c4e07b4ff84e79b6ea99f,3778,"Comfort Series Fan Coil Multipoise, ECM Motor for Puron Advance - 3 Ton",material,1.0,2359.25,2359.25
invoice_eab512443d2649748aa54128d1f0111a,job_c55a749f999c4e07b4ff84e79b6ea99f,3778,Electric Heater - 8kW 240 Volt-Single Phase with Terminal Block,material,1.0,226.5,226.5
invoice_eab512443d2649748aa54128d1f0111a,job_c55a749f999c4e07b4ff84e79b6ea99f,3778,Thermostat - Honeywell Home FocusPRO® 5000,material,1.0,222.0,222.0
invoice_eab512443d2649748aa54128d1f0111a,job_c55a749f999c4e07b4ff84e79b6ea99f,3778,Drain package,material,1.0,274.75,274.75
invoice_eab512443d2649748aa54128d1f0111a,job_c55a749f999c4e07b4ff84e79b6ea99f,3778,Concrete Pad,material,1.0,233.0,233.0
invoice_eab512443d2649748aa54128d1f0111a,job_c55a749f999c4e07b4ff84e79b6ea99f,3778,Same day / Next day Install,material,1.0,516.0,516.0
invoice_a1b5df4526cd4c3580394bfd36eccd4a,job_1920d5ba819d48ef92a8c4e32fbac083,3777,Service Calls - Repairs & Part Installation - Service,labor,1.0,928.75,928.75
invoice_a1b5df4526cd4c3580394bfd36eccd4a,job_1920d5ba819d48ef92a8c4e32fbac083,3777,Service Calls - Service & Repair Fee - Standard,labor,1.0,96.0,96.0
invoice_a1b5df4526cd4c3580394bfd36eccd4a,job_1920d5ba819d48ef92a8c4e32fbac083,3777,Generic Parts / Service - R410a refrigerant,material,1.0,132.0,132.0
invoice_a1b5df4526cd4c3580394bfd36eccd4a,job_1920d5ba819d48ef92a8c4e32fbac083,3777,Generic Parts / Service - Filter dryer,material,1.0,103.0,103.0
invoice_a1b5df4526cd4c3580394bfd36eccd4a,job_1920d5ba819d48ef92a8c4e32fbac083,3777,WARRANTY Parts / Service - WARRANTY - Evaporator Coil,material,1.0,153.0,153.0
invoice_a1b5df4526cd4c3580394bfd36eccd4a,job_1920d5ba819d48ef92a8c4e32fbac083,3777,WARRANTY Parts / Service - WARRANTY - TXV,material,1.0,0.0,0.0
invoice_b651414661734a3bac3dc3470362a5e5,job_a92204a7498543bbbeec95e0e2688126,3776,Preventative Maintenance - Residential Preventative Maintenance,labor,1.0,92.0,92.0
invoice_b2f1a1a4feb94212954cd397a2b1482f,job_a2c4076525e74a038d1c0ee5ae31472e,3775,Service Calls - Service & Repair Fee - Standard,labor,1.0,96.0,96.0
invoice_b2f1a1a4feb94212954cd397a2b1482f,job_a2c4076525e74a038d1c0ee5ae31472e,3775,Service Calls - Repairs & Part Installation - Tier 3 Repair - Clear Drain Line,labor,1.0,165.0,165.0
invoice_fcd199ce437548ee84a964d7f4ed940f,job_f5d71676922440708306c4e52027dbb3,3774,Preventative Maintenance - Residential Preventative Maintenance,labor,2.0,92.0,184.0
invoice_c1a1b2b8b38640009f9768491a7ab597,job_46dbd4e3dacc4a12872cfb637133d7d8,3773,Service Calls - Service & Repair Fee - Standard,labor,1.0,96.0,96.0
invoice_c1a1b2b8b38640009f9768491a7ab597,job_46dbd4e3dacc4a12872cfb637133d7d8,3773,Service Calls - Repairs & Part Installation - Tier 3 Repair - Capacitor Replacement,labor,1.0,165.0,165.0
invoice_bcf83e045d2940ee936cca334e150b48,job_f89c9b68170848f28ebb60a085bd5fc0,3772,Service & Repair Fee - Standard,labor,1.0,102.0,102.0
invoice_bcf83e045d2940ee936cca334e150b48,job_f89c9b68170848f28ebb60a085bd5fc0,3772,Generic Parts / Service - Honeywell FocusPro 5000,material,1.0,194.0,194.0
invoice_b9260ffde3784a40b65bb57facf03ef4,job_6704075646d0411985eb7ba344b4e345,3771,Visit #1,labor,1.0,88.0,88.0
invoice_b5d9459b3cd8468e9d9a63fa2de4934c,job_7a8afd2f1108404abe1c0a72d89c4c74,3770,Service & Repair Fee - After-Hours,labor,1.0,167.0,167.0
invoice_b5d9459b3cd8468e9d9a63fa2de4934c,job_7a8afd2f1108404abe1c0a72d89c4c74,3770,Service Calls - Repairs & Part Installation - Tier 3 Repair - Capacitor Replacement + Burnt Wire Replacement,labor,1.0,206.0,206.0
invoice_e857f0de99e8437d821746802384de3b,job_f19a5ea5db074410a3d8f019ea2cf08c,3769,Preventative Maintenance - Residential Preventative Maintenance,labor,1.0,272.0,272.0
invoice_1a4f52fade5a4f8e8eee114fbed4ea12,job_7c026f0294e34dbf870cec38119d7c1d,3768,Service Calls - Service & Repair Fee - Standard,labor,1.0,96.0,96.0
invoice_eb33f9d5ec1349d8a2232d6bc3e7661d,job_a3d8a5ea27844ae4816493742e360ae2,3767,Preventative Maintenance - Residential Preventative Maintenance,labor,2.0,92.0,184.0
invoice_eb33f9d5ec1349d8a2232d6bc3e7661d,job_a3d8a5ea27844ae4816493742e360ae2,3767,Generic Parts / Service - Bio-Fresh Duct Cleaning,material,1.0,321.0,321.0
invoice_eb33f9d5ec1349d8a2232d6bc3e7661d,job_a3d8a5ea27844ae4816493742e360ae2,3767,Generic Parts / Service - Pull and clean,material,1.0,743.0,743.0
invoice_93206f775d6446009da4185397ffb6ed,job_e94d34705e204fd0aae8c492603103ef,3766,Service Calls - Service & Repair Fee - Standard,labor,1.0,96.0,96.0
invoice_93206f775d6446009da4185397ffb6ed,job_e94d34705e204fd0aae8c492603103ef,3766,Service Calls - Repairs & Part Installation - Tier 3 Repair - Contactor Replacement,labor,1.0,180.0,180.0
invoice_93206f775d6446009da4185397ffb6ed,job_e94d34705e204fd0aae8c492603103ef,3766,Service Calls - Repairs & Part Installation - Tier 2 Repair - Replace fuse,labor,1.0,51.0,51.0
invoice_0c50e78075c14677ba5a31481ccdbf3a,job_be2ad8ac02a947c5aea0acf80a9c4568,3765,Visit #3,labor,1.0,97.0,97.0
invoice_017cdd6e162e4c208f1eb10e8e70a175,job_cc3c04e467ed4ab0b75f6f865ae87701,3764,System Installation,labor,1.0,1410.0,1410.0
invoice_017cdd6e162e4c208f1eb10e8e70a175,job_cc3c04e467ed4ab0b75f6f865ae87701,3764,Carrier Coastal Heat Pump - 2.5 Ton Condenser - 15 SEER,material,1.0,4991.0,4991.0
invoice_017cdd6e162e4c208f1eb10e8e70a175,job_cc3c04e467ed4ab0b75f6f865ae87701,3764,"Comfort Series Fan Coil Multipoise, ECM Motor for Puron Advance - 2.5 Ton",material,1.0,2149.75,2149.75
invoice_017cdd6e162e4c208f1eb10e8e70a175,job_cc3c04e467ed4ab0b75f6f865ae87701,3764,Electric Heater - 8kW 240 Volt-Single Phase with Terminal Block,material,1.0,226.5,226.5
invoice_017cdd6e162e4c208f1eb10e8e70a175,job_cc3c04e467ed4ab0b75f6f865ae87701,3764,Thermostat - Honeywell Home FocusPRO® 5000,material,1.0,222.0,222.0
invoice_8cbe47a8fad642b2b28a87b0efab02a6,job_a41d6dd8b1394be1a6e2f5a8ad73c195,3763,Preventative Maintenance - Residential Preventative Maintenance,labor,1.0,92.0,92.0
invoice_4842cd5c4f5f4428827b3dc794ac599b,job_f9e8f303e7034c1f922c5af9b2a84663,3762,Service Calls - Service & Repair Fee - Standard,labor,1.0,96.0,96.0
invoice_4842cd5c4f5f4428827b3dc794ac599b,job_f9e8f303e7034c1f922c5af9b2a84663,3762,Service Calls - Repairs & Part Installation - Tier 1 Repair - Low Voltage Wire Adjustment,labor,1.0,24.0,24.0
invoice_6792612532934bcf8a59f0ed8c8d01ec,job_084066b36a824ad88a90a0b1b10e5288,3761,Preventative Maintenance - Residential Preventative Maintenance,labor,1.0,272.0,272.0
invoice_0b3f9772989f467989451dfffa527af3,job_74a5740acfa947b389c86db9770f594c,3760,Visit #3,labor,1.0,250.0,250.0
invoice_0b3f9772989f467989451dfffa527af3,job_74a5740acfa947b389c86db9770f594c,3760,Generic Parts / Service - R410a refrigerant,material,1.0,132.0,132.0
invoice_e632404f72f0450a954e471ec0459fb8,job_c55a749f999c4e07b4ff84e79b6ea99f,3759,System Installation,labor,1.0,1410.0,1410.0
invoice_e632404f72f0450a954e471ec0459fb8,job_c55a749f999c4e07b4ff84e79b6ea99f,3759,Carrier Coastal Heat Pump - 3 Ton Condenser - 15 SEER,material,1.0,5764.75,5764.75
invoice_e632404f72f0450a954e471ec0459fb8,job_c55a749f999c4e07b4ff84e79b6ea99f,3759,"Comfort Series Fan Coil Multipoise, ECM Motor for Puron Advance - 3 Ton",material,1.0,2359.25,2359.25
invoice_e632404f72f0450a954e471ec0459fb8,job_c55a749f999c4e07b4ff84e79b6ea99f,3759,Electric Heater - 8kW 240 Volt-Single Phase with Terminal Block,material,1.0,226.5,226.5
invoice_e632404f72f0450a954e471ec0459fb8,job_c55a749f999c4e07b4ff84e79b6ea99f,3759,Thermostat - Honeywell Home FocusPRO® 5000,material,1.0,222.0,222.0
invoice_e632404f72f0450a954e471ec0459fb8,job_c55a749f999c4e07b4ff84e79b6ea99f,3759,Drain package,material,1.0,274.75,274.75
invoice_e632404f72f0450a954e471ec0459fb8,job_c55a749f999c4e07b4ff84e79b6ea99f,3759,Concrete Pad,material,1.0,233.0,233.0
invoice_e632404f72f0450a954e471ec0459fb8,job_c55a749f999c4e07b4ff84e79b6ea99f,3759,Same day / Next day Install,material,1.0,516.0,516.0
invoice_6faacfbf3d4a4233975c7c2d32950795,job_ca07bf4c01b94941b59d3e28f325f99a,3758,Service & Repair Fee - Standard,labor,1.0,102.0,102.0
invoice_6faacfbf3d4a4233975c7c2d32950795,job_ca07bf4c01b94941b59d3e28f325f99a,3758,New System Installation - System Installation,labor,1.0,1584.0,1584.0
invoice_6faacfbf3d4a4233975c7c2d32950795,job_ca07bf4c01b94941b59d3e28f325f99a,3758,3 Ton - Carrier Coastal Heat Pump - 3 Ton Condenser - 15 SEER,material,1.0,6350.5,6350.5
invoice_6faacfbf3d4a4233975c7c2d32950795,job_ca07bf4c01b94941b59d3e28f325f99a,3758,"3 Ton - Comfort Series Fan Coil Multipoise, ECM Motor for Puron Advance - 3 Ton",material,1.0,2316.75,2316.75
invoice_6faacfbf3d4a4233975c7c2d32950795,job_ca07bf4c01b94941b59d3e28f325f99a,3758,8 kW - Electric Heater - 8kW 240 Volt-Single Phase with Terminal Block,material,1.0,212.25,212.25
invoice_6faacfbf3d4a4233975c7c2d32950795,job_ca07bf4c01b94941b59d3e28f325f99a,3758,Add Ons - Attic Install,material,1.0,515.0,515.0
invoice_6faacfbf3d4a4233975c7c2d32950795,job_ca07bf4c01b94941b59d3e28f325f99a,3758,Add Ons - Drain Pan,material,1.0,332.0,332.0
invoice_6faacfbf3d4a4233975c7c2d32950795,job_ca07bf4c01b94941b59d3e28f325f99a,3758,Generic Parts / Service - Honeywell FocusPro 5000,material,1.0,0.0,0.0
invoice_a115fe9a686747bcb9761800d9dcc541,job_b20c5be6569a43cfbbdc65e1f3afde88,3757,System Installation,labor,1.0,1410.0,1410.0
invoice_a115fe9a686747bcb9761800d9dcc541,job_b20c5be6569a43cfbbdc65e1f3afde88,3757,Trane Communicating System - 5 Ton Condenser - 18 SEER,material,1.0,10554.0,10554.0
invoice_a115fe9a686747bcb9761800d9dcc541,job_b20c5be6569a43cfbbdc65e1f3afde88,3757,5 Ton - Trane Communicating Air Handler,material,1.0,3889.0,3889.0
invoice_a115fe9a686747bcb9761800d9dcc541,job_b20c5be6569a43cfbbdc65e1f3afde88,3757,10 KW Heat Kit,material,1.0,295.0,295.0
invoice_a115fe9a686747bcb9761800d9dcc541,job_b20c5be6569a43cfbbdc65e1f3afde88,3757,Trane TLINK 360 Hess Thermostat,material,1.0,408.0,408.0
invoice_f1202db0ea704dfc8e086d84bf2925b2,job_be6da859cf504e61a2033a0d56baabfa,3756,Service & Repair Fee - After-Hours,labor,1.0,167.0,167.0
invoice_f1202db0ea704dfc8e086d84bf2925b2,job_be6da859cf504e61a2033a0d56baabfa,3756,Service Calls - Repairs & Part Installation - Tier 3 Repair - Capacitor Replacement,labor,1.0,165.0,165.0
invoice_c10016ce22d349d9a5393497a6947b06,job_333c7e2628ce49ddafc8e4f74bea21fb,3755,Service & Repair Fee - After-Hours,labor,1.0,167.0,167.0
invoice_c10016ce22d349d9a5393497a6947b06,job_333c7e2628ce49ddafc8e4f74bea21fb,3755,Service Calls - Repairs & Part Installation - Tier 2 Repair - Replace fuse,labor,1.0,97.0,97.0
invoice_3dcdc4527d724b6d98a94d27dba0a0c2,job_1e5f8134fca84e5fbec2d15fe93db350,3754,Service & Repair Fee - Standard,labor,1.0,102.0,102.0
invoice_4df8c291476048a0afa64af16a17d7f2,job_a58baa7a7258481d9f572776d7da9fc0,3753,Service & Repair Fee - Standard,labor,1.0,102.0,102.0
invoice_4df8c291476048a0afa64af16a17d7f2,job_a58baa7a7258481d9f572776d7da9fc0,3753,Service Calls - Repairs & Part Installation - Tier 1 Repair - Re-Wire Board,labor,1.0,24.0,24.0
invoice_f54e01a347a64645ad7540b93a25a82e,job_69f4a16ee4624a5caffe4abdc8c1b40a,3752,Service Calls - Service & Repair Fee - Standard,labor,1.0,96.0,96.0
invoice_20940877f96c41838daf447d40bbb9d5,job_3778ea1790ba42739e289ed18c3ca13c,3751,Service Calls - Service & Repair Fee - Standard,labor,1.0,96.0,96.0
invoice_20940877f96c41838daf447d40bbb9d5,job_3778ea1790ba42739e289ed18c3ca13c,3751,Service Calls - Repairs & Part Installation - Tier 3 Repair - Clear Drain Line,labor,1.0,165.0,165.0
invoice_0240d9ab608c4029b4d32b2b99ce645b,job_ca18eebe46d04a628bf54d5ba324ae65,3750,Service & Repair Fee - After-Hours,labor,1.0,167.0,167.0
invoice_0240d9ab608c4029b4d32b2b99ce645b,job_ca18eebe46d04a628bf54d5ba324ae65,3750,Service Calls - Repairs & Part Installation - Tier 3 Repair - Clear Drain Line,labor,1.0,165.0,165.0
invoice_621250d3463c452a940143158dc09795,job_a2365e340a0548a59a7dc39d749058c3,3749,Service Calls - Repairs & Part Installation - Tier 2 Repair - Coil clean in place,labor,1.0,94.0,94.0
invoice_5ea3504487a74e6f9c19b9172cc41dcf,job_45594fa5214d4008ae108fea6aa4b469,3748,System Installation,labor,1.0,1410.0,1410.0
invoice_5ea3504487a74e6f9c19b9172cc41dcf,job_45594fa5214d4008ae108fea6aa4b469,3748,Service Calls - Service & Repair Fee - Standard,labor,1.0,96.0,96.0
invoice_5ea3504487a74e6f9c19b9172cc41dcf,job_45594fa5214d4008ae108fea6aa4b469,3748,Carrier Coastal Heat Pump - 2 Ton Condenser - 15 SEER,material,1.0,4938.0,4938.0
invoice_5ea3504487a74e6f9c19b9172cc41dcf,job_45594fa5214d4008ae108fea6aa4b469,3748,Electric Heater - 5kW 240 Volt-Single Phase with Terminal Block,material,1.0,233.75,233.75
invoice_5ea3504487a74e6f9c19b9172cc41dcf,job_45594fa5214d4008ae108fea6aa4b469,3748,Thermostat - Honeywell Home FocusPRO® 5000,material,1.0,222.0,222.0
invoice_5ea3504487a74e6f9c19b9172cc41dcf,job_45594fa5214d4008ae108fea6aa4b469,3748,Comfort Multi-family High-Efficiency Fan Coil - Front Return - 2 Ton,material,1.0,1814.75,1814.75
invoice_11540fa6cd1549a09865bcb7db60b815,job_ad0dc51c812940a8a6e6bb7c9631fdc5,3747,Service Calls - Service & Repair Fee - After-Hours,labor,1.0,188.0,188.0
invoice_11540fa6cd1549a09865bcb7db60b815,job_ad0dc51c812940a8a6e6bb7c9631fdc5,3747,Service Calls - Repairs & Part Installation - Tier 3 Repair - Contactor Replacement,labor,1.0,180.0,180.0
invoice_6ee29495d36441a39426df3bd5fb33ae,job_078360af02524abb8069920d997d07c6,3745,Service Calls - Service & Repair Fee - After-Hours,labor,1.0,188.0,188.0
invoice_6ee29495d36441a39426df3bd5fb33ae,job_078360af02524abb8069920d997d07c6,3745,System Installation,labor,2.0,1410.0,2820.0
invoice_6ee29495d36441a39426df3bd5fb33ae,job_078360af02524abb8069920d997d07c6,3745,Carrier Coastal Heat Pump - 2 Ton Condenser - 15 SEER,material,2.0,4938.0,9876.0
invoice_6ee29495d36441a39426df3bd5fb33ae,job_078360af02524abb8069920d997d07c6,3745,"Comfort Series Fan Coil Multipoise, ECM Motor for Puron Advance - 2 Ton",material,2.0,2050.75,4101.5
invoice_6ee29495d36441a39426df3bd5fb33ae,job_078360af02524abb8069920d997d07c6,3745,Electric Heater - 5kW 240 Volt-Single Phase with Terminal Block,material,2.0,233.75,467.5
invoice_6ee29495d36441a39426df3bd5fb33ae,job_078360af02524abb8069920d997d07c6,3745,Thermostat - Honeywell Home FocusPRO® 5000,material,2.0,222.0,444.0
invoice_6ee29495d36441a39426df3bd5fb33ae,job_078360af02524abb8069920d997d07c6,3745,Weekend Install Fee!,material,1.0,472.0,472.0
invoice_b9c5a09c0051454a998db8190874211f,job_68c27aea6ea34ff0a588abd3b6c70471,3743,Service Calls - Service & Repair Fee - Standard,labor,1.0,96.0,96.0
invoice_b9c5a09c0051454a998db8190874211f,job_68c27aea6ea34ff0a588abd3b6c70471,3743,Service Calls - Repairs & Part Installation - Tier 3 Repair - Contactor Replacement,labor,1.0,180.0,180.0
invoice_e38c14f763344c0f9dd0bdf047310cbe,job_61bf3784226948bdbf9bf5b0f24e918f,3742,Visit #3,labor,1.0,185.0,185.0
invoice_5b3609b8280448e09d70506aeee7f2d8,job_61bf3784226948bdbf9bf5b0f24e918f,3741,Visit #3,labor,1.0,185.0,185.0
invoice_28d17d7d322b44f3a6823787f5063c3b,job_771f391b40134ec79748f2e7d202ec60,3740,New System Installation - System Installation,labor,1.0,1164.0,1164.0
invoice_28d17d7d322b44f3a6823787f5063c3b,job_771f391b40134ec79748f2e7d202ec60,3740,2.5 Ton Water Source Unit,material,1.0,6701.0,6701.0
invoice_e892d8c009d940f58f609688a4485c78,job_2ccc5a9f27434d2bbde725e4a0a51109,3739,Service & Repair Fee - Standard,labor,1.0,102.0,102.0
invoice_93674befcd444e6aa36356d1fbca0ac5,job_80416c6a99864415854e3c84546aea21,3738,Service Calls - Service & Repair Fee - Standard,labor,1.0,96.0,96.0
invoice_a074ca4ae3ea455a8aeec41caf6eb90d,job_629e0ba457ac4e5381d604908f49b390,3737,Visit #2,labor,1.0,142.0,142.0
invoice_608388d85eee4fbfa149bdd7b6948cc8,job_26e7e91c600641e29270538279c6dca0,3736,Visit #1,labor,1.0,239.0,239.0
invoice_97c3d229d8f746a69013864a0036a81a,job_0e4ff3da1bb94be8a7ef4a55399f7e05,3735,Service Calls - Repairs & Part Installation - Tier 3 Repair - Capacitor Replacement,labor,1.0,165.0,165.0
invoice_97c3d229d8f746a69013864a0036a81a,job_0e4ff3da1bb94be8a7ef4a55399f7e05,3735,Visit #1,labor,1.0,218.0,218.0
invoice_4d24e1a73a194326ba9a6b11e89a6ba8,job_45594fa5214d4008ae108fea6aa4b469,3734,System Installation,labor,1.0,1410.0,1410.0
invoice_4d24e1a73a194326ba9a6b11e89a6ba8,job_45594fa5214d4008ae108fea6aa4b469,3734,Carrier Coastal Heat Pump - 2 Ton Condenser - 15 SEER,material,1.0,4938.0,4938.0
invoice_4d24e1a73a194326ba9a6b11e89a6ba8,job_45594fa5214d4008ae108fea6aa4b469,3734,Electric Heater - 5kW 240 Volt-Single Phase with Terminal Block,material,1.0,233.75,233.75
invoice_4d24e1a73a194326ba9a6b11e89a6ba8,job_45594fa5214d4008ae108fea6aa4b469,3734,Thermostat - Honeywell Home FocusPRO® 5000,material,1.0,222.0,222.0
invoice_4d24e1a73a194326ba9a6b11e89a6ba8,job_45594fa5214d4008ae108fea6aa4b469,3734,Comfort Multi-family High-Efficiency Fan Coil - Front Return - 2 Ton,material,1.0,1814.75,1814.75
invoice_1dba5063a06641d6b0c99ff26af4244b,job_ee11a810dcf24c3aaa45684b981558fe,3731,Preventative Maintenance - Residential Preventative Maintenance,labor,1.0,272.0,272.0
invoice_97df369a74084c84a0e1310dbcfbd874,job_036fa7ec3b4f4495aad5fdeb21bee47f,3728,Service Calls - Service & Repair Fee - Standard,labor,1.0,96.0,96.0
invoice_97df369a74084c84a0e1310dbcfbd874,job_036fa7ec3b4f4495aad5fdeb21bee47f,3728,Service Calls - Repairs & Part Installation - Tier 1 Repair - Patching,labor,1.0,76.0,76.0
invoice_3888df3c0611493ebf933ffb1cf881f5,job_036fa7ec3b4f4495aad5fdeb21bee47f,3727,Service Calls - Service & Repair Fee - Standard,labor,1.0,96.0,96.0
invoice_3888df3c0611493ebf933ffb1cf881f5,job_036fa7ec3b4f4495aad5fdeb21bee47f,3727,Service Calls - Repairs & Part Installation - Tier 1 Repair - Patching,labor,1.0,76.0,76.0
invoice_d2b069c79a324bc0bfa40f53ee42082c,job_46e25623c3d54d5dbb568c3c4e7dfa96,3726,Service Calls - Service & Repair Fee - Standard,labor,1.0,96.0,96.0
invoice_d2b069c79a324bc0bfa40f53ee42082c,job_46e25623c3d54d5dbb568c3c4e7dfa96,3726,Service Calls - Repairs & Part Installation - Service,labor,1.0,498.25,498.25
invoice_d2b069c79a324bc0bfa40f53ee42082c,job_46e25623c3d54d5dbb568c3c4e7dfa96,3726,WARRANTY Parts / Service - WARRANTY - Indoor Blower Motor,material,1.0,0.0,0.0
invoice_63075fe5dd2940ae85b8227d951ed884,job_917e6779b0fa4f158b6841797f435aeb,3724,Service Calls - Repairs & Part Installation - Service,labor,1.0,498.25,498.25
invoice_63075fe5dd2940ae85b8227d951ed884,job_917e6779b0fa4f158b6841797f435aeb,3724,WARRANTY Parts / Service - WARRANTY - Indoor Blower Motor,material,1.0,0.0,0.0
invoice_c72e159acaca4b7097f0c0f277632400,job_f754d13ece8c4528bd9b56b6bb84874a,3723,System Installation,labor,1.0,1410.0,1410.0
invoice_c72e159acaca4b7097f0c0f277632400,job_f754d13ece8c4528bd9b56b6bb84874a,3723,Trane Coastal Heat Pump - 2.5 Ton Condenser - 15 SEER,material,1.0,5471.5,5471.5
invoice_c72e159acaca4b7097f0c0f277632400,job_f754d13ece8c4528bd9b56b6bb84874a,3723,Trane Variable Speed Air Handler - 2.5 Ton,material,1.0,2191.5,2191.5
invoice_c72e159acaca4b7097f0c0f277632400,job_f754d13ece8c4528bd9b56b6bb84874a,3723,Electric Heater - 8kW 240 Volt-Single Phase with Terminal Block,material,1.0,226.5,226.5
invoice_c72e159acaca4b7097f0c0f277632400,job_f754d13ece8c4528bd9b56b6bb84874a,3723,Generic Parts / Service - Bio-Fresh Duct Cleaning (FREE w/ OFF-SEASON PROMOTION),material,1.0,0.0,0.0
invoice_5a42f42c382e4012adc702e7133fd92e,job_01412fdb31b24135a21343089c72ac2d,3722,Visit #1,labor,1.0,188.0,188.0
invoice_1d35bffba6214bc5aee5ee788e7c4f6b,job_f9176d4063f94694a5225bebd84c1c9d,3721,Visit #1,labor,1.0,88.0,88.0
invoice_7cead097cb534ebaab07d0345f128da1,job_b3b936cf723345f59050f0d4f250f153,3719,Preventative Maintenance - Residential Preventative Maintenance,labor,1.0,92.0,92.0
invoice_fa3261f740f3465a81e1e4512396ac05,job_00affc93790b40d0a828e7a42719cb20,3718,Service Calls - Service & Repair Fee - Standard,labor,1.0,96.0,96.0
invoice_fa3261f740f3465a81e1e4512396ac05,job_00affc93790b40d0a828e7a42719cb20,3718,Service Calls - Repairs & Part Installation - Tier 3 Repair - Capacitor Replacement,labor,1.0,165.0,165.0
invoice_c563823969f445bda856dc82cd371855,job_dd4866dec6f44342b2f25bf506e4e9ff,3717,System Installation,labor,2.0,1410.0,2820.0
invoice_c563823969f445bda856dc82cd371855,job_dd4866dec6f44342b2f25bf506e4e9ff,3717,Carrier Coastal Heat Pump - 2.5 Ton Condenser - 15 SEER,material,1.0,4991.0,4991.0
invoice_c563823969f445bda856dc82cd371855,job_dd4866dec6f44342b2f25bf506e4e9ff,3717,"Comfort Series Fan Coil Multipoise, ECM Motor for Puron Advance - 2.5 Ton",material,1.0,2149.75,2149.75
invoice_c563823969f445bda856dc82cd371855,job_dd4866dec6f44342b2f25bf506e4e9ff,3717,1.5 Ton - Carrier Coastal Heat Pump - 1.5 Ton Condenser - 15 SEER,material,1.0,5036.0,5036.0
invoice_c563823969f445bda856dc82cd371855,job_dd4866dec6f44342b2f25bf506e4e9ff,3717,"1.5 Ton - Comfort Series Fan Coil Multipoise, ECM Motor for Puron Advance - 1.5 Ton",material,1.0,2084.75,2084.75
invoice_c563823969f445bda856dc82cd371855,job_dd4866dec6f44342b2f25bf506e4e9ff,3717,Electric Heater - 8kW 240 Volt-Single Phase with Terminal Block,material,2.0,226.5,453.0
invoice_c563823969f445bda856dc82cd371855,job_dd4866dec6f44342b2f25bf506e4e9ff,3717,Thermostat - Honeywell Home FocusPRO® 5000,material,2.0,222.0,444.0
invoice_c563823969f445bda856dc82cd371855,job_dd4866dec6f44342b2f25bf506e4e9ff,3717,FREE WITH INSTALL - Bio-Fresh Duct Cleaning,material,2.0,0.0,0.0
invoice_c563823969f445bda856dc82cd371855,job_dd4866dec6f44342b2f25bf506e4e9ff,3717,Generic Parts / Service - Reme Halo Zero,material,3.0,969.0,2907.0
invoice_c563823969f445bda856dc82cd371855,job_dd4866dec6f44342b2f25bf506e4e9ff,3717,Add Ons - Blu QR UV Stick Horton,material,3.0,212.0,636.0
invoice_c563823969f445bda856dc82cd371855,job_dd4866dec6f44342b2f25bf506e4e9ff,3717,Generic Parts / Service - Low Voltage Breaker,material,1.0,53.0,53.0
invoice_41cac93179da4a43bdd63b20e064a9a4,job_036fa7ec3b4f4495aad5fdeb21bee47f,3716,Service Calls - Service & Repair Fee - Standard,labor,1.0,96.0,96.0
invoice_483d2559a4f043eb9c36ee5ff6816b4d,job_946b8b451c1f41c1a6107fa3b6c83c1f,3713,New Construction - New Construction,labor,120.0,5.0,600.0
invoice_483d2559a4f043eb9c36ee5ff6816b4d,job_946b8b451c1f41c1a6107fa3b6c83c1f,3713,Carrier Heat Pump - 1.5 Ton Condenser - 15 SEER,material,1.0,3673.75,3673.75
invoice_483d2559a4f043eb9c36ee5ff6816b4d,job_946b8b451c1f41c1a6107fa3b6c83c1f,3713,"Comfort Series Fan Coil Multipoise, ECM Motor for Puron Advance - 1.5 Ton",material,1.0,2110.75,2110.75
invoice_483d2559a4f043eb9c36ee5ff6816b4d,job_946b8b451c1f41c1a6107fa3b6c83c1f,3713,4 Ton - Carrier Heat Pump - 4 Ton Condenser - 15 SEER,material,1.0,5763.5,5763.5
invoice_483d2559a4f043eb9c36ee5ff6816b4d,job_946b8b451c1f41c1a6107fa3b6c83c1f,3713,"4 Ton - Comfort Series Fan Coil Multipoise, ECM Motor for Puron Advance, 15kw Heat Kit - 4 Ton",material,1.0,3341.0,3341.0
invoice_483d2559a4f043eb9c36ee5ff6816b4d,job_946b8b451c1f41c1a6107fa3b6c83c1f,3713,5 KW HEATER 230-1 FJ4 1.5T,material,2.0,267.5,535.0
invoice_483d2559a4f043eb9c36ee5ff6816b4d,job_946b8b451c1f41c1a6107fa3b6c83c1f,3713,Rough-In & Trim-Out,material,2.0,2406.0,4812.0
invoice_a832527810e94afb812ba80e72dc981b,job_bf4c4aa316174becac932f049614d259,3712,Replace Supply - Flex Only,labor,5.0,381.0,1905.0
invoice_d11a3a8cbca04d35bbfc54fbbab9ab4b,job_a8edd70d8b7c48928bce658029e854f1,3711,Preventative Maintenance - Residential Preventative Maintenance,labor,1.0,92.0,92.0
invoice_d11a3a8cbca04d35bbfc54fbbab9ab4b,job_a8edd70d8b7c48928bce658029e854f1,3711,Generic Parts / Service - Safety Switch,material,1.0,73.0,73.0
invoice_f54fe4a027b14857b415b5e8667d5bf1,job_dd4866dec6f44342b2f25bf506e4e9ff,3695,System Installation,labor,2.0,1410.0,2820.0
invoice_f54fe4a027b14857b415b5e8667d5bf1,job_dd4866dec6f44342b2f25bf506e4e9ff,3695,Carrier Coastal Heat Pump - 2.5 Ton Condenser - 15 SEER,material,1.0,4991.0,4991.0
invoice_f54fe4a027b14857b415b5e8667d5bf1,job_dd4866dec6f44342b2f25bf506e4e9ff,3695,"Comfort Series Fan Coil Multipoise, ECM Motor for Puron Advance - 2.5 Ton",material,1.0,2149.75,2149.75
invoice_f54fe4a027b14857b415b5e8667d5bf1,job_dd4866dec6f44342b2f25bf506e4e9ff,3695,1.5 Ton - Carrier Coastal Heat Pump - 1.5 Ton Condenser - 15 SEER,material,1.0,5036.0,5036.0
invoice_f54fe4a027b14857b415b5e8667d5bf1,job_dd4866dec6f44342b2f25bf506e4e9ff,3695,"1.5 Ton - Comfort Series Fan Coil Multipoise, ECM Motor for Puron Advance - 1.5 Ton",material,1.0,2084.75,2084.75
invoice_f54fe4a027b14857b415b5e8667d5bf1,job_dd4866dec6f44342b2f25bf506e4e9ff,3695,Electric Heater - 8kW 240 Volt-Single Phase with Terminal Block,material,2.0,226.5,453.0
invoice_f54fe4a027b14857b415b5e8667d5bf1,job_dd4866dec6f44342b2f25bf506e4e9ff,3695,Thermostat - Honeywell Home FocusPRO® 5000,material,2.0,222.0,444.0
invoice_f54fe4a027b14857b415b5e8667d5bf1,job_dd4866dec6f44342b2f25bf506e4e9ff,3695,FREE WITH INSTALL - Bio-Fresh Duct Cleaning,material,2.0,0.0,0.0
invoice_d13853da52da490a8836f43844827d0a,job_d82281bcbca747b4bc1819167b6b1aae,3611,New Construction - New Construction,labor,80.0,0.25,20.0
invoice_d13853da52da490a8836f43844827d0a,job_d82281bcbca747b4bc1819167b6b1aae,3611,"RETAIL SIDE - 1.5"" Duct Board",material,15.0,116.0,1740.0
invoice_d13853da52da490a8836f43844827d0a,job_d82281bcbca747b4bc1819167b6b1aae,3611,RETAIL SIDE - Supplies with Flex,material,7.0,193.0,1351.0
invoice_d13853da52da490a8836f43844827d0a,job_d82281bcbca747b4bc1819167b6b1aae,3611,"STUDIO SIDE - 1.5"" Duct Board",material,14.0,118.0,1652.0
invoice_d13853da52da490a8836f43844827d0a,job_d82281bcbca747b4bc1819167b6b1aae,3611,STUDIO SIDE - Supplies with Flex,material,3.0,203.0,609.0
invoice_d13853da52da490a8836f43844827d0a,job_d82281bcbca747b4bc1819167b6b1aae,3611,STUDIO SIDE - Sidewall Grills,material,9.0,106.0,954.0
invoice_d13853da52da490a8836f43844827d0a,job_d82281bcbca747b4bc1819167b6b1aae,3611,"RETURN AIR - 1.5"" Duct Board",material,16.0,117.0,1872.0
invoice_d13853da52da490a8836f43844827d0a,job_d82281bcbca747b4bc1819167b6b1aae,3611,RETURN AIR - Return Boxes,material,4.0,188.0,752.0
invoice_d13853da52da490a8836f43844827d0a,job_d82281bcbca747b4bc1819167b6b1aae,3611,Upgraded Diffusers,material,8.0,122.0,976.0
invoice_d13853da52da490a8836f43844827d0a,job_d82281bcbca747b4bc1819167b6b1aae,3611,Upgraded Main Return Grill,material,1.0,374.0,374.0
invoice_d13853da52da490a8836f43844827d0a,job_d82281bcbca747b4bc1819167b6b1aae,3611,Upgraded Passive Returns,material,3.0,360.0,1080.0
invoice_d13853da52da490a8836f43844827d0a,job_d82281bcbca747b4bc1819167b6b1aae,3611,Scissor Lift Rental,material,1.0,363.0,363.0
invoice_934ebcd8db6447d090f9ed98b99c4991,job_11d5abda001c4e30b4a70029e7d87b1a,3422,New Construction - New Construction,labor,160.0,58.0,9280.0
invoice_934ebcd8db6447d090f9ed98b99c4991,job_11d5abda001c4e30b4a70029e7d87b1a,3422,New Construction - Rough-In & Trim-Out,material,2.0,5843.0,11686.0
invoice_934ebcd8db6447d090f9ed98b99c4991,job_11d5abda001c4e30b4a70029e7d87b1a,3422,Carrier Coastal Heat Pump - 2 Ton Condenser - 18 SEER,material,2.0,7336.0,14672.0
invoice_934ebcd8db6447d090f9ed98b99c4991,job_11d5abda001c4e30b4a70029e7d87b1a,3422,2 Ton Residential Fan Coil Multipoise with InteliSense Technology,material,2.0,2758.0,5516.0
invoice_934ebcd8db6447d090f9ed98b99c4991,job_11d5abda001c4e30b4a70029e7d87b1a,3422,10 KW Heat Kit,material,2.0,295.0,590.0
invoice_934ebcd8db6447d090f9ed98b99c4991,job_11d5abda001c4e30b4a70029e7d87b1a,3422,Ecobee 6 Thermostat,material,2.0,428.0,856.0
invoice_7b47e6b39f764637a354366db2288e33,job_6c67fe2348914893bb56e5752dba0c74,171,1/2 Hp Multi-Speed Blower Motor 115v,labor,1.0,642.0,642.0
